Fecha,CCAA,CNMC_Biodiesel_Tm,GasoleoA_Tm,DieselPool_Tm,Biodiesel_GasoleoA_Ratio,Biodiesel_DieselPool_Share
2023-01,Andalucía,0.0,246092.0,374908.0,0.0,0.0
2023-01,Aragón,0.0,57680.0,89719.0,0.0,0.0
2023-01,"Asturias, Principado de",0.0,28805.0,42995.0,0.0,0.0
2023-01,"Balears, Illes",0.0,19729.0,45192.0,0.0,0.0
2023-01,Canarias,0.0,49936.0,183717.0,0.0,0.0
2023-01,Cantabria,0.0,20423.0,25304.0,0.0,0.0
2023-01,Castilla - La Mancha,0.0,92295.0,151140.0,0.0,0.0
2023-01,Castilla y León,0.0,114070.0,172177.0,0.0,0.0
2023-01,Cataluña,85.0,272954.0,368441.0,0.00031140778299640234,0.00023070179485996402
2023-01,Ceuta,0.0,1009.0,6794.0,0.0,0.0
2023-01,Comunitat Valenciana,52.0,144586.0,185307.0,0.0003596475454055026,0.00028061541118252413
2023-01,ESPAÑA,167.0,1569235.0,2318637.0,0.00010642128170732873,7.202507335128353e-05
2023-01,Extremadura,0.0,47073.0,58134.0,0.0,0.0
2023-01,Galicia,0.0,94526.0,145857.0,0.0,0.0
2023-01,"Madrid, Comunidad de",26.0,135631.0,173564.0,0.0001916965885380186,0.00014980064990435804
2023-01,Melilla,0.0,1042.0,1042.0,0.0,0.0
2023-01,"Murcia, Región de",0.0,65694.0,79291.0,0.0,0.0
2023-01,"Navarra, Comunidad Foral de",0.0,47704.0,56486.0,0.0,0.0
2023-01,País Vasco,4.0,119752.0,143178.0,3.340236488743403e-05,2.79372529299194e-05
2023-01,"Rioja, La",0.0,10234.0,15391.0,0.0,0.0
2023-02,Andalucía,0.0,261675.0,371574.0,0.0,0.0
2023-02,Aragón,0.0,63296.0,103138.0,0.0,0.0
2023-02,"Asturias, Principado de",0.0,31707.0,47368.0,0.0,0.0
2023-02,"Balears, Illes",0.0,23260.0,43808.0,0.0,0.0
2023-02,Canarias,0.0,50882.0,217562.0,0.0,0.0
2023-02,Cantabria,0.0,22830.0,29381.0,0.0,0.0
2023-02,Castilla - La Mancha,0.0,97967.0,167478.0,0.0,0.0
2023-02,Castilla y León,0.0,126882.0,211041.0,0.0,0.0
2023-02,Cataluña,82.0,320105.0,426088.0,0.0002561659455491167,0.00019244850828936745
2023-02,Ceuta,0.0,975.0,6938.0,0.0,0.0
2023-02,Comunitat Valenciana,50.0,155581.0,210002.0,0.00032137600349657093,0.0002380929705431377
2023-02,ESPAÑA,162.0,1710109.0,2574059.0,9.473080370900334e-05,6.293562035679835e-05
2023-02,Extremadura,0.0,48148.0,63287.0,0.0,0.0
2023-02,Galicia,0.0,100826.0,163712.0,0.0,0.0
2023-02,"Madrid, Comunidad de",26.0,143849.0,185809.0,0.0001807450868619177,0.00013992863639543832
2023-02,Melilla,0.0,1050.0,1050.0,0.0,0.0
2023-02,"Murcia, Región de",0.0,72698.0,87779.0,0.0,0.0
2023-02,"Navarra, Comunidad Foral de",0.0,50361.0,62342.0,0.0,0.0
2023-02,País Vasco,4.0,125814.0,155954.0,3.179296421701877e-05,2.564858868640753e-05
2023-02,"Rioja, La",0.0,12203.0,19748.0,0.0,0.0
2023-03,Andalucía,0.0,302382.0,437949.0,0.0,0.0
2023-03,Aragón,28.0,69624.0,101054.0,0.0004021601746524187,0.0002770795812140044
2023-03,"Asturias, Principado de",0.0,35776.0,50534.0,0.0,0.0
2023-03,"Balears, Illes",0.0,27515.0,51007.0,0.0,0.0
2023-03,Canarias,0.0,59954.0,235764.0,0.0,0.0
2023-03,Cantabria,0.0,25866.0,32230.0,0.0,0.0
2023-03,Castilla - La Mancha,0.0,109586.0,159030.0,0.0,0.0
2023-03,Castilla y León,0.0,142701.0,214008.0,0.0,0.0
2023-03,Cataluña,119.0,310829.0,395484.0,0.0003828471603357473,0.00030089712858168724
2023-03,Ceuta,0.0,1130.0,10429.0,0.0,0.0
2023-03,Comunitat Valenciana,25.0,176509.0,221806.0,0.00014163583726608842,0.00011271110790510626
2023-03,ESPAÑA,205.0,1898666.0,2705321.0,0.00010797054352898298,7.577658991299e-05
2023-03,Extremadura,0.0,55816.0,70332.0,0.0,0.0
2023-03,Galicia,0.0,115030.0,168839.0,0.0,0.0
2023-03,"Madrid, Comunidad de",25.0,164028.0,196784.0,0.00015241300265808277,0.0001270428490121148
2023-03,Melilla,0.0,1165.0,1165.0,0.0,0.0
2023-03,"Murcia, Región de",0.0,84527.0,99687.0,0.0,0.0
2023-03,"Navarra, Comunidad Foral de",0.0,57972.0,67197.0,0.0,0.0
2023-03,País Vasco,8.0,145278.0,173098.0,5.506683737386253e-05,4.621659406810015e-05
2023-03,"Rioja, La",0.0,12978.0,18924.0,0.0,0.0
2023-04,Andalucía,46.0,281273.0,403606.0,0.0001635421814393845,0.00011397253757377244
2023-04,Aragón,56.0,62443.0,80513.0,0.0008968178979229057,0.0006955398507073392
2023-04,"Asturias, Principado de",0.0,32528.0,43021.0,0.0,0.0
2023-04,"Balears, Illes",0.0,28219.0,43835.0,0.0,0.0
2023-04,Canarias,0.0,51643.0,196163.0,0.0,0.0
2023-04,Cantabria,0.0,25171.0,30659.0,0.0,0.0
2023-04,Castilla - La Mancha,0.0,99676.0,129360.0,0.0,0.0
2023-04,Castilla y León,0.0,131697.0,181583.0,0.0,0.0
2023-04,Cataluña,78.0,281843.0,356403.0,0.0002767498217092495,0.00021885337665507865
2023-04,Ceuta,0.0,917.0,10263.0,0.0,0.0
2023-04,Comunitat Valenciana,76.0,161264.0,198419.0,0.0004712769123921024,0.00038302783503595925
2023-04,ESPAÑA,260.0,1725288.0,2347447.0,0.00015069947742058138,0.00011075862415637072
2023-04,Extremadura,0.0,52453.0,62834.0,0.0,0.0
2023-04,Galicia,0.0,106548.0,146198.0,0.0,0.0
2023-04,"Madrid, Comunidad de",0.0,145801.0,160449.0,0.0,0.0
2023-04,Melilla,0.0,874.0,874.0,0.0,0.0
2023-04,"Murcia, Región de",0.0,74229.0,87079.0,0.0,0.0
2023-04,"Navarra, Comunidad Foral de",0.0,50543.0,56946.0,0.0,0.0
2023-04,País Vasco,4.0,125682.0,143305.0,3.1826355404910806e-05,2.791249433027459e-05
2023-04,"Rioja, La",0.0,12484.0,15937.0,0.0,0.0
2023-05,Andalucía,0.0,303914.0,460176.0,0.0,0.0
2023-05,Aragón,121.0,69816.0,89229.0,0.0017331270768878194,0.0013560613701823398
2023-05,"Asturias, Principado de",0.0,34594.0,44094.0,0.0,0.0
2023-05,"Balears, Illes",7.0,33516.0,53792.0,0.00020885547201336674,0.0001301308744794765
2023-05,Canarias,0.0,57553.0,223232.0,0.0,0.0
2023-05,Cantabria,0.0,26331.0,31846.0,0.0,0.0
2023-05,Castilla - La Mancha,0.0,106419.0,136591.0,0.0,0.0
2023-05,Castilla y León,0.0,144289.0,189936.0,0.0,0.0
2023-05,Cataluña,169.0,312732.0,395951.0,0.0005403988079249965,0.0004268204904142179
2023-05,Ceuta,0.0,1058.0,7593.0,0.0,0.0
2023-05,Comunitat Valenciana,76.0,174990.0,212195.0,0.00043431053203040176,0.00035816112537995714
2023-05,ESPAÑA,431.0,1885680.0,2582956.0,0.00022856476178354757,0.00016686308245281764
2023-05,Extremadura,0.0,56813.0,67779.0,0.0,0.0
2023-05,Galicia,0.0,114434.0,163546.0,0.0,0.0
2023-05,"Madrid, Comunidad de",0.0,154674.0,167662.0,0.0,0.0
2023-05,Melilla,0.0,1127.0,1127.0,0.0,0.0
2023-05,"Murcia, Región de",0.0,81132.0,94084.0,0.0,0.0
2023-05,"Navarra, Comunidad Foral de",51.0,55177.0,61842.0,0.0009242981677148087,0.000824682254778306
2023-05,País Vasco,7.0,142621.0,164411.0,4.9081131109724375e-05,4.257622665150142e-05
2023-05,"Rioja, La",0.0,14490.0,17870.0,0.0,0.0
2023-06,Andalucía,0.0,302841.0,430416.0,0.0,0.0
2023-06,Aragón,136.0,68253.0,90306.0,0.001992586406458324,0.0015059907425863175
2023-06,"Asturias, Principado de",0.0,35245.0,44686.0,0.0,0.0
2023-06,"Balears, Illes",0.0,36609.0,62744.0,0.0,0.0
2023-06,Canarias,0.0,56078.0,210483.0,0.0,0.0
2023-06,Cantabria,0.0,23185.0,27821.0,0.0,0.0
2023-06,Castilla - La Mancha,6.0,96611.0,130821.0,6.21047292751343e-05,4.5864196115302586e-05
2023-06,Castilla y León,0.0,142120.0,181761.0,0.0,0.0
2023-06,Cataluña,133.0,329272.0,397042.0,0.0004039213780704099,0.0003349771560691312
2023-06,Ceuta,0.0,1042.0,9839.0,0.0,0.0
2023-06,Comunitat Valenciana,25.0,171725.0,237620.0,0.00014558159848595138,0.00010520999915832001
2023-06,ESPAÑA,379.0,1922421.0,2593870.0,0.00019714724298163617,0.00014611372196756198
2023-06,Extremadura,0.0,59240.0,72446.0,0.0,0.0
2023-06,Galicia,4.0,115666.0,158676.0,3.458233188663912e-05,2.5208601174720814e-05
2023-06,"Madrid, Comunidad de",42.0,166937.0,180294.0,0.00025159191790915137,0.00023295284368864187
2023-06,Melilla,0.0,1155.0,1155.0,0.0,0.0
2023-06,"Murcia, Región de",0.0,92943.0,106781.0,0.0,0.0
2023-06,"Navarra, Comunidad Foral de",0.0,49964.0,56867.0,0.0,0.0
2023-06,País Vasco,33.0,162481.0,179884.0,0.00020310067023221177,0.00018345155767049876
2023-06,"Rioja, La",0.0,11054.0,14228.0,0.0,0.0
2023-07,Andalucía,0.0,307739.0,452484.0,0.0,0.0
2023-07,Aragón,47.0,70725.0,93088.0,0.0006645457758925415,0.0005048985905809556
2023-07,"Asturias, Principado de",0.0,35760.0,45246.0,0.0,0.0
2023-07,"Balears, Illes",7.0,40841.0,65679.0,0.00017139639088171202,0.00010657896740206154
2023-07,Canarias,0.0,55669.0,186619.0,0.0,0.0
2023-07,Cantabria,0.0,25716.0,30743.0,0.0,0.0
2023-07,Castilla - La Mancha,0.0,105591.0,142917.0,0.0,0.0
2023-07,Castilla y León,0.0,156052.0,208846.0,0.0,0.0
2023-07,Cataluña,170.0,319217.0,390144.0,0.0005325530908441593,0.00043573654855643047
2023-07,Ceuta,0.0,1101.0,5255.0,0.0,0.0
2023-07,Comunitat Valenciana,0.0,182432.0,219782.0,0.0,0.0
2023-07,ESPAÑA,257.0,1932517.0,2575206.0,0.00013298718717610246,9.979784141540521e-05
2023-07,Extremadura,13.0,60302.0,71361.0,0.00021558157275048922,0.00018217233502893738
2023-07,Galicia,0.0,116670.0,154019.0,0.0,0.0
2023-07,"Madrid, Comunidad de",12.0,159358.0,171876.0,7.530214987637897e-05,6.981777560566921e-05
2023-07,Melilla,0.0,1237.0,1237.0,0.0,0.0
2023-07,"Murcia, Región de",0.0,89135.0,103478.0,0.0,0.0
2023-07,"Navarra, Comunidad Foral de",0.0,44222.0,50740.0,0.0,0.0
2023-07,País Vasco,8.0,147261.0,164248.0,5.43253135589192e-05,4.8706833568749694e-05
2023-07,"Rioja, La",0.0,13489.0,17444.0,0.0,0.0
2023-08,Andalucía,0.0,301542.0,400773.0,0.0,0.0
2023-08,Aragón,76.0,67283.0,84020.0,0.0011295572432858225,0.0009045465365389193
2023-08,"Asturias, Principado de",0.0,36596.0,46152.0,0.0,0.0
2023-08,"Balears, Illes",7.0,39944.0,70063.0,0.00017524534348087323,9.991008092716555e-05
2023-08,Canarias,0.0,54496.0,170706.0,0.0,0.0
2023-08,Cantabria,0.0,28076.0,32226.0,0.0,0.0
2023-08,Castilla - La Mancha,0.0,102239.0,132278.0,0.0,0.0
2023-08,Castilla y León,0.0,148323.0,183638.0,0.0,0.0
2023-08,Cataluña,169.0,283692.0,328108.0,0.000595716481254318,0.0005150743048020774
2023-08,Ceuta,0.0,1147.0,8027.0,0.0,0.0
2023-08,Comunitat Valenciana,0.0,161441.0,198482.0,0.0,0.0
2023-08,ESPAÑA,525.0,1788313.0,2307157.0,0.0002935727694201183,0.00022755278466094853
2023-08,Extremadura,0.0,58853.0,70149.0,0.0,0.0
2023-08,Galicia,0.0,118038.0,151569.0,0.0,0.0
2023-08,"Madrid, Comunidad de",92.0,132543.0,141902.0,0.0006941143628860068,0.0006483347662471283
2023-08,Melilla,0.0,1389.0,1389.0,0.0,0.0
2023-08,"Murcia, Región de",0.0,79827.0,92960.0,0.0,0.0
2023-08,"Navarra, Comunidad Foral de",0.0,40557.0,45660.0,0.0,0.0
2023-08,País Vasco,181.0,119979.0,134105.0,0.0015085973378674601,0.0013496886767831178
2023-08,"Rioja, La",0.0,12348.0,14950.0,0.0,0.0
2023-09,Andalucía,19.0,284714.0,391554.0,6.673363445422424e-05,4.852459686275712e-05
2023-09,Aragón,49.0,65338.0,88274.0,0.0007499464323976858,0.0005550898339261843
2023-09,"Asturias, Principado de",0.0,32349.0,41114.0,0.0,0.0
2023-09,"Balears, Illes",7.0,32686.0,53211.0,0.0002141589671418956,0.00013155174681926668
2023-09,Canarias,0.0,52979.0,171581.0,0.0,0.0
2023-09,Cantabria,0.0,24690.0,28771.0,0.0,0.0
2023-09,Castilla - La Mancha,4.0,99014.0,137925.0,4.039832750924112e-05,2.9001268805510242e-05
2023-09,Castilla y León,0.0,142563.0,195843.0,0.0,0.0
2023-09,Cataluña,109.0,304063.0,352928.0,0.0003584783416594587,0.0003088448635415722
2023-09,Ceuta,0.0,1036.0,8206.0,0.0,0.0
2023-09,Comunitat Valenciana,0.0,156903.0,202602.0,0.0,0.0
2023-09,ESPAÑA,389.0,1797665.0,2384967.0,0.00021639181938792822,0.00016310498216537167
2023-09,Extremadura,0.0,57130.0,68425.0,0.0,0.0
2023-09,Galicia,0.0,115169.0,157976.0,0.0,0.0
2023-09,"Madrid, Comunidad de",26.0,152310.0,167280.0,0.00017070448427549079,0.00015542802486848397
2023-09,Melilla,0.0,1065.0,1065.0,0.0,0.0
2023-09,"Murcia, Región de",0.0,78772.0,92381.0,0.0,0.0
2023-09,"Navarra, Comunidad Foral de",0.0,44042.0,51314.0,0.0,0.0
2023-09,País Vasco,175.0,139800.0,157821.0,0.001251788268955651,0.001108851166828242
2023-09,"Rioja, La",0.0,13042.0,16696.0,0.0,0.0
2023-10,Andalucía,43.0,288953.0,438285.0,0.00014881312877872873,9.81096774929555e-05
2023-10,Aragón,53.0,64530.0,92168.0,0.0008213234154656749,0.0005750368891589272
2023-10,"Asturias, Principado de",0.0,32891.0,43123.0,0.0,0.0
2023-10,"Balears, Illes",0.0,30075.0,49937.0,0.0,0.0
2023-10,Canarias,75.0,54832.0,230893.0,0.001367814414940181,0.0003248257851039226
2023-10,Cantabria,0.0,23654.0,28229.0,0.0,0.0
2023-10,Castilla - La Mancha,4.0,102025.0,149998.0,3.9206076941926e-05,2.6667022226963025e-05
2023-10,Castilla y León,25.0,142447.0,203721.0,0.00017550387161540784,0.00012271685295084944
2023-10,Cataluña,93.0,306355.0,380451.0,0.00030356938845457065,0.00024444672244257473
2023-10,Ceuta,0.0,973.0,7482.0,0.0,0.0
2023-10,Comunitat Valenciana,17.0,160928.0,195591.0,0.00010563730363889441,8.691606464510126e-05
2023-10,ESPAÑA,520.0,1820535.0,2560415.0,0.0002856303229545161,0.0002030920768703511
2023-10,Extremadura,16.0,57143.0,68893.0,0.00027999930000175,0.00023224420478132758
2023-10,Galicia,13.0,110293.0,158833.0,0.00011786786106099208,8.184697134726411e-05
2023-10,"Madrid, Comunidad de",129.0,156643.0,177996.0,0.0008235286607125757,0.0007247353873120745
2023-10,Melilla,0.0,1031.0,1031.0,0.0,0.0
2023-10,"Murcia, Región de",0.0,77255.0,92297.0,0.0,0.0
2023-10,"Navarra, Comunidad Foral de",0.0,49281.0,57578.0,0.0,0.0
2023-10,País Vasco,52.0,147850.0,165959.0,0.0003517078119715928,0.0003133304008821456
2023-10,"Rioja, La",0.0,13376.0,17950.0,0.0,0.0
2023-11,Andalucía,159.0,284276.0,430273.0,0.0005593155947037386,0.0003695328314814083
2023-11,Aragón,51.0,65023.0,99063.0,0.000784337849683958,0.0005148238999424609
2023-11,"Asturias, Principado de",19.0,32136.0,43210.0,0.0005912372417226786,0.0004397130293913446
2023-11,"Balears, Illes",0.0,24687.0,42050.0,0.0,0.0
2023-11,Canarias,0.0,56034.0,246097.0,0.0,0.0
2023-11,Cantabria,0.0,21886.0,27070.0,0.0,0.0
2023-11,Castilla - La Mancha,22.0,99858.0,161815.0,0.0002203128442388191,0.00013595772950591726
2023-11,Castilla y León,42.0,137176.0,208504.0,0.0003061760074648627,0.00020143498446072977
2023-11,Cataluña,84.0,329662.0,427271.0,0.00025480643810933624,0.000196596539432819
2023-11,Ceuta,0.0,945.0,20998.0,0.0,0.0
2023-11,Comunitat Valenciana,0.0,159425.0,197930.0,0.0,0.0
2023-11,ESPAÑA,1152.0,1832989.0,2675799.0,0.0006284816766494507,0.0004305256112286461
2023-11,Extremadura,0.0,57145.0,72481.0,0.0,0.0
2023-11,Galicia,13.0,107425.0,158457.0,0.00012101466139166861,8.20411846747067e-05
2023-11,"Madrid, Comunidad de",74.0,154413.0,185017.0,0.0004792342613640043,0.0003999632466205808
2023-11,Melilla,0.0,975.0,975.0,0.0,0.0
2023-11,"Murcia, Región de",46.0,82138.0,97039.0,0.0005600331150015827,0.00047403621224456144
2023-11,"Navarra, Comunidad Foral de",60.0,47889.0,56639.0,0.001252897325064211,0.0010593407369480392
2023-11,País Vasco,582.0,159256.0,182747.0,0.003654493394283418,0.0031847308026944354
2023-11,"Rioja, La",0.0,12640.0,18163.0,0.0,0.0
2023-12,Andalucía,85.0,282854.0,427250.0,0.0003005083894871559,0.0001989467524868344
2023-12,Aragón,54.0,63682.0,99530.0,0.0008479633177349957,0.0005425499849291671
2023-12,"Asturias, Principado de",0.0,32820.0,46792.0,0.0,0.0
2023-12,"Balears, Illes",0.0,22347.0,31596.0,0.0,0.0
2023-12,Canarias,0.0,52808.0,242880.0,0.0,0.0
2023-12,Cantabria,19.0,22511.0,29029.0,0.0008440318066722935,0.0006545178958972062
2023-12,Castilla - La Mancha,85.0,101360.0,173726.0,0.0008385951065509077,0.0004892762165709221
2023-12,Castilla y León,45.0,134729.0,218016.0,0.00033400381506579874,0.00020640686922060767
2023-12,Cataluña,100.0,289506.0,377211.0,0.00034541598447009736,0.0002651036157482152
2023-12,Ceuta,0.0,1036.0,21918.0,0.0,0.0
2023-12,Comunitat Valenciana,0.0,161955.0,200976.0,0.0,0.0
2023-12,ESPAÑA,1570.0,1766668.0,2645880.0,0.0008886785745822078,0.0005933753609385158
2023-12,Extremadura,0.0,57587.0,71550.0,0.0,0.0
2023-12,Galicia,32.0,105046.0,171933.0,0.0003046284484892333,0.0001861190114754003
2023-12,"Madrid, Comunidad de",78.0,155230.0,194693.0,0.0005024801906847904,0.00040063073659556326
2023-12,Melilla,0.0,1289.0,1289.0,0.0,0.0
2023-12,"Murcia, Región de",28.0,81843.0,96442.0,0.0003421184462935132,0.0002903299392380913
2023-12,"Navarra, Comunidad Foral de",151.0,44404.0,54526.0,0.0034005945410323394,0.0027693210578439644
2023-12,País Vasco,893.0,143469.0,167883.0,0.006224341146867964,0.005319180619836434
2023-12,"Rioja, La",0.0,12192.0,18640.0,0.0,0.0
2024-01,Andalucía,92.0,275829.0,434227.0,0.0003335399831054748,0.00021187074963095338
2024-01,Aragón,78.0,61256.0,98524.0,0.0012733446519524619,0.0007916852746538914
2024-01,"Asturias, Principado de",0.0,30981.0,46467.0,0.0,0.0
2024-01,"Balears, Illes",0.0,22011.0,38756.0,0.0,0.0
2024-01,Canarias,0.0,56418.0,255155.0,0.0,0.0
2024-01,Cantabria,0.0,22571.0,29442.0,0.0,0.0
2024-01,Castilla - La Mancha,2.0,90379.0,159213.0,2.2129034399583975e-05,1.2561788296181844e-05
2024-01,Castilla y León,19.0,133128.0,205233.0,0.00014271978847425035,9.257770436528239e-05
2024-01,Cataluña,96.0,295021.0,391393.0,0.00032540056470556334,0.00024527776429317846
2024-01,Ceuta,0.0,1025.0,16511.0,0.0,0.0
2024-01,Comunitat Valenciana,15.0,158185.0,202218.0,9.482567879381737e-05,7.417737293416016e-05
2024-01,ESPAÑA,546.0,1751732.0,2651144.0,0.00031169151445540754,0.00020594882812853622
2024-01,Extremadura,0.0,55955.0,69213.0,0.0,0.0
2024-01,Galicia,13.0,100305.0,162062.0,0.00012960470564777428,8.021621354790141e-05
2024-01,"Madrid, Comunidad de",78.0,145384.0,187121.0,0.0005365102074506136,0.00041684257779725417
2024-01,Melilla,0.0,1054.0,462.0,0.0,0.0
2024-01,"Murcia, Región de",9.0,80163.0,95058.0,0.00011227124733355787,9.46790380609733e-05
2024-01,"Navarra, Comunidad Foral de",79.0,73224.0,84869.0,0.0010788812411231291,0.0009308463632186075
2024-01,País Vasco,65.0,135789.0,155899.0,0.00047868384036998577,0.0004169366063926003
2024-01,"Rioja, La",0.0,13054.0,19321.0,0.0,0.0
2024-02,Andalucía,80.0,267574.0,404177.0,0.00029898271132471765,0.00019793308377270355
2024-02,Aragón,208.0,62423.0,94326.0,0.0033321051535491726,0.002205118419099718
2024-02,"Asturias, Principado de",0.0,30307.0,42603.0,0.0,0.0
2024-02,"Balears, Illes",0.0,23592.0,32262.0,0.0,0.0
2024-02,Canarias,0.0,51320.0,236159.0,0.0,0.0
2024-02,Cantabria,169.0,22540.0,28248.0,0.007497781721384206,0.0059827244406683655
2024-02,Castilla - La Mancha,16.0,99280.0,157408.0,0.00016116035455278002,0.00010164667615368977
2024-02,Castilla y León,43.0,132833.0,196430.0,0.00032371473956019966,0.00021890749885455379
2024-02,Cataluña,90.0,294268.0,362317.0,0.0003058436527247271,0.0002484012618784103
2024-02,Ceuta,0.0,973.0,14225.0,0.0,0.0
2024-02,Comunitat Valenciana,43.0,155000.0,192242.0,0.0002774193548387097,0.00022367640786092528
2024-02,ESPAÑA,1131.0,1732081.0,2491110.0,0.0006529717721053461,0.0004540144754747884
2024-02,Extremadura,0.0,55985.0,67671.0,0.0,0.0
2024-02,Galicia,25.0,101166.0,147292.0,0.0002471185971571477,0.000169730874725036
2024-02,"Madrid, Comunidad de",81.0,141903.0,176304.0,0.0005708124563962707,0.0004594337054179145
2024-02,Melilla,0.0,990.0,990.0,0.0,0.0
2024-02,"Murcia, Región de",87.0,76064.0,89078.0,0.0011437736642827092,0.000976672130043333
2024-02,"Navarra, Comunidad Foral de",123.0,52372.0,61680.0,0.0023485832124035743,0.0019941634241245135
2024-02,País Vasco,166.0,150535.0,169464.0,0.0011027335835519978,0.000979559080394656
2024-02,"Rioja, La",0.0,12956.0,18234.0,0.0,0.0
2024-03,Andalucía,104.0,287400.0,422440.0,0.0003618649965205289,0.00024618880787804186
2024-03,Aragón,130.0,64913.0,94079.0,0.0020026805108375825,0.0013818174087734776
2024-03,"Asturias, Principado de",13.0,31634.0,45162.0,0.0004109502434089903,0.0002878526194588371
2024-03,"Balears, Illes",0.0,25695.0,49392.0,0.0,0.0
2024-03,Canarias,0.0,54106.0,260891.0,0.0,0.0
2024-03,Cantabria,119.0,23481.0,29247.0,0.005067927260338146,0.00406879338051766
2024-03,Castilla - La Mancha,14.0,112908.0,165799.0,0.00012399475679314133,8.44395925186521e-05
2024-03,Castilla y León,74.0,136739.0,206053.0,0.0005411769868142958,0.0003591309032142216
2024-03,Cataluña,103.0,294184.0,366548.0,0.000350121012699535,0.0002810000327378679
2024-03,Ceuta,0.0,917.0,7966.0,0.0,0.0
2024-03,Comunitat Valenciana,78.0,170499.0,206836.0,0.00045748068903629933,0.000377110367634261
2024-03,ESPAÑA,1698.0,1815360.0,2613477.0,0.0009353516657852988,0.0006497091805284684
2024-03,Extremadura,19.0,61796.0,75121.0,0.000307463266230824,0.00025292528054738354
2024-03,Galicia,29.0,105784.0,155647.0,0.00027414353777508886,0.0001863190424486177
2024-03,"Madrid, Comunidad de",133.0,149187.0,181240.0,0.0008914985890191504,0.0007338335908188037
2024-03,Melilla,0.0,952.0,952.0,0.0,0.0
2024-03,"Murcia, Región de",249.0,90081.0,104081.0,0.00276417890565158,0.002392367483018034
2024-03,"Navarra, Comunidad Foral de",205.0,48059.0,57376.0,0.004265590212031045,0.0035729224762967096
2024-03,País Vasco,428.0,143666.0,166045.0,0.002979132153745493,0.0025776145020928063
2024-03,"Rioja, La",0.0,13359.0,18602.0,0.0,0.0
2024-04,Andalucía,154.0,300835.0,406293.0,0.0005119085212824306,0.0003790368034891076
2024-04,Aragón,149.0,69796.0,94748.0,0.0021347928248037135,0.0015725925613205556
2024-04,"Asturias, Principado de",117.0,33428.0,45491.0,0.0035000598300825654,0.0025719373062803633
2024-04,"Balears, Illes",0.0,28413.0,39379.0,0.0,0.0
2024-04,Canarias,0.0,56340.0,205302.0,0.0,0.0
2024-04,Cantabria,177.0,24047.0,29840.0,0.007360585520023288,0.005931635388739947
2024-04,Castilla - La Mancha,53.0,109476.0,153112.0,0.0004841243742920823,0.0003461518365640838
2024-04,Castilla y León,109.0,144786.0,209225.0,0.000752835218874753,0.0005209702473413789
2024-04,Cataluña,174.0,287168.0,377536.0,0.0006059170938266102,0.00046088320054246484
2024-04,Ceuta,0.0,1072.0,6949.0,0.0,0.0
2024-04,Comunitat Valenciana,139.0,169257.0,207871.0,0.0008212363447302032,0.0006686839434072092
2024-04,ESPAÑA,2277.0,1862071.0,2548084.0,0.0012228319972761512,0.0008936126124570461
2024-04,Extremadura,13.0,65455.0,80392.0,0.00019860973187686197,0.00016170763260025875
2024-04,Galicia,155.0,109080.0,156714.0,0.001420975430876421,0.0009890628788748932
2024-04,"Madrid, Comunidad de",140.0,155989.0,178479.0,0.000897499182634673,0.0007844060085500255
2024-04,Melilla,0.0,1011.0,1011.0,0.0,0.0
2024-04,"Murcia, Región de",296.0,81574.0,95812.0,0.0036286071542403217,0.0030893833757775642
2024-04,"Navarra, Comunidad Foral de",126.0,54555.0,62486.0,0.002309595820731372,0.0020164516851774797
2024-04,País Vasco,475.0,155538.0,178318.0,0.003053916084815286,0.0026637804371964693
2024-04,"Rioja, La",0.0,14251.0,19126.0,0.0,0.0
2024-05,Andalucía,355.0,311942.0,409757.0,0.0011380320700643068,0.0008663671395485617
2024-05,Aragón,163.0,71095.0,93485.0,0.0022927069414164147,0.001743595229181152
2024-05,"Asturias, Principado de",36.0,32975.0,45209.0,0.0010917361637604245,0.0007963016213585791
2024-05,"Balears, Illes",0.0,33259.0,61537.0,0.0,0.0
2024-05,Canarias,0.0,55656.0,177135.0,0.0,0.0
2024-05,Cantabria,351.0,24232.0,30606.0,0.014484978540772532,0.011468339541266418
2024-05,Castilla - La Mancha,158.0,108594.0,143215.0,0.0014549606792272133,0.001103236392835946
2024-05,Castilla y León,148.0,140639.0,195198.0,0.0010523396781831498,0.0007582044898001004
2024-05,Cataluña,184.0,319020.0,381028.0,0.0005767663469374961,0.0004829041435275098
2024-05,Ceuta,0.0,1031.0,8005.0,0.0,0.0
2024-05,Comunitat Valenciana,116.0,178600.0,216109.0,0.0006494960806270997,0.0005367661689240152
2024-05,ESPAÑA,3382.0,1930921.0,2534883.0,0.0017514957887971596,0.0013341838656853195
2024-05,Extremadura,55.0,64383.0,79177.0,0.0008542627712284299,0.0006946461724995895
2024-05,Galicia,142.0,111577.0,158877.0,0.0012726637210177724,0.000893773170440026
2024-05,"Madrid, Comunidad de",331.0,154057.0,168902.0,0.0021485554048176975,0.001959716285183124
2024-05,Melilla,0.0,1068.0,1068.0,0.0,0.0
2024-05,"Murcia, Región de",509.0,93904.0,107850.0,0.0054204293746805245,0.004719517848864163
2024-05,"Navarra, Comunidad Foral de",131.0,56653.0,63303.0,0.0023123223836337,0.0020694121921551903
2024-05,País Vasco,703.0,159643.0,178087.0,0.004403575477784807,0.003947508801877734
2024-05,"Rioja, La",0.0,12593.0,16335.0,0.0,0.0
2024-06,Andalucía,414.0,284813.0,381140.0,0.0014535853349390653,0.0010862150390932466
2024-06,Aragón,512.0,65674.0,90100.0,0.007796083686085818,0.005682574916759157
2024-06,"Asturias, Principado de",29.0,29828.0,40179.0,0.0009722408475258147,0.0007217700788969362
2024-06,"Balears, Illes",3.0,33641.0,55295.0,8.917689723848875e-05,5.4254453386382134e-05
2024-06,Canarias,0.0,56460.0,179943.0,0.0,0.0
2024-06,Cantabria,299.0,22211.0,27413.0,0.013461798208095089,0.01090723379418524
2024-06,Castilla - La Mancha,294.0,104976.0,141441.0,0.0028006401463191587,0.0020786052134812395
2024-06,Castilla y León,214.0,126024.0,168516.0,0.0016980892528407287,0.0012699090887512165
2024-06,Cataluña,515.0,289338.0,342163.0,0.0017799252085795852,0.00150513059565178
2024-06,Ceuta,0.0,1001.0,7145.0,0.0,0.0
2024-06,Comunitat Valenciana,246.0,173084.0,208109.0,0.0014212752189688245,0.0011820728560513962
2024-06,ESPAÑA,5044.0,1766214.0,2332642.0,0.0028558260777006637,0.0021623549605983257
2024-06,Extremadura,45.0,56025.0,68492.0,0.0008032128514056225,0.0006570110377854348
2024-06,Galicia,97.0,98091.0,143857.0,0.0009888776748121642,0.0006742807093155008
2024-06,"Madrid, Comunidad de",389.0,147122.0,159998.0,0.002644064110058319,0.0024312803910048874
2024-06,Melilla,0.0,1062.0,1062.0,0.0,0.0
2024-06,"Murcia, Región de",758.0,76808.0,90223.0,0.009868763670450994,0.008401405406603637
2024-06,"Navarra, Comunidad Foral de",299.0,44518.0,51980.0,0.006716384383844737,0.005752212389380531
2024-06,País Vasco,906.0,143538.0,159871.0,0.006311917401663671,0.0056670690744412685
2024-06,"Rioja, La",24.0,12000.0,15715.0,0.002,0.0015272033089405027
2024-07,Andalucía,616.0,305496.0,407601.0,0.0020163930133291433,0.0015112818663349696
2024-07,Aragón,546.0,72830.0,97293.0,0.007496910613758067,0.005611914526224908
2024-07,"Asturias, Principado de",45.0,35516.0,46720.0,0.0012670345759657618,0.0009631849315068493
2024-07,"Balears, Illes",0.0,38866.0,64720.0,0.0,0.0
2024-07,Canarias,56.0,55533.0,174713.0,0.0010084094142221742,0.00032052566208582074
2024-07,Cantabria,420.0,27310.0,33026.0,0.015378982057854266,0.01271725307333616
2024-07,Castilla - La Mancha,279.0,104132.0,141601.0,0.0026792916682671993,0.001970325068325789
2024-07,Castilla y León,272.0,153983.0,210437.0,0.0017664287616165422,0.0012925483636432756
2024-07,Cataluña,903.0,298590.0,356383.0,0.0030242138048829498,0.0025337908935050214
2024-07,Ceuta,0.0,1144.0,8227.0,0.0,0.0
2024-07,Comunitat Valenciana,336.0,186191.0,224234.0,0.001804598503687074,0.0014984346709241239
2024-07,ESPAÑA,6683.0,1880115.0,2477812.0,0.0035545698002515803,0.002697137635946553
2024-07,Extremadura,70.0,57587.0,70890.0,0.0012155521211384514,0.0009874453378473692
2024-07,Galicia,81.0,114101.0,152904.0,0.0007098973716268919,0.0005297441531941611
2024-07,"Madrid, Comunidad de",503.0,148017.0,161128.0,0.003398258308167305,0.0031217417208678814
2024-07,Melilla,0.0,1395.0,1395.0,0.0,0.0
2024-07,"Murcia, Región de",968.0,82202.0,97307.0,0.011775869200262768,0.009947896862507322
2024-07,"Navarra, Comunidad Foral de",400.0,47745.0,55362.0,0.008377840611582364,0.007225172500993461
2024-07,País Vasco,1118.0,136690.0,157339.0,0.008179091374643354,0.007105676278608609
2024-07,"Rioja, La",70.0,12787.0,16532.0,0.00547430984593728,0.004234212436486813
2024-08,Andalucía,582.0,307270.0,401856.0,0.0018940996517720571,0.0014482799808886765
2024-08,Aragón,433.0,67617.0,87212.0,0.006403715042075217,0.004964913085355226
2024-08,"Asturias, Principado de",57.0,36746.0,46629.0,0.0015511892450879006,0.0012224152351540886
2024-08,"Balears, Illes",0.0,37971.0,63420.0,0.0,0.0
2024-08,Canarias,0.0,54123.0,182652.0,0.0,0.0
2024-08,Cantabria,533.0,29394.0,35084.0,0.018132952303191126,0.015192110363698552
2024-08,Castilla - La Mancha,209.0,104715.0,138867.0,0.0019958936160053477,0.0015050371938617527
2024-08,Castilla y León,284.0,160174.0,205660.0,0.0017730717844344275,0.0013809199649907615
2024-08,Cataluña,1036.0,289272.0,343715.0,0.0035814043529964878,0.0030141250745530455
2024-08,Ceuta,0.0,1185.0,9075.0,0.0,0.0
2024-08,Comunitat Valenciana,403.0,176663.0,212610.0,0.002281179420704958,0.001895489393725601
2024-08,ESPAÑA,6946.0,1847407.0,2412021.0,0.0037598645019749303,0.00287974275514185
2024-08,Extremadura,53.0,60487.0,72935.0,0.0008762213368161754,0.0007266744361417701
2024-08,Galicia,84.0,121369.0,161510.0,0.0006921042440820968,0.0005200916351928674
2024-08,"Madrid, Comunidad de",598.0,134104.0,146188.0,0.004459225675595061,0.0040906230333543105
2024-08,Melilla,0.0,1255.0,1255.0,0.0,0.0
2024-08,"Murcia, Región de",1055.0,79765.0,92673.0,0.013226352410204978,0.011384114035371684
2024-08,"Navarra, Comunidad Foral de",362.0,44164.0,50738.0,0.00819672131147541,0.0071346919468642835
2024-08,País Vasco,1180.0,129848.0,145382.0,0.009087548518267513,0.008116548128379029
2024-08,"Rioja, La",77.0,11285.0,14560.0,0.006823216659282233,0.005288461538461539
2024-09,Andalucía,440.0,283332.0,380686.0,0.0015529484844634563,0.001155808198883069
2024-09,Aragón,801.0,66566.0,92074.0,0.012033170086831114,0.008699524295675217
2024-09,"Asturias, Principado de",32.0,32606.0,43416.0,0.0009814144635956572,0.0007370554634236226
2024-09,"Balears, Illes",0.0,30877.0,52186.0,0.0,0.0
2024-09,Canarias,0.0,51883.0,179915.0,0.0,0.0
2024-09,Cantabria,422.0,24737.0,30187.0,0.01705946557787929,0.013979527611223374
2024-09,Castilla - La Mancha,335.0,105236.0,150083.0,0.003183321296894599,0.002232098238974434
2024-09,Castilla y León,239.0,143855.0,201948.0,0.0016613951548434187,0.0011834729732406362
2024-09,Cataluña,775.0,273210.0,341642.0,0.002836645803594305,0.002268456454417197
2024-09,Ceuta,0.0,1114.0,20207.0,0.0,0.0
2024-09,Comunitat Valenciana,442.0,166212.0,200482.0,0.00265925444612904,0.0022046867050408516
2024-09,ESPAÑA,7044.0,1772806.0,2416237.0,0.003973362003513075,0.0029152769368236643
2024-09,Extremadura,41.0,57890.0,70357.0,0.0007082397650716877,0.0005827422999843655
2024-09,Galicia,110.0,108072.0,162010.0,0.0010178399585461543,0.0006789704339238319
2024-09,"Madrid, Comunidad de",980.0,145069.0,164061.0,0.006755406048156395,0.005973387947165993
2024-09,Melilla,0.0,1146.0,1376.0,0.0,0.0
2024-09,"Murcia, Región de",964.0,76186.0,91023.0,0.01265324337804846,0.010590729815541128
2024-09,"Navarra, Comunidad Foral de",402.0,48444.0,56916.0,0.008298241268268516,0.00706304026987139
2024-09,País Vasco,963.0,144126.0,161004.0,0.006681653553141002,0.005981217857941417
2024-09,"Rioja, La",98.0,12245.0,16664.0,0.008003266639444671,0.005880940950552089
2024-10,Andalucía,510.0,288499.0,407178.0,0.0017677704255474023,0.0012525234663955322
2024-10,Aragón,724.0,72798.0,104416.0,0.009945328168356273,0.006933803248544285
2024-10,"Asturias, Principado de",35.0,36100.0,49757.0,0.0009695290858725762,0.0007034186144663062
2024-10,"Balears, Illes",0.0,30846.0,49017.0,0.0,0.0
2024-10,Canarias,0.0,58655.0,199786.0,0.0,0.0
2024-10,Cantabria,421.0,24484.0,30853.0,0.017194902793661166,0.013645350533173435
2024-10,Castilla - La Mancha,503.0,110234.0,171036.0,0.004563020483698314,0.002940901330714002
2024-10,Castilla y León,214.0,138956.0,213458.0,0.0015400558450156885,0.0010025391411893675
2024-10,Cataluña,1449.0,303182.0,382606.0,0.004779307478676175,0.003787185773354312
2024-10,Ceuta,0.0,1132.0,6881.0,0.0,0.0
2024-10,Comunitat Valenciana,344.0,160065.0,197578.0,0.0021491269171898916,0.001741084533703145
2024-10,ESPAÑA,8124.0,1842277.0,2585218.0,0.004409760312917113,0.003142481601164776
2024-10,Extremadura,63.0,56717.0,71801.0,0.0011107780735934553,0.0008774251054999234
2024-10,Galicia,69.0,114645.0,176226.0,0.0006018579091979589,0.00039154267815191856
2024-10,"Madrid, Comunidad de",1335.0,152310.0,179276.0,0.0087650187118377,0.007446618621566746
2024-10,Melilla,0.0,1122.0,1167.0,0.0,0.0
2024-10,"Murcia, Región de",971.0,76873.0,92668.0,0.012631222926124907,0.010478266499762594
2024-10,"Navarra, Comunidad Foral de",401.0,56484.0,66559.0,0.007099355569718859,0.0060247299388512445
2024-10,País Vasco,1006.0,145639.0,165750.0,0.006907490438687439,0.006069381598793363
2024-10,"Rioja, La",79.0,13536.0,19205.0,0.00583628841607565,0.004113512106222338
2024-11,Andalucía,608.0,280760.0,385605.0,0.00216555064824049,0.0015767430401576743
2024-11,Aragón,1015.0,69728.0,101127.0,0.01455656264341441,0.010036884313783658
2024-11,"Asturias, Principado de",48.0,32415.0,44204.0,0.0014807959278111986,0.0010858745814858383
2024-11,"Balears, Illes",0.0,23621.0,37313.0,0.0,0.0
2024-11,Canarias,56.0,54911.0,223965.0,0.0010198320919305786,0.00025003906860446946
2024-11,Cantabria,522.0,25091.0,30631.0,0.02080427244828823,0.017041559204727236
2024-11,Castilla - La Mancha,690.0,108626.0,160798.0,0.006352070406716624,0.004291098147986915
2024-11,Castilla y León,432.0,133442.0,201620.0,0.003237361550336476,0.0021426445789108225
2024-11,Cataluña,1843.0,278124.0,348364.0,0.006626540679696826,0.005290443329391097
2024-11,Ceuta,0.0,833.0,7702.0,0.0,0.0
2024-11,Comunitat Valenciana,435.0,157594.0,191296.0,0.0027602573702044495,0.002273962863834058
2024-11,ESPAÑA,10408.0,1771612.0,2471080.0,0.0058748755370814825,0.0042119235314113665
2024-11,Extremadura,95.0,56005.0,70340.0,0.0016962771181144541,0.001350582883139039
2024-11,Galicia,156.0,107307.0,148680.0,0.0014537728200396992,0.0010492332526230832
2024-11,"Madrid, Comunidad de",1635.0,144854.0,171776.0,0.011287227139050355,0.009518209761549925
2024-11,Melilla,0.0,972.0,972.0,0.0,0.0
2024-11,"Murcia, Región de",1149.0,74503.0,88786.0,0.015422197763848436,0.01294122947311513
2024-11,"Navarra, Comunidad Foral de",528.0,62112.0,71654.0,0.008500772797527048,0.00736874424316856
2024-11,País Vasco,1068.0,147907.0,167787.0,0.007220753581642519,0.006365213037958841
2024-11,"Rioja, La",128.0,12807.0,18460.0,0.009994534239087999,0.006933911159263272
2024-12,Andalucía,684.0,290874.0,398625.0,0.002351533653746983,0.001715898400752587
2024-12,Aragón,1303.0,68836.0,111252.0,0.018929048753559184,0.011712148995074246
2024-12,"Asturias, Principado de",161.0,31725.0,46110.0,0.005074862096138692,0.003491650401214487
2024-12,"Balears, Illes",0.0,22304.0,39989.0,0.0,0.0
2024-12,Canarias,111.0,54533.0,206093.0,0.0020354647644545503,0.0005385918007889642
2024-12,Cantabria,718.0,23191.0,29998.0,0.030960286317968176,0.02393492899526635
2024-12,Castilla - La Mancha,1161.0,111900.0,179205.0,0.010375335120643432,0.006478613877960994
2024-12,Castilla y León,533.0,132054.0,215712.0,0.004036227603859028,0.002470887108737576
2024-12,Cataluña,2176.0,286945.0,368875.0,0.007583334785411839,0.005899017282277194
2024-12,Ceuta,0.0,1113.0,10256.0,0.0,0.0
2024-12,Comunitat Valenciana,549.0,165596.0,203730.0,0.0033152974709534048,0.002694743042261817
2024-12,ESPAÑA,13441.0,1775775.0,2570894.0,0.0075690895524489306,0.005228142428275922
2024-12,Extremadura,109.0,54544.0,69498.0,0.001998386623643297,0.0015683904572793461
2024-12,Galicia,160.0,110764.0,169097.0,0.0014445126575421618,0.0009462024755022265
2024-12,"Madrid, Comunidad de",2067.0,144663.0,187607.0,0.014288380581074636,0.011017712558699835
2024-12,Melilla,0.0,1170.0,1170.0,0.0,0.0
2024-12,"Murcia, Región de",1455.0,76402.0,92955.0,0.019044004083662733,0.015652735194448927
2024-12,"Navarra, Comunidad Foral de",871.0,57112.0,68473.0,0.015250735397114442,0.01272034232471193
2024-12,País Vasco,1220.0,129687.0,152417.0,0.009407265184636856,0.008004356469422703
2024-12,"Rioja, La",163.0,12362.0,19832.0,0.01318556867820741,0.008219039935457846
2025-01,Andalucía,590.0,277526.0,382355.0,0.002125926940178578,0.0015430686142459233
2025-01,Aragón,1231.0,70715.0,112846.0,0.017407904970656862,0.010908671995462842
2025-01,"Asturias, Principado de",193.0,31310.0,47426.0,0.006164164803577132,0.004069497743853582
2025-01,"Balears, Illes",0.0,20516.0,36103.0,0.0,0.0
2025-01,Canarias,142.0,53947.0,198941.0,0.0026322130980406693,0.0007137794622526277
2025-01,Cantabria,518.0,21430.0,28155.0,0.024171721885207654,0.018398153081157876
2025-01,Castilla - La Mancha,874.0,99060.0,168272.0,0.008822935594589137,0.005193971664923457
2025-01,Castilla y León,372.0,129700.0,206487.0,0.0028681572860447184,0.001801566200293481
2025-01,Cataluña,1894.0,275636.0,358190.0,0.006871381096808835,0.0052876964739384125
2025-01,Ceuta,0.0,962.0,9279.0,0.0,0.0
2025-01,Comunitat Valenciana,462.0,156582.0,195623.0,0.002950530712342415,0.0023616854868803772
2025-01,ESPAÑA,11376.0,1717928.0,2501136.0,0.0066219306047750545,0.004548333237376936
2025-01,Extremadura,107.0,52711.0,66174.0,0.002029936825330576,0.0016169492549944087
2025-01,Galicia,129.0,103697.0,159236.0,0.0012440089877238493,0.0008101183149539049
2025-01,"Madrid, Comunidad de",1663.0,135841.0,182285.0,0.012242253811441317,0.009123076501083469
2025-01,Melilla,0.0,1024.0,1024.0,0.0,0.0
2025-01,"Murcia, Región de",1123.0,76544.0,93503.0,0.01467130016722408,0.012010309829631135
2025-01,"Navarra, Comunidad Foral de",919.0,59108.0,71085.0,0.015547810787033904,0.012928184567770978
2025-01,País Vasco,1042.0,139964.0,165359.0,0.007444771512674688,0.006301441106924933
2025-01,"Rioja, La",117.0,11655.0,18793.0,0.010038610038610039,0.006225722343425744
2025-02,Andalucía,498.0,270673.0,368589.0,0.00183985842695799,0.0013510983778680318
2025-02,Aragón,1446.0,73228.0,108642.0,0.019746545037417382,0.013309769702325067
2025-02,"Asturias, Principado de",199.0,30258.0,43882.0,0.006576773084804019,0.004534889020555125
2025-02,"Balears, Illes",0.0,22921.0,38236.0,0.0,0.0
2025-02,Canarias,0.0,51268.0,163247.0,0.0,0.0
2025-02,Cantabria,389.0,22217.0,28591.0,0.017509114641940857,0.013605680109125249
2025-02,Castilla - La Mancha,628.0,99005.0,156000.0,0.006343113984142215,0.004025641025641026
2025-02,Castilla y León,378.0,129244.0,196056.0,0.002924700566370586,0.0019280205655526992
2025-02,Cataluña,1882.0,274454.0,344426.0,0.006857251124049932,0.005464163564887668
2025-02,Ceuta,0.0,840.0,12185.0,0.0,0.0
2025-02,Comunitat Valenciana,506.0,157842.0,198727.0,0.003205737382952573,0.0025462066050410863
2025-02,ESPAÑA,10716.0,1706204.0,2388522.0,0.006280608883814596,0.004486456478106545
2025-02,Extremadura,92.0,52362.0,64719.0,0.001756999350674153,0.001421529998918401
2025-02,Galicia,119.0,102405.0,152111.0,0.0011620526341487231,0.0007823234348600693
2025-02,"Madrid, Comunidad de",1640.0,131958.0,170884.0,0.012428196850513043,0.00959715362468107
2025-02,Melilla,0.0,893.0,893.0,0.0,0.0
2025-02,"Murcia, Región de",917.0,74291.0,89438.0,0.012343352492226515,0.010252912632214495
2025-02,"Navarra, Comunidad Foral de",1075.0,58027.0,68793.0,0.018525858652006823,0.01562658991467155
2025-02,País Vasco,863.0,141846.0,164552.0,0.00608406299789913,0.005244542758520103
2025-02,"Rioja, La",84.0,12472.0,18551.0,0.006735086593970494,0.00452805778664223
2025-03,Andalucía,804.0,289011.0,389437.0,0.002781901034908706,0.002064518779674248
2025-03,Aragón,1596.0,71753.0,104448.0,0.02224297241927167,0.01528033088235294
2025-03,"Asturias, Principado de",23.0,32733.0,48226.0,0.0007026548131854703,0.0004769211628582093
2025-03,"Balears, Illes",0.0,24796.0,46357.0,0.0,0.0
2025-03,Canarias,66.0,53784.0,178827.0,0.0012271307452030344,0.0003690717844620779
2025-03,Cantabria,382.0,24400.0,31467.0,0.015655737704918033,0.012139701909937396
2025-03,Castilla - La Mancha,731.0,103859.0,159928.0,0.007038388584523248,0.00457080686308839
2025-03,Castilla y León,357.0,137076.0,207586.0,0.0026043946423881643,0.0017197691559161022
2025-03,Cataluña,2130.0,294047.0,371402.0,0.00724373994633511,0.005735025659527951
2025-03,Ceuta,0.0,834.0,8998.0,0.0,0.0
2025-03,Comunitat Valenciana,538.0,163045.0,203667.0,0.003299702536109663,0.002641566871412649
2025-03,ESPAÑA,12389.0,1813023.0,2536887.0,0.0068333385732006705,0.004883544280844988
2025-03,Extremadura,91.0,54538.0,66253.0,0.0016685613700539073,0.0013735227084056571
2025-03,Galicia,118.0,110039.0,167975.0,0.0010723470769454465,0.0007024854889120405
2025-03,"Madrid, Comunidad de",2037.0,147066.0,188174.0,0.013850924074905145,0.01082508741909084
2025-03,Melilla,0.0,933.0,933.0,0.0,0.0
2025-03,"Murcia, Región de",1405.0,75430.0,90490.0,0.018626541163993107,0.015526577522378163
2025-03,"Navarra, Comunidad Foral de",985.0,63716.0,74450.0,0.015459225312323435,0.0132303559435863
2025-03,País Vasco,1039.0,152359.0,178313.0,0.006819419922682611,0.005826832592127327
2025-03,"Rioja, La",87.0,13604.0,19956.0,0.006395177888856219,0.004359591100420926
2025-04,Andalucía,919.0,299715.0,412372.0,0.003066246267287256,0.002228570320002328
2025-04,Aragón,1384.0,65558.0,93814.0,0.021111077214069983,0.014752595561430064
2025-04,"Asturias, Principado de",387.0,33879.0,47011.0,0.011423005401576198,0.008232115887770947
2025-04,"Balears, Illes",0.0,27856.0,43359.0,0.0,0.0
2025-04,Canarias,87.0,53726.0,225708.0,0.0016193276998101478,0.00038545377213036313
2025-04,Cantabria,485.0,24278.0,31180.0,0.01997693384957575,0.015554842847979474
2025-04,Castilla - La Mancha,960.0,109255.0,155978.0,0.008786783213582902,0.006154714126351152
2025-04,Castilla y León,535.0,140467.0,203983.0,0.003808723757181402,0.002622767583573141
2025-04,Cataluña,2682.0,300313.0,380699.0,0.008930682321444627,0.007044935762899298
2025-04,Ceuta,0.0,995.0,9719.0,0.0,0.0
2025-04,Comunitat Valenciana,673.0,170997.0,218913.0,0.003935741562717475,0.003074280650304002
2025-04,ESPAÑA,14145.0,1836554.0,2569282.0,0.007701924364870295,0.00550542914323924
2025-04,Extremadura,151.0,57951.0,72063.0,0.0026056496005245813,0.0020953887570597947
2025-04,Galicia,226.0,111227.0,157090.0,0.0020318807483794402,0.0014386657330192883
2025-04,"Madrid, Comunidad de",2431.0,148497.0,176335.0,0.016370701091604545,0.013786259109082145
2025-04,Melilla,0.0,1025.0,1025.0,0.0,0.0
2025-04,"Murcia, Región de",1545.0,77398.0,93706.0,0.01996175611772914,0.016487738245149725
2025-04,"Navarra, Comunidad Foral de",453.0,59200.0,68000.0,0.007652027027027027,0.006661764705882353
2025-04,País Vasco,1112.0,141229.0,160697.0,0.007873736980365222,0.006919855380000871
2025-04,"Rioja, La",115.0,12988.0,17630.0,0.008854327071142594,0.0065229722064662505
2025-05,Andalucía,1591.0,314491.0,450923.0,0.0050589683011596515,0.0035283185821082534
2025-05,Aragón,1975.0,70188.0,96641.0,0.02813871317034251,0.02043646071543134
2025-05,"Asturias, Principado de",68.0,34631.0,46205.0,0.001963558661315007,0.0014717021967319555
2025-05,"Balears, Illes",0.0,30553.0,46895.0,0.0,0.0
2025-05,Canarias,56.0,53813.0,190163.0,0.0010406407373682938,0.0002944842056551485
2025-05,Cantabria,745.0,25207.0,31504.0,0.02955528226286349,0.023647790756729303
2025-05,Castilla - La Mancha,1541.0,109601.0,150661.0,0.01406009069260317,0.010228260797419371
2025-05,Castilla y León,999.0,145186.0,198258.0,0.006880828730042842,0.005038888720757801
2025-05,Cataluña,3209.0,311864.0,397222.0,0.01028974168227176,0.008078605918101212
2025-05,Ceuta,0.0,849.0,15085.0,0.0,0.0
2025-05,Comunitat Valenciana,868.0,176110.0,228381.0,0.004928737720742718,0.0038006664302196766
2025-05,ESPAÑA,18921.0,1889524.0,2600195.0,0.010013633063141828,0.0072767619351625555
2025-05,Extremadura,208.0,59488.0,74949.0,0.0034965034965034965,0.0027752204832619514
2025-05,Galicia,385.0,115471.0,163027.0,0.0033341704843640393,0.0023615720095444314
2025-05,"Madrid, Comunidad de",2961.0,150387.0,169433.0,0.019689201859203257,0.017475934440162186
2025-05,Melilla,0.0,984.0,984.0,0.0,0.0
2025-05,"Murcia, Región de",2131.0,81692.0,99040.0,0.026085785633844196,0.021516558966074312
2025-05,"Navarra, Comunidad Foral de",513.0,53544.0,61494.0,0.009580905423576872,0.008342277295345887
2025-05,País Vasco,1522.0,142402.0,161910.0,0.01068805213409924,0.009400284108455314
2025-05,"Rioja, La",149.0,13063.0,17420.0,0.01140626196126464,0.008553386911595866
2025-06,Andalucía,2162.0,303539.0,428939.0,0.007122643218828552,0.0050403437318593085
2025-06,Aragón,2248.0,70334.0,100033.0,0.03196178235277391,0.0224725840472644
2025-06,"Asturias, Principado de",251.0,33431.0,45111.0,0.007508001555442553,0.005564053113431314
2025-06,"Balears, Illes",0.0,33357.0,58082.0,0.0,0.0
2025-06,Canarias,133.0,53025.0,186616.0,0.0025082508250825085,0.0007126934453637416
2025-06,Cantabria,848.0,24755.0,30719.0,0.034255705917996364,0.027605065269051727
2025-06,Castilla - La Mancha,2301.0,109357.0,151574.0,0.02104117706228225,0.015180703814638395
2025-06,Castilla y León,1422.0,142169.0,192083.0,0.01000218050348529,0.0074030497232966995
2025-06,Cataluña,3522.0,299807.0,387670.0,0.011747557595386366,0.009085046560218742
2025-06,Ceuta,0.0,893.0,11429.0,0.0,0.0
2025-06,Comunitat Valenciana,1045.0,175784.0,231742.0,0.005944795885859919,0.00450932502524359
2025-06,ESPAÑA,23356.0,1858343.0,2563236.0,0.012568185743966533,0.009111919464302155
2025-06,Extremadura,264.0,58635.0,73152.0,0.00450243028907649,0.0036089238845144356
2025-06,Galicia,478.0,114059.0,161615.0,0.0041908135263328625,0.00295764625808248
2025-06,"Madrid, Comunidad de",3747.0,154420.0,172010.0,0.024264991581401375,0.021783617231556304
2025-06,Melilla,0.0,1111.0,1111.0,0.0,0.0
2025-06,"Murcia, Región de",2518.0,79334.0,96546.0,0.03173922908210856,0.026080831935036148
2025-06,"Navarra, Comunidad Foral de",455.0,53006.0,61314.0,0.00858393389427612,0.0074208174315816946
2025-06,País Vasco,1762.0,138225.0,156316.0,0.01274733224814614,0.011272038690856983
2025-06,"Rioja, La",200.0,13102.0,17174.0,0.015264845061822623,0.01164551065564225
2025-07,Andalucía,2664.0,321039.0,450739.0,0.008298057245381402,0.005910293983879806
2025-07,Aragón,2556.0,75597.0,103038.0,0.03381086551053613,0.02480638211145403
2025-07,"Asturias, Principado de",267.0,37504.0,48802.0,0.007119240614334471,0.00547108725052252
2025-07,"Balears, Illes",0.0,35544.0,61983.0,0.0,0.0
2025-07,Canarias,228.0,55619.0,194970.0,0.004099318578183714,0.0011694106785659333
2025-07,Cantabria,979.0,27584.0,33349.0,0.03549158932714617,0.029356202584785152
2025-07,Castilla - La Mancha,2690.0,114620.0,155543.0,0.023468853603210608,0.017294253036137918
2025-07,Castilla y León,1835.0,158272.0,217506.0,0.011593964820056611,0.008436548876812593
2025-07,Cataluña,3811.0,329177.0,405141.0,0.011577358077872999,0.009406601652264273
2025-07,Ceuta,0.0,1113.0,10943.0,0.0,0.0
2025-07,Comunitat Valenciana,1448.0,192698.0,242029.0,0.007514348877518189,0.005982754132769214
2025-07,ESPAÑA,27001.0,1988635.0,2681681.0,0.013577655024677731,0.010068684530337501
2025-07,Extremadura,531.0,62763.0,76541.0,0.008460398642512308,0.006937458355652526
2025-07,Galicia,682.0,123205.0,160141.0,0.005535489631102634,0.004258746979224558
2025-07,"Madrid, Comunidad de",3854.0,153688.0,169170.0,0.025076778928738743,0.02278181710705208
2025-07,Melilla,0.0,1100.0,1100.0,0.0,0.0
2025-07,"Murcia, Región de",2768.0,83954.0,102527.0,0.032970436191247586,0.026997766442010396
2025-07,"Navarra, Comunidad Foral de",477.0,53814.0,61774.0,0.008863864421897648,0.007721695211577687
2025-07,País Vasco,2016.0,146220.0,166547.0,0.013787443578169882,0.01210469116825881
2025-07,"Rioja, La",195.0,15124.0,19838.0,0.012893414440624173,0.009829619921363041
2025-08,Andalucía,1823.0,291734.0,414269.0,0.006248843124215895,0.004400522365902349
2025-08,Aragón,1783.0,65430.0,84939.0,0.027250496714045544,0.020991535101661192
2025-08,"Asturias, Principado de",541.0,36317.0,44933.0,0.014896604895778836,0.012040148665791289
2025-08,"Balears, Illes",0.0,32625.0,61746.0,0.0,0.0
2025-08,Canarias,423.0,51240.0,184739.0,0.00825526932084309,0.0022897168437633632
2025-08,Cantabria,687.0,28123.0,33027.0,0.024428403797603384,0.020801162685075848
2025-08,Castilla - La Mancha,1972.0,101312.0,133760.0,0.019464624131396085,0.014742822966507177
2025-08,Castilla y León,1331.0,151043.0,191666.0,0.00881206014181392,0.0069443719804242795
2025-08,Cataluña,2919.0,273798.0,343182.0,0.010661144347292529,0.008505690857912128
2025-08,Ceuta,0.0,972.0,9504.0,0.0,0.0
2025-08,Comunitat Valenciana,954.0,164780.0,211413.0,0.0057895375652385,0.004512494501284216
2025-08,ESPAÑA,19929.0,1748783.0,2359013.0,0.011395925051878935,0.008448024661161256
2025-08,Extremadura,325.0,58047.0,69834.0,0.005598911227109067,0.004653893518916287
2025-08,Galicia,509.0,118846.0,151694.0,0.004282853440586978,0.0033554392395216685
2025-08,"Madrid, Comunidad de",2698.0,127859.0,140662.0,0.021101369477314856,0.01918073111430237
2025-08,Melilla,0.0,1230.0,1230.0,0.0,0.0
2025-08,"Murcia, Región de",1860.0,73974.0,87911.0,0.02514396950279828,0.021157761827302612
2025-08,"Navarra, Comunidad Foral de",465.0,47013.0,52694.0,0.009890881245612916,0.00882453410255437
2025-08,País Vasco,1491.0,112074.0,126221.0,0.013303710048717811,0.011812614382709691
2025-08,"Rioja, La",148.0,12366.0,15589.0,0.011968300177907164,0.009493873885432035
2025-09,Andalucía,1612.0,291452.0,404530.0,0.005530927905795809,0.003984871332163251
2025-09,Aragón,1862.0,68064.0,93836.0,0.027356605547719792,0.019843130568225415
2025-09,"Asturias, Principado de",265.0,33408.0,44464.0,0.007932231800766283,0.0059598776538323135
2025-09,"Balears, Illes",0.0,30199.0,50827.0,0.0,0.0
2025-09,Canarias,520.0,52371.0,182025.0,0.00992915926753356,0.0028567504463672573
2025-09,Cantabria,547.0,25188.0,30546.0,0.021716690487533746,0.017907418319910953
2025-09,Castilla - La Mancha,1932.0,105004.0,146090.0,0.018399299074320977,0.013224724484906565
2025-09,Castilla y León,1113.0,146888.0,196154.0,0.007577201677468548,0.005674113196773963
2025-09,Cataluña,2503.0,287783.0,367185.0,0.008697525566138375,0.006816727262823917
2025-09,Ceuta,0.0,990.0,11910.0,0.0,0.0
2025-09,Comunitat Valenciana,900.0,167938.0,216959.0,0.005359120627850754,0.004148249208375776
2025-09,ESPAÑA,18836.0,1802901.0,2464031.0,0.010447606385486502,0.0076443843441904745
2025-09,Extremadura,540.0,57540.0,70092.0,0.009384775808133473,0.007704160246533128
2025-09,Galicia,414.0,114860.0,164045.0,0.0036043879505484938,0.0025236977658569296
2025-09,"Madrid, Comunidad de",2821.0,147429.0,165908.0,0.019134634298543705,0.017003399474407502
2025-09,Melilla,0.0,1126.0,1126.0,0.0,0.0
2025-09,"Murcia, Región de",1745.0,74755.0,90704.0,0.023342920206006288,0.019238401834538718
2025-09,"Navarra, Comunidad Foral de",578.0,51218.0,59407.0,0.011285095083759616,0.009729493157372027
2025-09,País Vasco,1348.0,133287.0,150900.0,0.010113514446270079,0.008933068257123923
2025-09,"Rioja, La",136.0,13401.0,17323.0,0.0101484963808671,0.007850834151128557
2025-10,Andalucía,1637.0,309630.0,412610.0,0.00528695539837871,0.0039674268679867185
2025-10,Aragón,1867.0,72072.0,105830.0,0.025904650904650904,0.017641500519701408
2025-10,"Asturias, Principado de",339.0,35153.0,47488.0,0.009643558160043239,0.007138645552560647
2025-10,"Balears, Illes",0.0,29509.0,47767.0,0.0,0.0
2025-10,Canarias,581.0,57103.0,200591.0,0.010174596781254925,0.00289644101679537
2025-10,Cantabria,530.0,25694.0,31653.0,0.020627383825017515,0.01674406849271791
2025-10,Castilla - La Mancha,1913.0,113641.0,163866.0,0.016833713184502073,0.011674172799726606
2025-10,Castilla y León,1199.0,149309.0,212941.0,0.008030326370145136,0.005630667649724572
2025-10,Cataluña,3470.0,310778.0,406085.0,0.011165526517321046,0.00854500904982947
2025-10,Ceuta,0.0,922.0,1671.0,0.0,0.0
2025-10,Comunitat Valenciana,955.0,174371.0,228413.0,0.0054768281422943035,0.004181022971547154
2025-10,ESPAÑA,20133.0,1920834.0,2649460.0,0.010481384648543288,0.007598906947076008
2025-10,Extremadura,371.0,61908.0,77106.0,0.005992763455450022,0.004811558114802998
2025-10,Galicia,619.0,118728.0,173166.0,0.005213597466478,0.0035746047145513555
2025-10,"Madrid, Comunidad de",2617.0,157863.0,183515.0,0.016577665444087595,0.01426041467999891
2025-10,Melilla,0.0,1055.0,1055.0,0.0,0.0
2025-10,"Murcia, Región de",1761.0,80682.0,97651.0,0.021826429686919016,0.018033609486846014
2025-10,"Navarra, Comunidad Foral de",556.0,57123.0,67848.0,0.009733382350366752,0.008194788350430374
2025-10,País Vasco,1576.0,149728.0,169668.0,0.010525753366103868,0.00928872857580687
2025-10,"Rioja, La",142.0,15565.0,20536.0,0.009123032444587216,0.00691468640436307
2025-11,Andalucía,1565.0,276182.0,386510.0,0.005666553214909009,0.004049054358231352
2025-11,Aragón,1658.0,64629.0,100677.0,0.02565411812034845,0.016468508199489456
2025-11,"Asturias, Principado de",377.0,29885.0,42262.0,0.012615024259662037,0.008920543277648952
2025-11,"Balears, Illes",0.0,22065.0,41582.0,0.0,0.0
2025-11,Canarias,585.0,51309.0,191416.0,0.011401508507279424,0.0030561708530112424
2025-11,Cantabria,431.0,22754.0,28323.0,0.018941724531950425,0.015217314550012358
2025-11,Castilla - La Mancha,2009.0,101160.0,161521.0,0.019859628311585605,0.012438011156444054
2025-11,Castilla y León,1363.0,133444.0,206699.0,0.010214022361440004,0.00659412962810657
2025-11,Cataluña,3081.0,290583.0,383605.0,0.010602822601459824,0.00803169927399278
2025-11,Ceuta,0.0,858.0,1809.0,0.0,0.0
2025-11,Comunitat Valenciana,1162.0,161932.0,212916.0,0.007175851592026283,0.0054575513347987
2025-11,ESPAÑA,20228.0,1730844.0,2484156.0,0.011686784019819233,0.008142805846331713
2025-11,Extremadura,341.0,54186.0,69091.0,0.006293138449045879,0.0049355198216844455
2025-11,Galicia,733.0,103023.0,151124.0,0.007114916086699087,0.004850321590217305
2025-11,"Madrid, Comunidad de",3118.0,143168.0,177130.0,0.021778609745194456,0.01760289053237735
2025-11,Melilla,0.0,964.0,964.0,0.0,0.0
2025-11,"Murcia, Región de",1680.0,74154.0,91140.0,0.02265555465652561,0.018433179723502304
2025-11,"Navarra, Comunidad Foral de",541.0,52132.0,61724.0,0.010377503260952966,0.008764824055472749
2025-11,País Vasco,1441.0,135509.0,157208.0,0.01063398003084666,0.009166200193374384
2025-11,"Rioja, La",143.0,12907.0,18455.0,0.01107925931664988,0.007748577621240856
2025-12,Andalucía,1911.0,298437.0,411046.0,0.006403361513485258,0.004649114697625083
2025-12,Aragón,2130.0,66402.0,109310.0,0.032077347067859405,0.019485865886012258
2025-12,"Asturias, Principado de",412.0,32054.0,46926.0,0.012853310039308667,0.008779780931679667
2025-12,"Balears, Illes",0.0,22167.0,38647.0,0.0,0.0
2025-12,Canarias,757.0,54686.0,206149.0,0.013842665398822368,0.003672101247156183
2025-12,Cantabria,549.0,24489.0,31698.0,0.022418228592429253,0.017319704713231118
2025-12,Castilla - La Mancha,2088.0,107595.0,180757.0,0.019406106231702216,0.011551419862024707
2025-12,Castilla y León,1417.0,140425.0,231044.0,0.010090795798468933,0.006133030937830024
2025-12,Cataluña,3362.0,309897.0,411257.0,0.01084876588027635,0.008174936839980839
2025-12,Ceuta,0.0,989.0,1259.0,0.0,0.0
2025-12,Comunitat Valenciana,1273.0,168403.0,221197.0,0.00755924775686894,0.0057550509274538085
2025-12,ESPAÑA,22632.0,1819307.0,2678108.0,0.012439901566915315,0.008450742091058314
2025-12,Extremadura,416.0,58227.0,73082.0,0.007144451886581827,0.005692236118332831
2025-12,Galicia,1050.0,112983.0,181310.0,0.009293433525397627,0.00579118636589267
2025-12,"Madrid, Comunidad de",2975.0,150534.0,200896.0,0.01976297713473368,0.014808657215673782
2025-12,Melilla,0.0,1244.0,1244.0,0.0,0.0
2025-12,"Murcia, Región de",1955.0,79347.0,98221.0,0.024638612675967585,0.019904093829221856
2025-12,"Navarra, Comunidad Foral de",645.0,51482.0,62704.0,0.012528650790567577,0.010286425108446032
2025-12,País Vasco,1515.0,126600.0,150467.0,0.011966824644549763,0.010068652927219921
2025-12,"Rioja, La",177.0,13346.0,20894.0,0.013262400719316648,0.008471331482722312
2026-01,Andalucía,1592.0,265554.0,359946.0,0.00599501419673588,0.004422885655070483
2026-01,Aragón,1764.0,60477.0,100905.0,0.029168113497693337,0.01748178980228928
2026-01,"Asturias, Principado de",417.0,28806.0,45368.0,0.014476150801916268,0.009191500617175101
2026-01,"Balears, Illes",0.0,19807.0,40780.0,0.0,0.0
2026-01,Canarias,648.0,51364.0,204645.0,0.012615839887859201,0.0031664589899582205
2026-01,Cantabria,348.0,21693.0,29173.0,0.016042041211450697,0.011928838309395675
2026-01,Castilla - La Mancha,1674.0,94924.0,169502.0,0.017635160760187098,0.009875989663838776
2026-01,Castilla y León,1264.0,125544.0,210784.0,0.010068183266424521,0.005996660088052224
2026-01,Cataluña,3036.0,274444.0,371840.0,0.011062366092900556,0.008164802065404476
2026-01,Ceuta,0.0,796.0,1672.0,0.0,0.0
2026-01,Comunitat Valenciana,1110.0,153485.0,204695.0,0.007231977066162817,0.005422702068931825
2026-01,ESPAÑA,18914.0,1648389.0,2484586.0,0.01147423332720614,0.007612535851043192
2026-01,Extremadura,373.0,54973.0,68352.0,0.00678514907318138,0.005457045880149813
2026-01,Galicia,841.0,100030.0,165527.0,0.008407477756672999,0.005080742114579494
2026-01,"Madrid, Comunidad de",2513.0,136651.0,188617.0,0.018389912990025684,0.01332329535513766
2026-01,Melilla,0.0,939.0,939.0,0.0,0.0
2026-01,"Murcia, Región de",1494.0,71731.0,89494.0,0.020827815031158076,0.01669385657139026
2026-01,"Navarra, Comunidad Foral de",426.0,49453.0,60413.0,0.00861423978322852,0.007051462433582176
2026-01,País Vasco,1301.0,125917.0,152588.0,0.0103322029590921,0.008526227488400137
2026-01,"Rioja, La",113.0,11801.0,19346.0,0.009575459706804509,0.005841000723663807
2026-02,Andalucía,1595.0,258243.0,346475.0,0.006176353279662953,0.004603506746518508
2026-02,Aragón,1862.0,62738.0,96118.0,0.029678982434887948,0.0193720218897605
2026-02,"Asturias, Principado de",342.0,28504.0,42207.0,0.011998316025820938,0.008102921316369322
2026-02,"Balears, Illes",93.0,21937.0,35774.0,0.004239412864110863,0.0025996533795493936
2026-02,Canarias,555.0,48871.0,186987.0,0.01135642814757218,0.0029681207784498388
2026-02,Cantabria,401.0,21313.0,28031.0,0.018814807863745134,0.014305590239377832
2026-02,Castilla - La Mancha,1654.0,95839.0,150283.0,0.017258109955237428,0.011005902197853383
2026-02,Castilla y León,1315.0,125576.0,194780.0,0.010471746193540167,0.006751206489372626
2026-02,Cataluña,2721.0,277221.0,365072.0,0.00981527373467378,0.007453324275759302
2026-02,Ceuta,0.0,791.0,2256.0,0.0,0.0
2026-02,Comunitat Valenciana,1168.0,156514.0,201151.0,0.007462591205898514,0.005806583114177906
2026-02,ESPAÑA,18905.0,1655321.0,2372203.0,0.011420745583485017,0.007969385419375998
2026-02,Extremadura,341.0,51879.0,62656.0,0.006572987143160045,0.005442415730337079
2026-02,Galicia,880.0,98479.0,152836.0,0.00893591527127611,0.005757805752571384
2026-02,"Madrid, Comunidad de",2550.0,136156.0,179215.0,0.01872851728899204,0.014228719694222024
2026-02,Melilla,0.0,933.0,933.0,0.0,0.0
2026-02,"Murcia, Región de",1562.0,71532.0,89310.0,0.021836380920427223,0.017489642817153733
2026-02,"Navarra, Comunidad Foral de",474.0,51652.0,60999.0,0.009176798575079378,0.0077706191904785326
2026-02,País Vasco,1238.0,134514.0,157860.0,0.009203502981102339,0.007842391992905106
2026-02,"Rioja, La",154.0,12629.0,19260.0,0.012194156306912661,0.007995846313603323
