Fecha,PAI_gasoleo_a_nac,PAI_gasoleo_prem_nac,PAI_gasolina95_nac,PAI_gasolina98_nac,PVP_gasoleo_a_nac,PVP_gasoleo_prem_nac,PVP_gasolina95_nac,PVP_gasolina98_nac,PAI_gasoleo_a_madrid,PAI_gasoleo_prem_madrid,PAI_gasolina95_madrid,PAI_gasolina98_madrid,PVP_gasoleo_a_madrid,PVP_gasoleo_prem_madrid,PVP_gasolina95_madrid,PVP_gasolina98_madrid,PAI_gasoleo_a_cataluna,PAI_gasoleo_prem_cataluna,PAI_gasolina95_cataluna,PAI_gasolina98_cataluna,PVP_gasoleo_a_cataluna,PVP_gasoleo_prem_cataluna,PVP_gasolina95_cataluna,PVP_gasolina98_cataluna,PAI_gasoleo_a_andalucía,PAI_gasoleo_prem_andalucía,PAI_gasolina95_andalucía,PAI_gasolina98_andalucía,PVP_gasoleo_a_andalucía,PVP_gasoleo_prem_andalucía,PVP_gasolina95_andalucía,PVP_gasolina98_andalucía,PAI_gasoleo_a_valencia,PAI_gasoleo_prem_valencia,PAI_gasolina95_valencia,PAI_gasolina98_valencia,PVP_gasoleo_a_valencia,PVP_gasoleo_prem_valencia,PVP_gasolina95_valencia,PVP_gasolina98_valencia,PAI_gasoleo_a_nac_lag1,PAI_gasoleo_prem_nac_lag1,PAI_gasolina95_nac_lag1,PAI_gasolina98_nac_lag1,PVP_gasoleo_a_nac_lag1,PVP_gasoleo_prem_nac_lag1,PVP_gasolina95_nac_lag1,PVP_gasolina98_nac_lag1,PAI_gasoleo_a_madrid_lag1,PAI_gasoleo_prem_madrid_lag1,PAI_gasolina95_madrid_lag1,PAI_gasolina98_madrid_lag1,PVP_gasoleo_a_madrid_lag1,PVP_gasoleo_prem_madrid_lag1,PVP_gasolina95_madrid_lag1,PVP_gasolina98_madrid_lag1,PAI_gasoleo_a_cataluna_lag1,PAI_gasoleo_prem_cataluna_lag1,PAI_gasolina95_cataluna_lag1,PAI_gasolina98_cataluna_lag1,PVP_gasoleo_a_cataluna_lag1,PVP_gasoleo_prem_cataluna_lag1,PVP_gasolina95_cataluna_lag1,PVP_gasolina98_cataluna_lag1,PAI_gasoleo_a_andalucía_lag1,PAI_gasoleo_prem_andalucía_lag1,PAI_gasolina95_andalucía_lag1,PAI_gasolina98_andalucía_lag1,PVP_gasoleo_a_andalucía_lag1,PVP_gasoleo_prem_andalucía_lag1,PVP_gasolina95_andalucía_lag1,PVP_gasolina98_andalucía_lag1,PAI_gasoleo_a_valencia_lag1,PAI_gasoleo_prem_valencia_lag1,PAI_gasolina95_valencia_lag1,PAI_gasolina98_valencia_lag1,PVP_gasoleo_a_valencia_lag1,PVP_gasoleo_prem_valencia_lag1,PVP_gasolina95_valencia_lag1,PVP_gasolina98_valencia_lag1
2023-01,1.0371544665012407,1.1142115384615383,0.8996023573200993,1.0015559772296014,1.6742468982630272,1.7661327543424317,1.618153846153846,1.7873510436432638,1.0389032258064514,1.117483870967742,0.888483870967742,0.9989032258064516,1.7156129032258063,1.8106129032258065,1.6471290322580645,1.8183225806451613,1.0014274193548387,1.0814919354838708,0.8617983870967741,0.9770483870967742,1.6704274193548387,1.7671451612903226,1.6146693548387097,1.7919516129032258,1.021959677419355,1.1,0.8770120967741936,0.9833951612903226,1.6952056451612902,1.7894959677419355,1.633125,1.7996330645161291,1.0154516129032258,1.1028817204301076,0.8795268817204301,0.9945591397849463,1.6873655913978496,1.793,1.6361505376344088,1.8131290322580647,,,,,,,,,,,,,,,,,,,,,,,,,,,,,,,,,,,,,,,,
2023-02,0.9835824175824176,1.0601881868131868,0.9035837912087912,1.0036330532212885,1.6098681318681318,1.7013207417582419,1.6228468406593406,1.7898487394957983,0.9850714285714286,1.0624642857142856,0.8981071428571429,1.0066071428571428,1.6505357142857144,1.7440714285714287,1.6585357142857142,1.8277142857142858,0.9433392857142857,1.0238035714285714,0.8715714285714286,0.9858214285714285,1.6000357142857144,1.6973660714285714,1.6265714285714286,1.802642857142857,0.9719151785714286,1.0488660714285714,0.8779642857142856,0.9846473214285715,1.6345714285714286,1.72771875,1.6342410714285713,1.8011919642857142,0.96125,1.0483095238095237,0.8846904761904762,0.9999404761904762,1.6217142857142857,1.7270357142857142,1.6425,1.8197380952380953,1.0371544665012407,1.1142115384615383,0.8996023573200993,1.0015559772296014,1.6742468982630272,1.7661327543424317,1.618153846153846,1.7873510436432638,1.0389032258064514,1.117483870967742,0.888483870967742,0.9989032258064516,1.7156129032258063,1.8106129032258065,1.6471290322580645,1.8183225806451613,1.0014274193548387,1.0814919354838708,0.8617983870967741,0.9770483870967742,1.6704274193548387,1.7671451612903226,1.6146693548387097,1.7919516129032258,1.021959677419355,1.1,0.8770120967741936,0.9833951612903226,1.6952056451612902,1.7894959677419355,1.633125,1.7996330645161291,1.0154516129032258,1.1028817204301076,0.8795268817204301,0.9945591397849463,1.6873655913978496,1.793,1.6361505376344088,1.8131290322580647
2023-03,0.9409032258064517,1.0197630272952853,0.8997313895781638,1.0002662871600254,1.5587183622828784,1.6528833746898262,1.6182537220843674,1.7859247311827957,0.9424193548387096,1.022516129032258,0.8998387096774193,1.011548387096774,1.5989354838709677,1.696,1.6608709677419355,1.8336774193548389,0.89975,0.9826370967741935,0.8764274193548388,0.9919516129032258,1.5472983870967743,1.647540322580645,1.6324354838709678,1.8099516129032258,0.929366935483871,1.0084314516129032,0.8738024193548387,0.9815403225806452,1.5831129032258064,1.6788427419354839,1.62925,1.797391129032258,0.9249032258064517,1.0169354838709679,0.8889892473118279,1.0085913978494623,1.5777419354838709,1.6891612903225808,1.6476021505376344,1.8300645161290323,0.9835824175824176,1.0601881868131868,0.9035837912087912,1.0036330532212885,1.6098681318681318,1.7013207417582419,1.6228468406593406,1.7898487394957983,0.9850714285714286,1.0624642857142856,0.8981071428571429,1.0066071428571428,1.6505357142857144,1.7440714285714287,1.6585357142857142,1.8277142857142858,0.9433392857142857,1.0238035714285714,0.8715714285714286,0.9858214285714285,1.6000357142857144,1.6973660714285714,1.6265714285714286,1.802642857142857,0.9719151785714286,1.0488660714285714,0.8779642857142856,0.9846473214285715,1.6345714285714286,1.72771875,1.6342410714285713,1.8011919642857142,0.96125,1.0483095238095237,0.8846904761904762,0.9999404761904762,1.6217142857142857,1.7270357142857142,1.6425,1.8197380952380953
2023-04,0.8884980769230769,0.9671480769230769,0.9025467948717948,1.0018281045751634,1.495926282051282,1.5897987179487179,1.6216557692307692,1.7878281045751634,0.8857333333333333,0.9650666666666666,0.8972333333333334,1.0069000000000001,1.5304333333333333,1.6263333333333334,1.6576333333333333,1.8281,0.8475083333333333,0.928225,0.882475,0.9984749999999999,1.4840833333333334,1.5817333333333332,1.63975,1.8179166666666666,0.8786666666666666,0.9579208333333333,0.8765125,0.9835999999999999,1.5218208333333334,1.6177208333333333,1.6325125,1.7999291666666666,0.8723888888888889,0.9623555555555555,0.897611111111111,1.015677777777778,1.5142666666666666,1.6229777777777779,1.6580222222222223,1.8386555555555557,0.9409032258064517,1.0197630272952853,0.8997313895781638,1.0002662871600254,1.5587183622828784,1.6528833746898262,1.6182537220843674,1.7859247311827957,0.9424193548387096,1.022516129032258,0.8998387096774193,1.011548387096774,1.5989354838709677,1.696,1.6608709677419355,1.8336774193548389,0.89975,0.9826370967741935,0.8764274193548388,0.9919516129032258,1.5472983870967743,1.647540322580645,1.6324354838709678,1.8099516129032258,0.929366935483871,1.0084314516129032,0.8738024193548387,0.9815403225806452,1.5831129032258064,1.6788427419354839,1.62925,1.797391129032258,0.9249032258064517,1.0169354838709679,0.8889892473118279,1.0085913978494623,1.5777419354838709,1.6891612903225808,1.6476021505376344,1.8300645161290323
2023-05,0.8202227047146402,0.9007282878411911,0.8588970223325062,0.9589677419354838,1.413918734491315,1.5101532258064518,1.5693629032258065,1.7363643263757116,0.8145483870967742,0.8949354838709678,0.8477419354838709,0.9572580645161289,1.4441612903225807,1.541483870967742,1.5977096774193549,1.768,0.7776451612903226,0.8618064516129033,0.8369677419354838,0.957266129032258,1.399483870967742,1.5013870967741936,1.5846370967741936,1.768024193548387,0.8060241935483872,0.8882903225806451,0.8341895161290322,0.9407096774193549,1.4338306451612903,1.5334556451612902,1.5813266129032257,1.747939516129032,0.7940322580645162,0.8847741935483872,0.8551397849462364,0.9679139784946236,1.4193440860215054,1.5291720430107527,1.6066666666666665,1.7808709677419357,0.8884980769230769,0.9671480769230769,0.9025467948717948,1.0018281045751634,1.495926282051282,1.5897987179487179,1.6216557692307692,1.7878281045751634,0.8857333333333333,0.9650666666666666,0.8972333333333334,1.0069000000000001,1.5304333333333333,1.6263333333333334,1.6576333333333333,1.8281,0.8475083333333333,0.928225,0.882475,0.9984749999999999,1.4840833333333334,1.5817333333333332,1.63975,1.8179166666666666,0.8786666666666666,0.9579208333333333,0.8765125,0.9835999999999999,1.5218208333333334,1.6177208333333333,1.6325125,1.7999291666666666,0.8723888888888889,0.9623555555555555,0.897611111111111,1.015677777777778,1.5142666666666666,1.6229777777777779,1.6580222222222223,1.8386555555555557
2023-06,0.8276929487179487,0.9100358974358974,0.8649474358974358,0.9659156862745097,1.4231339743589744,1.521596153846154,1.576744871794872,1.744902614379085,0.8229666666666666,0.9071333333333335,0.8563333333333333,0.9666999999999999,1.4544333333333335,1.5563666666666667,1.6080333333333334,1.7794666666666668,0.7874333333333333,0.8765916666666667,0.8459583333333334,0.9686416666666666,1.4113083333333334,1.5192833333333333,1.595516666666667,1.7817333333333332,0.8120791666666667,0.897425,0.8409333333333333,0.9487,1.4411666666666667,1.5445166666666665,1.5894416666666666,1.7576666666666665,0.8095444444444444,0.9065555555555556,0.8609666666666667,0.9784333333333333,1.4380888888888888,1.5555333333333332,1.6136222222222223,1.793622222222222,0.8202227047146402,0.9007282878411911,0.8588970223325062,0.9589677419354838,1.413918734491315,1.5101532258064518,1.5693629032258065,1.7363643263757116,0.8145483870967742,0.8949354838709678,0.8477419354838709,0.9572580645161289,1.4441612903225807,1.541483870967742,1.5977096774193549,1.768,0.7776451612903226,0.8618064516129033,0.8369677419354838,0.957266129032258,1.399483870967742,1.5013870967741936,1.5846370967741936,1.768024193548387,0.8060241935483872,0.8882903225806451,0.8341895161290322,0.9407096774193549,1.4338306451612903,1.5334556451612902,1.5813266129032257,1.747939516129032,0.7940322580645162,0.8847741935483872,0.8551397849462364,0.9679139784946236,1.4193440860215054,1.5291720430107527,1.6066666666666665,1.7808709677419357
2023-07,0.8534280397022331,0.9368945409429281,0.8797859801488833,0.9811752055660975,1.4541836228287843,1.5539832506203475,1.5946699751861044,1.763362428842505,0.8482258064516128,0.9334838709677419,0.8723870967741936,0.9843225806451613,1.4848387096774194,1.5881935483870968,1.627483870967742,1.8006774193548387,0.8149112903225807,0.9047258064516129,0.8656048387096774,0.9868467741935484,1.4445806451612901,1.5533467741935485,1.6194032258064517,1.803790322580645,0.8380846774193549,0.9249233870967742,0.8573870967741936,0.9662056451612904,1.4726411290322583,1.5778185483870968,1.6093669354838709,1.7788145161290323,0.8373978494623656,0.9376989247311829,0.876752688172043,0.9958172043010753,1.4718602150537636,1.5931935483870967,1.632741935483871,1.8146236559139783,0.8276929487179487,0.9100358974358974,0.8649474358974358,0.9659156862745097,1.4231339743589744,1.521596153846154,1.576744871794872,1.744902614379085,0.8229666666666666,0.9071333333333335,0.8563333333333333,0.9666999999999999,1.4544333333333335,1.5563666666666667,1.6080333333333334,1.7794666666666668,0.7874333333333333,0.8765916666666667,0.8459583333333334,0.9686416666666666,1.4113083333333334,1.5192833333333333,1.595516666666667,1.7817333333333332,0.8120791666666667,0.897425,0.8409333333333333,0.9487,1.4411666666666667,1.5445166666666665,1.5894416666666666,1.7576666666666665,0.8095444444444444,0.9065555555555556,0.8609666666666667,0.9784333333333333,1.4380888888888888,1.5555333333333332,1.6136222222222223,1.793622222222222
2023-08,0.9590589330024814,1.0433281637717122,0.9547990074441687,1.0555306767868438,1.5809882133995037,1.681785359801489,1.6846625310173697,1.852796963946869,0.9556774193548387,1.0398709677419353,0.9503225806451613,1.0623548387096775,1.6149032258064515,1.7168387096774194,1.721709677419355,1.8951612903225807,0.920508064516129,1.0114112903225805,0.9388790322580646,1.061241935483871,1.5724193548387095,1.6823790322580645,1.707975806451613,1.8938709677419354,0.942883064516129,1.0306209677419356,0.9317741935483872,1.0400080645161291,1.5994475806451613,1.7056612903225807,1.6993306451612904,1.8681491935483872,0.9464193548387096,1.0492150537634408,0.9479032258064516,1.0681935483870968,1.6036451612903226,1.7282150537634406,1.718763440860215,1.9022580645161289,0.8534280397022331,0.9368945409429281,0.8797859801488833,0.9811752055660975,1.4541836228287843,1.5539832506203475,1.5946699751861044,1.763362428842505,0.8482258064516128,0.9334838709677419,0.8723870967741936,0.9843225806451613,1.4848387096774194,1.5881935483870968,1.627483870967742,1.8006774193548387,0.8149112903225807,0.9047258064516129,0.8656048387096774,0.9868467741935484,1.4445806451612901,1.5533467741935485,1.6194032258064517,1.803790322580645,0.8380846774193549,0.9249233870967742,0.8573870967741936,0.9662056451612904,1.4726411290322583,1.5778185483870968,1.6093669354838709,1.7788145161290323,0.8373978494623656,0.9376989247311829,0.876752688172043,0.9958172043010753,1.4718602150537636,1.5931935483870967,1.632741935483871,1.8146236559139783
2023-09,1.0164224358974359,1.0997230769230768,0.9899217948717949,1.0888575163398693,1.649674358974359,1.7492628205128204,1.726578205128205,1.892586274509804,1.0164666666666666,1.0982333333333334,0.9877,1.0975666666666666,1.6885000000000001,1.7874,1.7670333333333332,1.9377666666666669,0.9778249999999999,1.0675,0.9749416666666666,1.0951333333333333,1.6417083333333333,1.7501916666666666,1.751625,1.9348750000000001,1.0012083333333333,1.0879166666666669,0.968975,1.07365,1.6700666666666666,1.7749541666666666,1.7444083333333333,1.9088625000000001,0.9935111111111111,1.091288888888889,0.9853,1.1014444444444444,1.6607222222222222,1.779,1.7641777777777778,1.9424666666666668,0.9590589330024814,1.0433281637717122,0.9547990074441687,1.0555306767868438,1.5809882133995037,1.681785359801489,1.6846625310173697,1.852796963946869,0.9556774193548387,1.0398709677419353,0.9503225806451613,1.0623548387096775,1.6149032258064515,1.7168387096774194,1.721709677419355,1.8951612903225807,0.920508064516129,1.0114112903225805,0.9388790322580646,1.061241935483871,1.5724193548387095,1.6823790322580645,1.707975806451613,1.8938709677419354,0.942883064516129,1.0306209677419356,0.9317741935483872,1.0400080645161291,1.5994475806451613,1.7056612903225807,1.6993306451612904,1.8681491935483872,0.9464193548387096,1.0492150537634408,0.9479032258064516,1.0681935483870968,1.6036451612903226,1.7282150537634406,1.718763440860215,1.9022580645161289
2023-10,1.0155037220843672,1.0957053349875931,0.9340707196029776,1.0301644528779255,1.6484181141439207,1.7442332506203475,1.6594454094292803,1.821817836812144,1.0119354838709678,1.0923870967741938,0.9365161290322581,1.0400645161290323,1.683,1.7804193548387095,1.7051290322580646,1.8681612903225806,0.9776693548387096,1.0648306451612901,0.9111693548387096,1.0278870967741935,1.6415725806451613,1.7470161290322581,1.6744758064516128,1.853491935483871,1.0033629032258065,1.0866814516129033,0.9137298387096774,1.0134233870967742,1.6727056451612905,1.7734637096774195,1.6775766129032257,1.8360645161290323,0.988752688172043,1.0810967741935484,0.9294301075268817,1.0399354838709678,1.6549999999999998,1.766741935483871,1.6966559139784945,1.8680322580645161,1.0164224358974359,1.0997230769230768,0.9899217948717949,1.0888575163398693,1.649674358974359,1.7492628205128204,1.726578205128205,1.892586274509804,1.0164666666666666,1.0982333333333334,0.9877,1.0975666666666666,1.6885000000000001,1.7874,1.7670333333333332,1.9377666666666669,0.9778249999999999,1.0675,0.9749416666666666,1.0951333333333333,1.6417083333333333,1.7501916666666666,1.751625,1.9348750000000001,1.0012083333333333,1.0879166666666669,0.968975,1.07365,1.6700666666666666,1.7749541666666666,1.7444083333333333,1.9088625000000001,0.9935111111111111,1.091288888888889,0.9853,1.1014444444444444,1.6607222222222222,1.779,1.7641777777777778,1.9424666666666668
2023-11,0.9557916666666667,1.0374929396662387,0.8752070512820513,0.9749313725490196,1.5767685897435897,1.6751065468549422,1.588626923076923,1.7552490196078432,0.9464333333333333,1.0324666666666666,0.8714666666666666,0.9822666666666666,1.6037333333333335,1.7078666666666666,1.6263666666666665,1.7983,0.9167166666666666,1.0049166666666667,0.8517583333333333,0.9708583333333334,1.5677833333333333,1.674525,1.6026333333333334,1.7845416666666667,0.9442875,1.0286125,0.8524958333333333,0.9572791666666666,1.6011458333333333,1.7031874999999999,1.6035041666666667,1.7680291666666668,0.926711111111111,1.0224666666666666,0.865388888888889,0.9836,1.5799666666666667,1.6957666666666666,1.6190666666666667,1.7998666666666667,1.0155037220843672,1.0957053349875931,0.9340707196029776,1.0301644528779255,1.6484181141439207,1.7442332506203475,1.6594454094292803,1.821817836812144,1.0119354838709678,1.0923870967741938,0.9365161290322581,1.0400645161290323,1.683,1.7804193548387095,1.7051290322580646,1.8681612903225806,0.9776693548387096,1.0648306451612901,0.9111693548387096,1.0278870967741935,1.6415725806451613,1.7470161290322581,1.6744758064516128,1.853491935483871,1.0033629032258065,1.0866814516129033,0.9137298387096774,1.0134233870967742,1.6727056451612905,1.7734637096774195,1.6775766129032257,1.8360645161290323,0.988752688172043,1.0810967741935484,0.9294301075268817,1.0399354838709678,1.6549999999999998,1.766741935483871,1.6966559139784945,1.8680322580645161
2023-12,0.8937152605459058,0.9786116625310173,0.8252419354838709,0.9285034788108791,1.5023430521091812,1.6037667493796526,1.5286588089330024,1.699461733080329,0.8811290322580646,0.9712258064516129,0.8237419354838709,0.9366451612903226,1.524741935483871,1.633709677419355,1.5686774193548387,1.7430322580645161,0.8556693548387097,0.9475403225806452,0.803274193548387,0.9244193548387096,1.493967741935484,1.6050967741935485,1.5439193548387096,1.7283064516129032,0.8815564516129032,0.9693064516129033,0.8038104838709678,0.9122620967741936,1.5252943548387097,1.6314233870967743,1.5446129032258065,1.7136129032258065,0.859752688172043,0.9579354838709677,0.8143440860215053,0.9381397849462365,1.4988709677419356,1.617720430107527,1.5573010752688172,1.7448279569892473,0.9557916666666667,1.0374929396662387,0.8752070512820513,0.9749313725490196,1.5767685897435897,1.6751065468549422,1.588626923076923,1.7552490196078432,0.9464333333333333,1.0324666666666666,0.8714666666666666,0.9822666666666666,1.6037333333333335,1.7078666666666666,1.6263666666666665,1.7983,0.9167166666666666,1.0049166666666667,0.8517583333333333,0.9708583333333334,1.5677833333333333,1.674525,1.6026333333333334,1.7845416666666667,0.9442875,1.0286125,0.8524958333333333,0.9572791666666666,1.6011458333333333,1.7031874999999999,1.6035041666666667,1.7680291666666668,0.926711111111111,1.0224666666666666,0.865388888888889,0.9836,1.5799666666666667,1.6957666666666666,1.6190666666666667,1.7998666666666667
2024-01,0.8783784119106699,0.9658033498759305,0.821282258064516,0.9275755850727389,1.4839844913151365,1.5884565756823823,1.524059553349876,1.6985230866540166,0.8706774193548387,0.9630967741935483,0.8231935483870967,0.9396774193548387,1.5121935483870967,1.6238709677419356,1.5679999999999998,1.7468064516129034,0.8472258064516128,0.9389112903225806,0.8043225806451614,0.9275887096774194,1.4837983870967744,1.5946129032258065,1.5451209677419355,1.7321209677419354,0.8615443548387097,0.9546975806451612,0.7965645161290322,0.9106774193548388,1.501100806451613,1.6137782258064515,1.5357540322580645,1.7117016129032259,0.8410430107526882,0.9395913978494624,0.8093978494623656,0.9369784946236559,1.4762365591397848,1.5955483870967742,1.551268817204301,1.74347311827957,0.8937152605459058,0.9786116625310173,0.8252419354838709,0.9285034788108791,1.5023430521091812,1.6037667493796526,1.5286588089330024,1.699461733080329,0.8811290322580646,0.9712258064516129,0.8237419354838709,0.9366451612903226,1.524741935483871,1.633709677419355,1.5686774193548387,1.7430322580645161,0.8556693548387097,0.9475403225806452,0.803274193548387,0.9244193548387096,1.493967741935484,1.6050967741935485,1.5439193548387096,1.7283064516129032,0.8815564516129032,0.9693064516129033,0.8038104838709678,0.9122620967741936,1.5252943548387097,1.6314233870967743,1.5446129032258065,1.7136129032258065,0.859752688172043,0.9579354838709677,0.8143440860215053,0.9381397849462365,1.4988709677419356,1.617720430107527,1.5573010752688172,1.7448279569892473
2024-02,0.9206352785145888,1.0081193633952255,0.8611266578249337,0.9663313049357674,1.5345915119363396,1.6392088859416447,1.5718401856763926,1.745127789046653,0.9212068965517242,1.0116206896551725,0.866,0.9857241379310344,1.573103448275862,1.682655172413793,1.6200344827586208,1.8025172413793102,0.8917068965517242,0.9844827586206897,0.8463275862068965,0.9717672413793103,1.5375258620689656,1.64975,1.5959655172413794,1.7856293103448277,0.9043275862068966,0.9982672413793103,0.834780172413793,0.9492370689655172,1.5528836206896552,1.6665043103448276,1.5820474137931035,1.7582931034482758,0.8944367816091955,1.0002183908045976,0.8523678160919539,0.9839885057471264,1.54083908045977,1.6688505747126436,1.6033793103448275,1.8003448275862068,0.8783784119106699,0.9658033498759305,0.821282258064516,0.9275755850727389,1.4839844913151365,1.5884565756823823,1.524059553349876,1.6985230866540166,0.8706774193548387,0.9630967741935483,0.8231935483870967,0.9396774193548387,1.5121935483870967,1.6238709677419356,1.5679999999999998,1.7468064516129034,0.8472258064516128,0.9389112903225806,0.8043225806451614,0.9275887096774194,1.4837983870967744,1.5946129032258065,1.5451209677419355,1.7321209677419354,0.8615443548387097,0.9546975806451612,0.7965645161290322,0.9106774193548388,1.501100806451613,1.6137782258064515,1.5357540322580645,1.7117016129032259,0.8410430107526882,0.9395913978494624,0.8093978494623656,0.9369784946236559,1.4762365591397848,1.5955483870967742,1.551268817204301,1.74347311827957
2024-03,0.9172760545905708,1.0017307692307693,0.8920260545905707,0.9981967109424414,1.5305750620347394,1.6315062034739454,1.608918734491315,1.7834554079696394,0.9195161290322581,1.0069677419354839,0.896,1.0192903225806451,1.5712903225806452,1.677,1.6561290322580644,1.8430967741935484,0.8864032258064516,0.9804999999999999,0.8803225806451612,1.0054435483870967,1.5311693548387098,1.6449032258064515,1.6371290322580645,1.8263145161290322,0.9044637096774194,0.9929677419354839,0.866241935483871,0.9830806451612903,1.5529717741935485,1.6600806451612902,1.6200806451612904,1.7992540322580644,0.885978494623656,0.9853870967741936,0.8827204301075269,1.0174193548387096,1.5306129032258065,1.6507849462365591,1.6400645161290324,1.8408064516129032,0.9206352785145888,1.0081193633952255,0.8611266578249337,0.9663313049357674,1.5345915119363396,1.6392088859416447,1.5718401856763926,1.745127789046653,0.9212068965517242,1.0116206896551725,0.866,0.9857241379310344,1.573103448275862,1.682655172413793,1.6200344827586208,1.8025172413793102,0.8917068965517242,0.9844827586206897,0.8463275862068965,0.9717672413793103,1.5375258620689656,1.64975,1.5959655172413794,1.7856293103448277,0.9043275862068966,0.9982672413793103,0.834780172413793,0.9492370689655172,1.5528836206896552,1.6665043103448276,1.5820474137931035,1.7582931034482758,0.8944367816091955,1.0002183908045976,0.8523678160919539,0.9839885057471264,1.54083908045977,1.6688505747126436,1.6033793103448275,1.8003448275862068
2024-04,0.9282929487179487,1.012701282051282,0.9351737179487181,1.0410653594771242,1.543646153846154,1.644574358974359,1.6605410256410256,1.834841176470588,0.9295666666666667,1.0159333333333334,0.9387666666666666,1.0632,1.5833333333333333,1.6879666666666668,1.7078333333333333,1.8961999999999999,0.8949083333333333,0.988225,0.9216916666666666,1.0469916666666665,1.5415083333333333,1.6542916666666665,1.687175,1.8765416666666668,0.9119208333333334,0.9997083333333333,0.9072416666666666,1.0240458333333333,1.5620416666666666,1.66825,1.6697041666666665,1.8487916666666666,0.8911666666666667,0.9889777777777777,0.9232222222222223,1.057411111111111,1.5369555555555554,1.6552444444444445,1.6890444444444446,1.8890666666666667,0.9172760545905708,1.0017307692307693,0.8920260545905707,0.9981967109424414,1.5305750620347394,1.6315062034739454,1.608918734491315,1.7834554079696394,0.9195161290322581,1.0069677419354839,0.896,1.0192903225806451,1.5712903225806452,1.677,1.6561290322580644,1.8430967741935484,0.8864032258064516,0.9804999999999999,0.8803225806451612,1.0054435483870967,1.5311693548387098,1.6449032258064515,1.6371290322580645,1.8263145161290322,0.9044637096774194,0.9929677419354839,0.866241935483871,0.9830806451612903,1.5529717741935485,1.6600806451612902,1.6200806451612904,1.7992540322580644,0.885978494623656,0.9853870967741936,0.8827204301075269,1.0174193548387096,1.5306129032258065,1.6507849462365591,1.6400645161290324,1.8408064516129032
2024-05,0.8858424317617867,0.9689813895781638,0.9212934243176178,1.0260044275774827,1.4926017369727047,1.5919981389578164,1.6439665012406948,1.8167659709044908,0.8845806451612903,0.9696774193548386,0.9229354838709678,1.047258064516129,1.5289677419354837,1.6319677419354839,1.6887419354838709,1.8770322580645162,0.8534274193548387,0.9459032258064516,0.9039758064516129,1.0290967741935484,1.4911935483870966,1.6031048387096773,1.6657741935483872,1.8549193548387095,0.8720927419354838,0.9569959677419355,0.8991572580645162,1.0121935483870967,1.5137862903225805,1.6165483870967743,1.6599475806451611,1.8345,0.8461612903225806,0.941774193548387,0.9050752688172042,1.0336666666666667,1.4825053763440859,1.598204301075269,1.667,1.860440860215054,0.9282929487179487,1.012701282051282,0.9351737179487181,1.0410653594771242,1.543646153846154,1.644574358974359,1.6605410256410256,1.834841176470588,0.9295666666666667,1.0159333333333334,0.9387666666666666,1.0632,1.5833333333333333,1.6879666666666668,1.7078333333333333,1.8961999999999999,0.8949083333333333,0.988225,0.9216916666666666,1.0469916666666665,1.5415083333333333,1.6542916666666665,1.687175,1.8765416666666668,0.9119208333333334,0.9997083333333333,0.9072416666666666,1.0240458333333333,1.5620416666666666,1.66825,1.6697041666666665,1.8487916666666666,0.8911666666666667,0.9889777777777777,0.9232222222222223,1.057411111111111,1.5369555555555554,1.6552444444444445,1.6890444444444446,1.8890666666666667
2024-06,0.8594711538461538,0.9439192307692307,0.8871673076923077,0.9936392156862746,1.460875641025641,1.5618333333333334,1.603178846153846,1.7779366013071896,0.8580333333333333,0.9434333333333333,0.8888333333333333,1.0121666666666667,1.4969333333333334,1.6001666666666667,1.6475,1.8345,0.830225,0.9234166666666667,0.8673083333333333,0.9959166666666666,1.4630833333333333,1.5759166666666669,1.6213333333333333,1.8147583333333333,0.8408583333333333,0.9289875,0.8669958333333334,0.9799583333333334,1.4760291666666667,1.582625,1.6210291666666667,1.7954333333333332,0.8209333333333333,0.9207111111111111,0.8738777777777778,1.0038666666666667,1.4518888888888888,1.5727222222222221,1.6293111111111112,1.8243666666666667,0.8858424317617867,0.9689813895781638,0.9212934243176178,1.0260044275774827,1.4926017369727047,1.5919981389578164,1.6439665012406948,1.8167659709044908,0.8845806451612903,0.9696774193548386,0.9229354838709678,1.047258064516129,1.5289677419354837,1.6319677419354839,1.6887419354838709,1.8770322580645162,0.8534274193548387,0.9459032258064516,0.9039758064516129,1.0290967741935484,1.4911935483870966,1.6031048387096773,1.6657741935483872,1.8549193548387095,0.8720927419354838,0.9569959677419355,0.8991572580645162,1.0121935483870967,1.5137862903225805,1.6165483870967743,1.6599475806451611,1.8345,0.8461612903225806,0.941774193548387,0.9050752688172042,1.0336666666666667,1.4825053763440859,1.598204301075269,1.667,1.860440860215054
2024-07,0.880424317617866,0.9642208436724566,0.8849342431761786,0.9900031625553447,1.486251240694789,1.5863449131513647,1.6005973945409429,1.7736204933586337,0.878258064516129,0.9622903225806452,0.887483870967742,1.0073548387096773,1.5211935483870966,1.6228387096774193,1.645741935483871,1.8285806451612903,0.8524435483870968,0.9445483870967741,0.8665967741935484,0.9936451612903225,1.4900645161290322,1.601556451612903,1.620516129032258,1.8120725806451614,0.8592096774193548,0.9450524193548386,0.8645403225806452,0.9736451612903225,1.4982741935483872,1.6021048387096775,1.6181209677419355,1.7878346774193548,0.8483763440860215,0.9481612903225807,0.8784086021505377,1.0063978494623655,1.485225806451613,1.605795698924731,1.6348924731182795,1.8274086021505378,0.8594711538461538,0.9439192307692307,0.8871673076923077,0.9936392156862746,1.460875641025641,1.5618333333333334,1.603178846153846,1.7779366013071896,0.8580333333333333,0.9434333333333333,0.8888333333333333,1.0121666666666667,1.4969333333333334,1.6001666666666667,1.6475,1.8345,0.830225,0.9234166666666667,0.8673083333333333,0.9959166666666666,1.4630833333333333,1.5759166666666669,1.6213333333333333,1.8147583333333333,0.8408583333333333,0.9289875,0.8669958333333334,0.9799583333333334,1.4760291666666667,1.582625,1.6210291666666667,1.7954333333333332,0.8209333333333333,0.9207111111111111,0.8738777777777778,1.0038666666666667,1.4518888888888888,1.5727222222222221,1.6293111111111112,1.8243666666666667
2024-08,0.8458504962779156,0.931401364764268,0.8522071960297767,0.9616831119544592,1.4449330024813896,1.5472059553349875,1.5614950372208438,1.73965275142315,0.8320645161290323,0.9168387096774194,0.8466774193548388,0.9734516129032258,1.4653548387096775,1.5680322580645163,1.5964193548387098,1.7875806451612903,0.8148709677419355,0.9101290322580645,0.8327661290322581,0.961725806451613,1.4445483870967741,1.5599112903225807,1.5796209677419355,1.7734596774193547,0.8279677419354838,0.9134959677419354,0.83175,0.9435604838709678,1.4604435483870968,1.5639354838709678,1.5783709677419353,1.7514314516129033,0.8105483870967742,0.9068709677419354,0.8454731182795698,0.9724946236559139,1.4393010752688171,1.5559247311827957,1.5949677419354837,1.7864516129032257,0.880424317617866,0.9642208436724566,0.8849342431761786,0.9900031625553447,1.486251240694789,1.5863449131513647,1.6005973945409429,1.7736204933586337,0.878258064516129,0.9622903225806452,0.887483870967742,1.0073548387096773,1.5211935483870966,1.6228387096774193,1.645741935483871,1.8285806451612903,0.8524435483870968,0.9445483870967741,0.8665967741935484,0.9936451612903225,1.4900645161290322,1.601556451612903,1.620516129032258,1.8120725806451614,0.8592096774193548,0.9450524193548386,0.8645403225806452,0.9736451612903225,1.4982741935483872,1.6021048387096775,1.6181209677419355,1.7878346774193548,0.8483763440860215,0.9481612903225807,0.8784086021505377,1.0063978494623655,1.485225806451613,1.605795698924731,1.6348924731182795,1.8274086021505378
2024-09,0.7930134615384616,0.8800903846153846,0.7924660256410256,0.9024732026143791,1.381428205128205,1.4855391025641025,1.4897314102564103,1.668488888888889,0.7764666666666666,0.8652333333333334,0.7827666666666667,0.9163333333333334,1.3980333333333332,1.5055333333333332,1.5189666666666666,1.7186,0.7567833333333334,0.8468,0.769025,0.8958083333333333,1.3742333333333332,1.483225,1.5024416666666667,1.6936083333333334,0.7742833333333333,0.862175,0.7714416666666667,0.8853708333333333,1.3954416666666667,1.501825,1.5054166666666666,1.6810375,0.7473666666666667,0.8466333333333333,0.7751666666666667,0.9019,1.3629555555555555,1.4829777777777777,1.5099666666666667,1.7009888888888889,0.8458504962779156,0.931401364764268,0.8522071960297767,0.9616831119544592,1.4449330024813896,1.5472059553349875,1.5614950372208438,1.73965275142315,0.8320645161290323,0.9168387096774194,0.8466774193548388,0.9734516129032258,1.4653548387096775,1.5680322580645163,1.5964193548387098,1.7875806451612903,0.8148709677419355,0.9101290322580645,0.8327661290322581,0.961725806451613,1.4445483870967741,1.5599112903225807,1.5796209677419355,1.7734596774193547,0.8279677419354838,0.9134959677419354,0.83175,0.9435604838709678,1.4604435483870968,1.5639354838709678,1.5783709677419353,1.7514314516129033,0.8105483870967742,0.9068709677419354,0.8454731182795698,0.9724946236559139,1.4393010752688171,1.5559247311827957,1.5949677419354837,1.7864516129032257
2024-10,0.793802729528536,0.8788306451612903,0.7873598014888337,0.8973839342188489,1.3824373449131513,1.484070099255583,1.4836315136476428,1.6624560404807083,0.7826774193548388,0.8733225806451613,0.7848709677419354,0.9165483870967742,1.4055806451612904,1.515290322580645,1.5215806451612903,1.7186774193548389,0.7627016129032258,0.8532822580645162,0.7687903225806452,0.8955161290322581,1.3814274193548386,1.4910403225806452,1.5021693548387096,1.6933790322580646,0.7688790322580645,0.856375,0.763991935483871,0.8791532258064516,1.3889596774193549,1.4948185483870968,1.4963830645161291,1.6735806451612902,0.7506344086021505,0.8497849462365592,0.7718387096774194,0.9029462365591399,1.366774193548387,1.4867741935483871,1.5058709677419353,1.7023333333333335,0.7930134615384616,0.8800903846153846,0.7924660256410256,0.9024732026143791,1.381428205128205,1.4855391025641025,1.4897314102564103,1.668488888888889,0.7764666666666666,0.8652333333333334,0.7827666666666667,0.9163333333333334,1.3980333333333332,1.5055333333333332,1.5189666666666666,1.7186,0.7567833333333334,0.8468,0.769025,0.8958083333333333,1.3742333333333332,1.483225,1.5024416666666667,1.6936083333333334,0.7742833333333333,0.862175,0.7714416666666667,0.8853708333333333,1.3954416666666667,1.501825,1.5054166666666666,1.6810375,0.7473666666666667,0.8466333333333333,0.7751666666666667,0.9019,1.3629555555555555,1.4829777777777777,1.5099666666666667,1.7009888888888889
2024-11,0.8131346153846154,0.8944339743589743,0.7939685897435899,0.8998993464052287,1.4057294871794872,1.502853205128205,1.4915666666666667,1.665473202614379,0.8069333333333334,0.8882,0.7949666666666667,0.9221,1.4348666666666667,1.5332666666666666,1.5338333333333334,1.7255333333333334,0.7838499999999999,0.8717666666666666,0.7779416666666668,0.8994083333333334,1.407025,1.513475,1.5131416666666666,1.6979916666666668,0.7900625,0.873325,0.7710125,0.881225,1.4145,1.515325,1.5049166666666667,1.6760541666666666,0.7732666666666668,0.8670222222222221,0.7785222222222223,0.9017555555555555,1.3941666666666666,1.507688888888889,1.5139444444444443,1.7008666666666667,0.793802729528536,0.8788306451612903,0.7873598014888337,0.8973839342188489,1.3824373449131513,1.484070099255583,1.4836315136476428,1.6624560404807083,0.7826774193548388,0.8733225806451613,0.7848709677419354,0.9165483870967742,1.4055806451612904,1.515290322580645,1.5215806451612903,1.7186774193548389,0.7627016129032258,0.8532822580645162,0.7687903225806452,0.8955161290322581,1.3814274193548386,1.4910403225806452,1.5021693548387096,1.6933790322580646,0.7688790322580645,0.856375,0.763991935483871,0.8791532258064516,1.3889596774193549,1.4948185483870968,1.4963830645161291,1.6735806451612902,0.7506344086021505,0.8497849462365592,0.7718387096774194,0.9029462365591399,1.366774193548387,1.4867741935483871,1.5058709677419353,1.7023333333333335
2024-12,0.8339906947890819,0.9133114143920595,0.8060390818858562,0.9104307400379507,1.430861042183623,1.525582506203474,1.5060775434243177,1.678193548387097,0.8246774193548386,0.9024193548387097,0.8006774193548387,0.9268709677419354,1.4564193548387097,1.5503548387096775,1.5408709677419354,1.7313225806451613,0.7996129032258065,0.8838790322580645,0.7823709677419356,0.9018790322580645,1.4260887096774195,1.5280806451612903,1.5185806451612904,1.701024193548387,0.8172096774193549,0.8985645161290322,0.7850927419354838,0.8958991935483871,1.4473790322580644,1.545891129032258,1.5219314516129032,1.693818548387097,0.8013010752688172,0.89447311827957,0.7829569892473118,0.9025161290322581,1.4281612903225804,1.541010752688172,1.5192258064516126,1.7018172043010753,0.8131346153846154,0.8944339743589743,0.7939685897435899,0.8998993464052287,1.4057294871794872,1.502853205128205,1.4915666666666667,1.665473202614379,0.8069333333333334,0.8882,0.7949666666666667,0.9221,1.4348666666666667,1.5332666666666666,1.5338333333333334,1.7255333333333334,0.7838499999999999,0.8717666666666666,0.7779416666666668,0.8994083333333334,1.407025,1.513475,1.5131416666666666,1.6979916666666668,0.7900625,0.873325,0.7710125,0.881225,1.4145,1.515325,1.5049166666666667,1.6760541666666666,0.7732666666666668,0.8670222222222221,0.7785222222222223,0.9017555555555555,1.3941666666666666,1.507688888888889,1.5139444444444443,1.7008666666666667
2025-01,0.8744640198511167,0.9539863523573201,0.8424584367245657,0.9474471853257432,1.4795682382133994,1.574516129032258,1.5498064516129033,1.7227514231499053,0.8690967741935484,0.9435806451612904,0.8365483870967741,0.963516129032258,1.5103548387096775,1.6003870967741936,1.5840967741935483,1.7754516129032258,0.8367096774193548,0.9225645161290322,0.8145725806451614,0.9362903225806452,1.4710564516129032,1.574959677419355,1.5575887096774192,1.7425564516129033,0.8603024193548386,0.9447459677419354,0.8235443548387097,0.9353750000000001,1.4995645161290323,1.6016895161290323,1.568423387096774,1.7415524193548386,0.8470752688172042,0.9414838709677419,0.8168172043010753,0.9392688172043011,1.4835913978494621,1.5977956989247313,1.560193548387097,1.7462043010752688,0.8339906947890819,0.9133114143920595,0.8060390818858562,0.9104307400379507,1.430861042183623,1.525582506203474,1.5060775434243177,1.678193548387097,0.8246774193548386,0.9024193548387097,0.8006774193548387,0.9268709677419354,1.4564193548387097,1.5503548387096775,1.5408709677419354,1.7313225806451613,0.7996129032258065,0.8838790322580645,0.7823709677419356,0.9018790322580645,1.4260887096774195,1.5280806451612903,1.5185806451612904,1.701024193548387,0.8172096774193549,0.8985645161290322,0.7850927419354838,0.8958991935483871,1.4473790322580644,1.545891129032258,1.5219314516129032,1.693818548387097,0.8013010752688172,0.89447311827957,0.7829569892473118,0.9025161290322581,1.4281612903225804,1.541010752688172,1.5192258064516126,1.7018172043010753
2025-02,0.885055631868132,0.9640934065934066,0.8483111263736264,0.9509488795518207,1.4918592032967033,1.5862232142857144,1.5563152472527473,1.7265679271708685,0.87575,0.9477142857142856,0.8438928571428571,0.973,1.5182499999999999,1.6055357142857143,1.5930357142857143,1.7870357142857143,0.8456785714285714,0.9321517857142857,0.8261696428571428,0.9485714285714285,1.4818392857142857,1.586517857142857,1.5715267857142856,1.7575,0.8703839285714287,0.9546651785714285,0.8267098214285714,0.9356785714285715,1.5118125,1.6137008928571428,1.5722589285714286,1.7419107142857142,0.8615119047619049,0.9565238095238096,0.8274166666666667,0.9519880952380952,1.501059523809524,1.6159285714285714,1.5730595238095237,1.7615476190476191,0.8744640198511167,0.9539863523573201,0.8424584367245657,0.9474471853257432,1.4795682382133994,1.574516129032258,1.5498064516129033,1.7227514231499053,0.8690967741935484,0.9435806451612904,0.8365483870967741,0.963516129032258,1.5103548387096775,1.6003870967741936,1.5840967741935483,1.7754516129032258,0.8367096774193548,0.9225645161290322,0.8145725806451614,0.9362903225806452,1.4710564516129032,1.574959677419355,1.5575887096774192,1.7425564516129033,0.8603024193548386,0.9447459677419354,0.8235443548387097,0.9353750000000001,1.4995645161290323,1.6016895161290323,1.568423387096774,1.7415524193548386,0.8470752688172042,0.9414838709677419,0.8168172043010753,0.9392688172043011,1.4835913978494621,1.5977956989247313,1.560193548387097,1.7462043010752688
2025-03,0.8505806451612903,0.9314317617866006,0.809794665012407,0.9161511701454775,1.4502462779156329,1.54684429280397,1.5098629032258064,1.6844351676154334,0.837,0.9115806451612903,0.8023225806451613,0.934225806451613,1.4714193548387096,1.5616129032258064,1.5427096774193547,1.740225806451613,0.8038225806451613,0.8916935483870968,0.7846290322580645,0.9119112903225807,1.4311693548387097,1.5376854838709677,1.5213145161290322,1.7131774193548386,0.8338709677419354,0.918633064516129,0.7874435483870967,0.8999556451612903,1.4675725806451614,1.5701532258064517,1.5247701612903224,1.6987298387096774,0.8212258064516128,0.915494623655914,0.7906344086021505,0.9139784946236559,1.452204301075269,1.5663225806451613,1.5285591397849463,1.7156021505376342,0.885055631868132,0.9640934065934066,0.8483111263736264,0.9509488795518207,1.4918592032967033,1.5862232142857144,1.5563152472527473,1.7265679271708685,0.87575,0.9477142857142856,0.8438928571428571,0.973,1.5182499999999999,1.6055357142857143,1.5930357142857143,1.7870357142857143,0.8456785714285714,0.9321517857142857,0.8261696428571428,0.9485714285714285,1.4818392857142857,1.586517857142857,1.5715267857142856,1.7575,0.8703839285714287,0.9546651785714285,0.8267098214285714,0.9356785714285715,1.5118125,1.6137008928571428,1.5722589285714286,1.7419107142857142,0.8615119047619049,0.9565238095238096,0.8274166666666667,0.9519880952380952,1.501059523809524,1.6159285714285714,1.5730595238095237,1.7615476190476191
2025-04,0.812798717948718,0.8956141025641025,0.7838102564102564,0.8941830065359476,1.4049192307692309,1.5039076923076924,1.4788019230769232,1.6581692810457516,0.7929666666666667,0.8677666666666667,0.7696000000000001,0.9064666666666666,1.418,1.5085666666666666,1.5031,1.7066000000000001,0.767675,0.8596166666666666,0.7597166666666666,0.8921333333333333,1.3874250000000001,1.4987333333333335,1.4912666666666667,1.6892083333333334,0.7905208333333333,0.8762291666666666,0.7593375000000001,0.8800166666666667,1.4150958333333332,1.5188708333333334,1.4907291666666667,1.6745708333333333,0.7814555555555556,0.8786444444444445,0.7599444444444444,0.8900333333333332,1.404211111111111,1.5217666666666667,1.4914222222222224,1.686611111111111,0.8505806451612903,0.9314317617866006,0.809794665012407,0.9161511701454775,1.4502462779156329,1.54684429280397,1.5098629032258064,1.6844351676154334,0.837,0.9115806451612903,0.8023225806451613,0.934225806451613,1.4714193548387096,1.5616129032258064,1.5427096774193547,1.740225806451613,0.8038225806451613,0.8916935483870968,0.7846290322580645,0.9119112903225807,1.4311693548387097,1.5376854838709677,1.5213145161290322,1.7131774193548386,0.8338709677419354,0.918633064516129,0.7874435483870967,0.8999556451612903,1.4675725806451614,1.5701532258064517,1.5247701612903224,1.6987298387096774,0.8212258064516128,0.915494623655914,0.7906344086021505,0.9139784946236559,1.452204301075269,1.5663225806451613,1.5285591397849463,1.7156021505376342
2025-05,0.7783759305210918,0.8608238213399503,0.7556941687344914,0.8653327008222643,1.3641141439205955,1.4626098014888336,1.4456637717121588,1.6239746995572422,0.7575161290322581,0.8344838709677419,0.7419354838709677,0.8780645161290322,1.3751612903225807,1.4682903225806452,1.4697741935483872,1.672225806451613,0.7391048387096775,0.8295967741935484,0.7355967741935484,0.8649193548387096,1.3529032258064515,1.4624032258064517,1.4620000000000002,1.656225806451613,0.7591451612903226,0.8429032258064516,0.7348709677419355,0.8549395161290323,1.377165322580645,1.4785,1.4612096774193548,1.6441774193548386,0.7448924731182797,0.8419892473118279,0.7336129032258064,0.862,1.3599247311827958,1.47747311827957,1.4596881720430108,1.652720430107527,0.812798717948718,0.8956141025641025,0.7838102564102564,0.8941830065359476,1.4049192307692309,1.5039076923076924,1.4788019230769232,1.6581692810457516,0.7929666666666667,0.8677666666666667,0.7696000000000001,0.9064666666666666,1.418,1.5085666666666666,1.5031,1.7066000000000001,0.767675,0.8596166666666666,0.7597166666666666,0.8921333333333333,1.3874250000000001,1.4987333333333335,1.4912666666666667,1.6892083333333334,0.7905208333333333,0.8762291666666666,0.7593375000000001,0.8800166666666667,1.4150958333333332,1.5188708333333334,1.4907291666666667,1.6745708333333333,0.7814555555555556,0.8786444444444445,0.7599444444444444,0.8900333333333332,1.404211111111111,1.5217666666666667,1.4914222222222224,1.686611111111111
2025-06,0.7912262820512821,0.8707532051282051,0.7680365384615384,0.8750058900523561,1.379919871794872,1.4748846153846156,1.4607839743589743,1.6366976439790575,0.7732333333333333,0.8455666666666667,0.7621666666666668,0.8933333333333333,1.3942666666666668,1.4817333333333333,1.4941333333333333,1.6907333333333334,0.7538833333333332,0.84125,0.7500333333333333,0.8775666666666667,1.3707833333333332,1.4765666666666666,1.4795666666666667,1.6715916666666668,0.7746583333333333,0.8566,0.7477333333333332,0.8649916666666666,1.3958875,1.4950916666666667,1.4767166666666667,1.6563291666666666,0.7652777777777777,0.8619555555555555,0.7558777777777778,0.8836111111111111,1.3846555555555555,1.501511111111111,1.4865444444444442,1.6789222222222224,0.7783759305210918,0.8608238213399503,0.7556941687344914,0.8653327008222643,1.3641141439205955,1.4626098014888336,1.4456637717121588,1.6239746995572422,0.7575161290322581,0.8344838709677419,0.7419354838709677,0.8780645161290322,1.3751612903225807,1.4682903225806452,1.4697741935483872,1.672225806451613,0.7391048387096775,0.8295967741935484,0.7355967741935484,0.8649193548387096,1.3529032258064515,1.4624032258064517,1.4620000000000002,1.656225806451613,0.7591451612903226,0.8429032258064516,0.7348709677419355,0.8549395161290323,1.377165322580645,1.4785,1.4612096774193548,1.6441774193548386,0.7448924731182797,0.8419892473118279,0.7336129032258064,0.862,1.3599247311827958,1.47747311827957,1.4596881720430108,1.652720430107527
2025-07,0.8258089330024814,0.9029919103920349,0.7793511166253102,0.8866053130929791,1.4214596774193549,1.5152028624766647,1.4744404466501242,1.649988614800759,0.8049677419354839,0.8765483870967743,0.7747741935483872,0.9046451612903226,1.4326129032258066,1.5191612903225806,1.5094193548387098,1.7043870967741934,0.7913548387096774,0.8773387096774194,0.7619516129032258,0.8889516129032259,1.4160806451612902,1.5202177419354839,1.4938951612903226,1.6852903225806453,0.8100040322580645,0.8907096774193549,0.7594314516129033,0.8747661290322581,1.4386895161290323,1.5364112903225806,1.4908750000000002,1.6682459677419357,0.8029462365591399,0.9019462365591397,0.7703978494623657,0.9019139784946236,1.4301182795698926,1.5499247311827957,1.504075268817204,1.7011182795698925,0.7912262820512821,0.8707532051282051,0.7680365384615384,0.8750058900523561,1.379919871794872,1.4748846153846156,1.4607839743589743,1.6366976439790575,0.7732333333333333,0.8455666666666667,0.7621666666666668,0.8933333333333333,1.3942666666666668,1.4817333333333333,1.4941333333333333,1.6907333333333334,0.7538833333333332,0.84125,0.7500333333333333,0.8775666666666667,1.3707833333333332,1.4765666666666666,1.4795666666666667,1.6715916666666668,0.7746583333333333,0.8566,0.7477333333333332,0.8649916666666666,1.3958875,1.4950916666666667,1.4767166666666667,1.6563291666666666,0.7652777777777777,0.8619555555555555,0.7558777777777778,0.8836111111111111,1.3846555555555555,1.501511111111111,1.4865444444444442,1.6789222222222224
2025-08,0.8170279156327543,0.898879202988792,0.773068858560794,0.8866261859582544,1.4109478908188584,1.5106357409713576,1.4669230769230768,1.6500898165717899,0.7800322580645161,0.8541612903225806,0.7583870967741936,0.8996129032258066,1.4024838709677419,1.492258064516129,1.4896451612903225,1.6983548387096774,0.7807983870967742,0.8719274193548388,0.752,0.886483870967742,1.4033225806451612,1.5136774193548388,1.4819112903225806,1.6824596774193548,0.8002620967741936,0.8839596774193549,0.7496491935483871,0.8704677419354839,1.4268870967741936,1.5282620967741936,1.479068548387097,1.6630443548387097,0.7918602150537635,0.8937634408602151,0.7608709677419354,0.8974838709677421,1.4166666666666667,1.5401290322580645,1.4925806451612904,1.6956236559139786,0.8258089330024814,0.9029919103920349,0.7793511166253102,0.8866053130929791,1.4214596774193549,1.5152028624766647,1.4744404466501242,1.649988614800759,0.8049677419354839,0.8765483870967743,0.7747741935483872,0.9046451612903226,1.4326129032258066,1.5191612903225806,1.5094193548387098,1.7043870967741934,0.7913548387096774,0.8773387096774194,0.7619516129032258,0.8889516129032259,1.4160806451612902,1.5202177419354839,1.4938951612903226,1.6852903225806453,0.8100040322580645,0.8907096774193549,0.7594314516129033,0.8747661290322581,1.4386895161290323,1.5364112903225806,1.4908750000000002,1.6682459677419357,0.8029462365591399,0.9019462365591397,0.7703978494623657,0.9019139784946236,1.4301182795698926,1.5499247311827957,1.504075268817204,1.7011182795698925
2025-09,0.8133589743589743,0.8922807469414037,0.775374358974359,0.8847999999999999,1.4064641025641025,1.5030064391500322,1.469573076923077,1.6477718954248366,0.7833666666666667,0.8536333333333332,0.7637333333333333,0.8994333333333333,1.4065,1.4915,1.4961,1.6981,0.7766416666666667,0.8647916666666667,0.753175,0.881375,1.3982916666666665,1.5049666666666668,1.4833166666666666,1.6762249999999999,0.7955541666666667,0.8773708333333333,0.7503791666666667,0.8687333333333334,1.4212,1.5202666666666667,1.4799083333333334,1.6609416666666665,0.7838222222222222,0.8812777777777777,0.7619444444444444,0.8945444444444445,1.4070111111111112,1.525,1.4939111111111112,1.6920666666666666,0.8170279156327543,0.898879202988792,0.773068858560794,0.8866261859582544,1.4109478908188584,1.5106357409713576,1.4669230769230768,1.6500898165717899,0.7800322580645161,0.8541612903225806,0.7583870967741936,0.8996129032258066,1.4024838709677419,1.492258064516129,1.4896451612903225,1.6983548387096774,0.7807983870967742,0.8719274193548388,0.752,0.886483870967742,1.4033225806451612,1.5136774193548388,1.4819112903225806,1.6824596774193548,0.8002620967741936,0.8839596774193549,0.7496491935483871,0.8704677419354839,1.4268870967741936,1.5282620967741936,1.479068548387097,1.6630443548387097,0.7918602150537635,0.8937634408602151,0.7608709677419354,0.8974838709677421,1.4166666666666667,1.5401290322580645,1.4925806451612904,1.6956236559139786
2025-10,0.8060949131513647,0.8842423485321674,0.7657555831265508,0.8742555344718533,1.3976445409429281,1.494421611492817,1.4579472704714642,1.6350366856419987,0.7915161290322581,0.8624516129032258,0.757741935483871,0.8930645161290324,1.4163870967741936,1.5020645161290322,1.4887419354838711,1.6903870967741936,0.7696290322580644,0.855733870967742,0.7429596774193548,0.8712983870967742,1.3898387096774194,1.4940967741935485,1.4709193548387096,1.664008064516129,0.7869798387096774,0.8687822580645161,0.741157258064516,0.8582298387096775,1.4108064516129033,1.5098467741935484,1.4687620967741934,1.6482580645161289,0.7751612903225806,0.8706236559139785,0.7520215053763442,0.8836881720430109,1.396516129032258,1.512021505376344,1.4819247311827957,1.6789462365591397,0.8133589743589743,0.8922807469414037,0.775374358974359,0.8847999999999999,1.4064641025641025,1.5030064391500322,1.469573076923077,1.6477718954248366,0.7833666666666667,0.8536333333333332,0.7637333333333333,0.8994333333333333,1.4065,1.4915,1.4961,1.6981,0.7766416666666667,0.8647916666666667,0.753175,0.881375,1.3982916666666665,1.5049666666666668,1.4833166666666666,1.6762249999999999,0.7955541666666667,0.8773708333333333,0.7503791666666667,0.8687333333333334,1.4212,1.5202666666666667,1.4799083333333334,1.6609416666666665,0.7838222222222222,0.8812777777777777,0.7619444444444444,0.8945444444444445,1.4070111111111112,1.525,1.4939111111111112,1.6920666666666666
2025-11,0.8363346153846154,0.9142160256410258,0.774425,0.8820816993464052,1.4340391025641026,1.5270198717948718,1.4682685897435896,1.6443686274509803,0.8276,0.8995666666666667,0.7708,0.9051333333333333,1.4601333333333335,1.5471333333333335,1.5045,1.7048999999999999,0.8049000000000001,0.8886833333333333,0.7526083333333333,0.8797666666666667,1.4325916666666667,1.5338916666666667,1.4825916666666668,1.6742416666666666,0.8158666666666666,0.89625,0.7505333333333333,0.8667166666666667,1.4457583333333335,1.5430666666666668,1.4800916666666666,1.6584583333333331,0.8087888888888889,0.9090111111111112,0.7605555555555555,0.8933777777777777,1.4372000000000003,1.558488888888889,1.4921444444444445,1.690788888888889,0.8060949131513647,0.8842423485321674,0.7657555831265508,0.8742555344718533,1.3976445409429281,1.494421611492817,1.4579472704714642,1.6350366856419987,0.7915161290322581,0.8624516129032258,0.757741935483871,0.8930645161290324,1.4163870967741936,1.5020645161290322,1.4887419354838711,1.6903870967741936,0.7696290322580644,0.855733870967742,0.7429596774193548,0.8712983870967742,1.3898387096774194,1.4940967741935485,1.4709193548387096,1.664008064516129,0.7869798387096774,0.8687822580645161,0.741157258064516,0.8582298387096775,1.4108064516129033,1.5098467741935484,1.4687620967741934,1.6482580645161289,0.7751612903225806,0.8706236559139785,0.7520215053763442,0.8836881720430109,1.396516129032258,1.512021505376344,1.4819247311827957,1.6789462365591397
2025-12,0.8143616625310174,0.8941786600496278,0.7579993796526054,0.8669449715370018,1.4070558312655086,1.5024230769230769,1.4480713399503724,1.6256495888678053,0.8004193548387096,0.8737096774193549,0.7485806451612903,0.8815806451612903,1.427064516129032,1.515774193548387,1.4778064516129032,1.6763870967741934,0.7750241935483871,0.8607338709677419,0.7338629032258064,0.8610645161290322,1.3963870967741934,1.500032258064516,1.4599274193548388,1.6516209677419353,0.7996209677419356,0.8828548387096774,0.7351008064516129,0.8535443548387097,1.4260846774193547,1.526899193548387,1.4613951612903224,1.642516129032258,0.7809032258064516,0.8796989247311827,0.7412150537634408,0.8758602150537634,1.40352688172043,1.5230967741935484,1.4689247311827958,1.6695376344086021,0.8363346153846154,0.9142160256410258,0.774425,0.8820816993464052,1.4340391025641026,1.5270198717948718,1.4682685897435896,1.6443686274509803,0.8276,0.8995666666666667,0.7708,0.9051333333333333,1.4601333333333335,1.5471333333333335,1.5045,1.7048999999999999,0.8049000000000001,0.8886833333333333,0.7526083333333333,0.8797666666666667,1.4325916666666667,1.5338916666666667,1.4825916666666668,1.6742416666666666,0.8158666666666666,0.89625,0.7505333333333333,0.8667166666666667,1.4457583333333335,1.5430666666666668,1.4800916666666666,1.6584583333333331,0.8087888888888889,0.9090111111111112,0.7605555555555555,0.8933777777777777,1.4372000000000003,1.558488888888889,1.4921444444444445,1.690788888888889
