Grupos ECOICOP	Tipo de dato	Periodo	Total
Índice general	Media anual	2025	118,415
Índice general	Media anual	2024	115,333
Índice general	Media anual	2023	112,219
Índice general	Media anual	2022	108,391
Índice general	Media anual	2021	100,000
Índice general	Media anual	2020	97,000
Índice general	Media anual	2019	97,314
Índice general	Media anual	2018	96,638
Índice general	Media anual	2017	95,046
Índice general	Media anual	2016	93,222
Índice general	Media anual	2015	93,412
Índice general	Media anual	2014	93,881
Índice general	Media anual	2013	94,023
Índice general	Media anual	2012	92,717
Índice general	Media anual	2011	90,504
Índice general	Media anual	2010	87,701
Índice general	Media anual	2009	86,150
Índice general	Media anual	2008	86,399
Índice general	Media anual	2007	83,015
Índice general	Media anual	2006	80,765
Índice general	Media anual	2005	78,022
Índice general	Media anual	2004	75,479
Índice general	Media anual	2003	73,253
Índice general	Media anual	2002	71,092
Índice general	Variación de las medias anuales	2025	2,7
Índice general	Variación de las medias anuales	2024	2,8
Índice general	Variación de las medias anuales	2023	3,5
Índice general	Variación de las medias anuales	2022	8,4
Índice general	Variación de las medias anuales	2021	3,1
Índice general	Variación de las medias anuales	2020	-0,3
Índice general	Variación de las medias anuales	2019	0,7
Índice general	Variación de las medias anuales	2018	1,7
Índice general	Variación de las medias anuales	2017	2,0
Índice general	Variación de las medias anuales	2016	-0,2
Índice general	Variación de las medias anuales	2015	-0,5
Índice general	Variación de las medias anuales	2014	-0,2
Índice general	Variación de las medias anuales	2013	1,4
Índice general	Variación de las medias anuales	2012	2,4
Índice general	Variación de las medias anuales	2011	3,2
Índice general	Variación de las medias anuales	2010	1,8
Índice general	Variación de las medias anuales	2009	-0,3
Índice general	Variación de las medias anuales	2008	4,1
Índice general	Variación de las medias anuales	2007	2,8
Índice general	Variación de las medias anuales	2006	3,5
Índice general	Variación de las medias anuales	2005	3,4
Índice general	Variación de las medias anuales	2004	3,0
Índice general	Variación de las medias anuales	2003	3,0
Índice general	Variación de las medias anuales	2002	""
01 Alimentos y bebidas no alcohólicas	Media anual	2025	132,258
01 Alimentos y bebidas no alcohólicas	Media anual	2024	129,105
01 Alimentos y bebidas no alcohólicas	Media anual	2023	124,659
01 Alimentos y bebidas no alcohólicas	Media anual	2022	111,639
01 Alimentos y bebidas no alcohólicas	Media anual	2021	100,000
01 Alimentos y bebidas no alcohólicas	Media anual	2020	98,187
01 Alimentos y bebidas no alcohólicas	Media anual	2019	95,928
01 Alimentos y bebidas no alcohólicas	Media anual	2018	94,946
01 Alimentos y bebidas no alcohólicas	Media anual	2017	93,407
01 Alimentos y bebidas no alcohólicas	Media anual	2016	92,272
01 Alimentos y bebidas no alcohólicas	Media anual	2015	90,998
01 Alimentos y bebidas no alcohólicas	Media anual	2014	89,942
01 Alimentos y bebidas no alcohólicas	Media anual	2013	90,257
01 Alimentos y bebidas no alcohólicas	Media anual	2012	87,810
01 Alimentos y bebidas no alcohólicas	Media anual	2011	85,813
01 Alimentos y bebidas no alcohólicas	Media anual	2010	84,088
01 Alimentos y bebidas no alcohólicas	Media anual	2009	84,796
01 Alimentos y bebidas no alcohólicas	Media anual	2008	85,697
01 Alimentos y bebidas no alcohólicas	Media anual	2007	80,939
01 Alimentos y bebidas no alcohólicas	Media anual	2006	78,057
01 Alimentos y bebidas no alcohólicas	Media anual	2005	74,974
01 Alimentos y bebidas no alcohólicas	Media anual	2004	72,678
01 Alimentos y bebidas no alcohólicas	Media anual	2003	69,973
01 Alimentos y bebidas no alcohólicas	Media anual	2002	67,218
01 Alimentos y bebidas no alcohólicas	Variación de las medias anuales	2025	2,4
01 Alimentos y bebidas no alcohólicas	Variación de las medias anuales	2024	3,6
01 Alimentos y bebidas no alcohólicas	Variación de las medias anuales	2023	11,7
01 Alimentos y bebidas no alcohólicas	Variación de las medias anuales	2022	11,6
01 Alimentos y bebidas no alcohólicas	Variación de las medias anuales	2021	1,8
01 Alimentos y bebidas no alcohólicas	Variación de las medias anuales	2020	2,4
01 Alimentos y bebidas no alcohólicas	Variación de las medias anuales	2019	1,0
01 Alimentos y bebidas no alcohólicas	Variación de las medias anuales	2018	1,6
01 Alimentos y bebidas no alcohólicas	Variación de las medias anuales	2017	1,2
01 Alimentos y bebidas no alcohólicas	Variación de las medias anuales	2016	1,4
01 Alimentos y bebidas no alcohólicas	Variación de las medias anuales	2015	1,2
01 Alimentos y bebidas no alcohólicas	Variación de las medias anuales	2014	-0,3
01 Alimentos y bebidas no alcohólicas	Variación de las medias anuales	2013	2,8
01 Alimentos y bebidas no alcohólicas	Variación de las medias anuales	2012	2,3
01 Alimentos y bebidas no alcohólicas	Variación de las medias anuales	2011	2,1
01 Alimentos y bebidas no alcohólicas	Variación de las medias anuales	2010	-0,8
01 Alimentos y bebidas no alcohólicas	Variación de las medias anuales	2009	-1,1
01 Alimentos y bebidas no alcohólicas	Variación de las medias anuales	2008	5,9
01 Alimentos y bebidas no alcohólicas	Variación de las medias anuales	2007	3,7
01 Alimentos y bebidas no alcohólicas	Variación de las medias anuales	2006	4,1
01 Alimentos y bebidas no alcohólicas	Variación de las medias anuales	2005	3,2
01 Alimentos y bebidas no alcohólicas	Variación de las medias anuales	2004	3,9
01 Alimentos y bebidas no alcohólicas	Variación de las medias anuales	2003	4,1
01 Alimentos y bebidas no alcohólicas	Variación de las medias anuales	2002	""
02 Bebidas alcohólicas y tabaco	Media anual	2025	120,690
02 Bebidas alcohólicas y tabaco	Media anual	2024	116,219
02 Bebidas alcohólicas y tabaco	Media anual	2023	111,768
02 Bebidas alcohólicas y tabaco	Media anual	2022	103,868
02 Bebidas alcohólicas y tabaco	Media anual	2021	100,000
02 Bebidas alcohólicas y tabaco	Media anual	2020	99,700
02 Bebidas alcohólicas y tabaco	Media anual	2019	99,164
02 Bebidas alcohólicas y tabaco	Media anual	2018	98,504
02 Bebidas alcohólicas y tabaco	Media anual	2017	96,704
02 Bebidas alcohólicas y tabaco	Media anual	2016	95,090
02 Bebidas alcohólicas y tabaco	Media anual	2015	94,624
02 Bebidas alcohólicas y tabaco	Media anual	2014	93,356
02 Bebidas alcohólicas y tabaco	Media anual	2013	92,026
02 Bebidas alcohólicas y tabaco	Media anual	2012	86,746
02 Bebidas alcohólicas y tabaco	Media anual	2011	81,907
02 Bebidas alcohólicas y tabaco	Media anual	2010	74,318
02 Bebidas alcohólicas y tabaco	Media anual	2009	67,006
02 Bebidas alcohólicas y tabaco	Media anual	2008	61,557
02 Bebidas alcohólicas y tabaco	Media anual	2007	59,219
02 Bebidas alcohólicas y tabaco	Media anual	2006	55,334
02 Bebidas alcohólicas y tabaco	Media anual	2005	54,336
02 Bebidas alcohólicas y tabaco	Media anual	2004	51,711
02 Bebidas alcohólicas y tabaco	Media anual	2003	49,561
02 Bebidas alcohólicas y tabaco	Media anual	2002	47,950
02 Bebidas alcohólicas y tabaco	Variación de las medias anuales	2025	3,8
02 Bebidas alcohólicas y tabaco	Variación de las medias anuales	2024	4,0
02 Bebidas alcohólicas y tabaco	Variación de las medias anuales	2023	7,6
02 Bebidas alcohólicas y tabaco	Variación de las medias anuales	2022	3,9
02 Bebidas alcohólicas y tabaco	Variación de las medias anuales	2021	0,3
02 Bebidas alcohólicas y tabaco	Variación de las medias anuales	2020	0,5
02 Bebidas alcohólicas y tabaco	Variación de las medias anuales	2019	0,7
02 Bebidas alcohólicas y tabaco	Variación de las medias anuales	2018	1,9
02 Bebidas alcohólicas y tabaco	Variación de las medias anuales	2017	1,7
02 Bebidas alcohólicas y tabaco	Variación de las medias anuales	2016	0,5
02 Bebidas alcohólicas y tabaco	Variación de las medias anuales	2015	1,4
02 Bebidas alcohólicas y tabaco	Variación de las medias anuales	2014	1,4
02 Bebidas alcohólicas y tabaco	Variación de las medias anuales	2013	6,1
02 Bebidas alcohólicas y tabaco	Variación de las medias anuales	2012	5,9
02 Bebidas alcohólicas y tabaco	Variación de las medias anuales	2011	10,2
02 Bebidas alcohólicas y tabaco	Variación de las medias anuales	2010	10,9
02 Bebidas alcohólicas y tabaco	Variación de las medias anuales	2009	8,9
02 Bebidas alcohólicas y tabaco	Variación de las medias anuales	2008	3,9
02 Bebidas alcohólicas y tabaco	Variación de las medias anuales	2007	7,0
02 Bebidas alcohólicas y tabaco	Variación de las medias anuales	2006	1,8
02 Bebidas alcohólicas y tabaco	Variación de las medias anuales	2005	5,1
02 Bebidas alcohólicas y tabaco	Variación de las medias anuales	2004	4,3
02 Bebidas alcohólicas y tabaco	Variación de las medias anuales	2003	3,4
02 Bebidas alcohólicas y tabaco	Variación de las medias anuales	2002	""
03 Vestido y calzado	Media anual	2025	106,322
03 Vestido y calzado	Media anual	2024	105,886
03 Vestido y calzado	Media anual	2023	104,960
03 Vestido y calzado	Media anual	2022	102,672
03 Vestido y calzado	Media anual	2021	100,000
03 Vestido y calzado	Media anual	2020	98,992
03 Vestido y calzado	Media anual	2019	98,023
03 Vestido y calzado	Media anual	2018	97,115
03 Vestido y calzado	Media anual	2017	96,290
03 Vestido y calzado	Media anual	2016	95,827
03 Vestido y calzado	Media anual	2015	95,223
03 Vestido y calzado	Media anual	2014	94,913
03 Vestido y calzado	Media anual	2013	94,808
03 Vestido y calzado	Media anual	2012	94,768
03 Vestido y calzado	Media anual	2011	94,515
03 Vestido y calzado	Media anual	2010	94,257
03 Vestido y calzado	Media anual	2009	94,553
03 Vestido y calzado	Media anual	2008	96,147
03 Vestido y calzado	Media anual	2007	95,504
03 Vestido y calzado	Media anual	2006	94,495
03 Vestido y calzado	Media anual	2005	93,323
03 Vestido y calzado	Media anual	2004	92,066
03 Vestido y calzado	Media anual	2003	90,421
03 Vestido y calzado	Media anual	2002	87,112
03 Vestido y calzado	Variación de las medias anuales	2025	0,4
03 Vestido y calzado	Variación de las medias anuales	2024	0,9
03 Vestido y calzado	Variación de las medias anuales	2023	2,2
03 Vestido y calzado	Variación de las medias anuales	2022	2,7
03 Vestido y calzado	Variación de las medias anuales	2021	1,0
03 Vestido y calzado	Variación de las medias anuales	2020	1,0
03 Vestido y calzado	Variación de las medias anuales	2019	0,9
03 Vestido y calzado	Variación de las medias anuales	2018	0,9
03 Vestido y calzado	Variación de las medias anuales	2017	0,5
03 Vestido y calzado	Variación de las medias anuales	2016	0,6
03 Vestido y calzado	Variación de las medias anuales	2015	0,3
03 Vestido y calzado	Variación de las medias anuales	2014	0,1
03 Vestido y calzado	Variación de las medias anuales	2013	0,0
03 Vestido y calzado	Variación de las medias anuales	2012	0,3
03 Vestido y calzado	Variación de las medias anuales	2011	0,3
03 Vestido y calzado	Variación de las medias anuales	2010	-0,3
03 Vestido y calzado	Variación de las medias anuales	2009	-1,7
03 Vestido y calzado	Variación de las medias anuales	2008	0,7
03 Vestido y calzado	Variación de las medias anuales	2007	1,1
03 Vestido y calzado	Variación de las medias anuales	2006	1,3
03 Vestido y calzado	Variación de las medias anuales	2005	1,4
03 Vestido y calzado	Variación de las medias anuales	2004	1,8
03 Vestido y calzado	Variación de las medias anuales	2003	3,8
03 Vestido y calzado	Variación de las medias anuales	2002	""
04 Vivienda, agua, electricidad, gas y otros combustibles	Media anual	2025	113,088
04 Vivienda, agua, electricidad, gas y otros combustibles	Media anual	2024	106,508
04 Vivienda, agua, electricidad, gas y otros combustibles	Media anual	2023	102,786
04 Vivienda, agua, electricidad, gas y otros combustibles	Media anual	2022	115,505
04 Vivienda, agua, electricidad, gas y otros combustibles	Media anual	2021	100,000
04 Vivienda, agua, electricidad, gas y otros combustibles	Media anual	2020	89,977
04 Vivienda, agua, electricidad, gas y otros combustibles	Media anual	2019	93,281
04 Vivienda, agua, electricidad, gas y otros combustibles	Media anual	2018	94,665
04 Vivienda, agua, electricidad, gas y otros combustibles	Media anual	2017	92,483
04 Vivienda, agua, electricidad, gas y otros combustibles	Media anual	2016	88,994
04 Vivienda, agua, electricidad, gas y otros combustibles	Media anual	2015	92,934
04 Vivienda, agua, electricidad, gas y otros combustibles	Media anual	2014	94,934
04 Vivienda, agua, electricidad, gas y otros combustibles	Media anual	2013	93,692
04 Vivienda, agua, electricidad, gas y otros combustibles	Media anual	2012	92,845
04 Vivienda, agua, electricidad, gas y otros combustibles	Media anual	2011	88,367
04 Vivienda, agua, electricidad, gas y otros combustibles	Media anual	2010	82,398
04 Vivienda, agua, electricidad, gas y otros combustibles	Media anual	2009	79,586
04 Vivienda, agua, electricidad, gas y otros combustibles	Media anual	2008	78,565
04 Vivienda, agua, electricidad, gas y otros combustibles	Media anual	2007	73,669
04 Vivienda, agua, electricidad, gas y otros combustibles	Media anual	2006	71,064
04 Vivienda, agua, electricidad, gas y otros combustibles	Media anual	2005	66,709
04 Vivienda, agua, electricidad, gas y otros combustibles	Media anual	2004	63,340
04 Vivienda, agua, electricidad, gas y otros combustibles	Media anual	2003	61,199
04 Vivienda, agua, electricidad, gas y otros combustibles	Media anual	2002	59,478
04 Vivienda, agua, electricidad, gas y otros combustibles	Variación de las medias anuales	2025	6,2
04 Vivienda, agua, electricidad, gas y otros combustibles	Variación de las medias anuales	2024	3,6
04 Vivienda, agua, electricidad, gas y otros combustibles	Variación de las medias anuales	2023	-11,0
04 Vivienda, agua, electricidad, gas y otros combustibles	Variación de las medias anuales	2022	15,5
04 Vivienda, agua, electricidad, gas y otros combustibles	Variación de las medias anuales	2021	11,1
04 Vivienda, agua, electricidad, gas y otros combustibles	Variación de las medias anuales	2020	-3,5
04 Vivienda, agua, electricidad, gas y otros combustibles	Variación de las medias anuales	2019	-1,5
04 Vivienda, agua, electricidad, gas y otros combustibles	Variación de las medias anuales	2018	2,4
04 Vivienda, agua, electricidad, gas y otros combustibles	Variación de las medias anuales	2017	3,9
04 Vivienda, agua, electricidad, gas y otros combustibles	Variación de las medias anuales	2016	-4,2
04 Vivienda, agua, electricidad, gas y otros combustibles	Variación de las medias anuales	2015	-2,1
04 Vivienda, agua, electricidad, gas y otros combustibles	Variación de las medias anuales	2014	1,3
04 Vivienda, agua, electricidad, gas y otros combustibles	Variación de las medias anuales	2013	0,9
04 Vivienda, agua, electricidad, gas y otros combustibles	Variación de las medias anuales	2012	5,1
04 Vivienda, agua, electricidad, gas y otros combustibles	Variación de las medias anuales	2011	7,2
04 Vivienda, agua, electricidad, gas y otros combustibles	Variación de las medias anuales	2010	3,5
04 Vivienda, agua, electricidad, gas y otros combustibles	Variación de las medias anuales	2009	1,3
04 Vivienda, agua, electricidad, gas y otros combustibles	Variación de las medias anuales	2008	6,6
04 Vivienda, agua, electricidad, gas y otros combustibles	Variación de las medias anuales	2007	3,7
04 Vivienda, agua, electricidad, gas y otros combustibles	Variación de las medias anuales	2006	6,5
04 Vivienda, agua, electricidad, gas y otros combustibles	Variación de las medias anuales	2005	5,3
04 Vivienda, agua, electricidad, gas y otros combustibles	Variación de las medias anuales	2004	3,5
04 Vivienda, agua, electricidad, gas y otros combustibles	Variación de las medias anuales	2003	2,9
04 Vivienda, agua, electricidad, gas y otros combustibles	Variación de las medias anuales	2002	""
05 Muebles, artículos del hogar y artículos para el mantenimiento corriente del hogar	Media anual	2025	113,332
05 Muebles, artículos del hogar y artículos para el mantenimiento corriente del hogar	Media anual	2024	112,524
05 Muebles, artículos del hogar y artículos para el mantenimiento corriente del hogar	Media anual	2023	111,683
05 Muebles, artículos del hogar y artículos para el mantenimiento corriente del hogar	Media anual	2022	106,344
05 Muebles, artículos del hogar y artículos para el mantenimiento corriente del hogar	Media anual	2021	100,000
05 Muebles, artículos del hogar y artículos para el mantenimiento corriente del hogar	Media anual	2020	99,068
05 Muebles, artículos del hogar y artículos para el mantenimiento corriente del hogar	Media anual	2019	98,692
05 Muebles, artículos del hogar y artículos para el mantenimiento corriente del hogar	Media anual	2018	98,051
05 Muebles, artículos del hogar y artículos para el mantenimiento corriente del hogar	Media anual	2017	97,918
05 Muebles, artículos del hogar y artículos para el mantenimiento corriente del hogar	Media anual	2016	98,352
05 Muebles, artículos del hogar y artículos para el mantenimiento corriente del hogar	Media anual	2015	98,197
05 Muebles, artículos del hogar y artículos para el mantenimiento corriente del hogar	Media anual	2014	98,417
05 Muebles, artículos del hogar y artículos para el mantenimiento corriente del hogar	Media anual	2013	98,959
05 Muebles, artículos del hogar y artículos para el mantenimiento corriente del hogar	Media anual	2012	98,048
05 Muebles, artículos del hogar y artículos para el mantenimiento corriente del hogar	Media anual	2011	97,195
05 Muebles, artículos del hogar y artículos para el mantenimiento corriente del hogar	Media anual	2010	96,113
05 Muebles, artículos del hogar y artículos para el mantenimiento corriente del hogar	Media anual	2009	95,557
05 Muebles, artículos del hogar y artículos para el mantenimiento corriente del hogar	Media anual	2008	94,184
05 Muebles, artículos del hogar y artículos para el mantenimiento corriente del hogar	Media anual	2007	91,820
05 Muebles, artículos del hogar y artículos para el mantenimiento corriente del hogar	Media anual	2006	89,504
05 Muebles, artículos del hogar y artículos para el mantenimiento corriente del hogar	Media anual	2005	87,250
05 Muebles, artículos del hogar y artículos para el mantenimiento corriente del hogar	Media anual	2004	85,450
05 Muebles, artículos del hogar y artículos para el mantenimiento corriente del hogar	Media anual	2003	84,141
05 Muebles, artículos del hogar y artículos para el mantenimiento corriente del hogar	Media anual	2002	82,485
05 Muebles, artículos del hogar y artículos para el mantenimiento corriente del hogar	Variación de las medias anuales	2025	0,7
05 Muebles, artículos del hogar y artículos para el mantenimiento corriente del hogar	Variación de las medias anuales	2024	0,8
05 Muebles, artículos del hogar y artículos para el mantenimiento corriente del hogar	Variación de las medias anuales	2023	5,0
05 Muebles, artículos del hogar y artículos para el mantenimiento corriente del hogar	Variación de las medias anuales	2022	6,3
05 Muebles, artículos del hogar y artículos para el mantenimiento corriente del hogar	Variación de las medias anuales	2021	0,9
05 Muebles, artículos del hogar y artículos para el mantenimiento corriente del hogar	Variación de las medias anuales	2020	0,4
05 Muebles, artículos del hogar y artículos para el mantenimiento corriente del hogar	Variación de las medias anuales	2019	0,7
05 Muebles, artículos del hogar y artículos para el mantenimiento corriente del hogar	Variación de las medias anuales	2018	0,1
05 Muebles, artículos del hogar y artículos para el mantenimiento corriente del hogar	Variación de las medias anuales	2017	-0,4
05 Muebles, artículos del hogar y artículos para el mantenimiento corriente del hogar	Variación de las medias anuales	2016	0,2
05 Muebles, artículos del hogar y artículos para el mantenimiento corriente del hogar	Variación de las medias anuales	2015	-0,2
05 Muebles, artículos del hogar y artículos para el mantenimiento corriente del hogar	Variación de las medias anuales	2014	-0,5
05 Muebles, artículos del hogar y artículos para el mantenimiento corriente del hogar	Variación de las medias anuales	2013	0,9
05 Muebles, artículos del hogar y artículos para el mantenimiento corriente del hogar	Variación de las medias anuales	2012	0,9
05 Muebles, artículos del hogar y artículos para el mantenimiento corriente del hogar	Variación de las medias anuales	2011	1,1
05 Muebles, artículos del hogar y artículos para el mantenimiento corriente del hogar	Variación de las medias anuales	2010	0,6
05 Muebles, artículos del hogar y artículos para el mantenimiento corriente del hogar	Variación de las medias anuales	2009	1,5
05 Muebles, artículos del hogar y artículos para el mantenimiento corriente del hogar	Variación de las medias anuales	2008	2,6
05 Muebles, artículos del hogar y artículos para el mantenimiento corriente del hogar	Variación de las medias anuales	2007	2,6
05 Muebles, artículos del hogar y artículos para el mantenimiento corriente del hogar	Variación de las medias anuales	2006	2,6
05 Muebles, artículos del hogar y artículos para el mantenimiento corriente del hogar	Variación de las medias anuales	2005	2,1
05 Muebles, artículos del hogar y artículos para el mantenimiento corriente del hogar	Variación de las medias anuales	2004	1,6
05 Muebles, artículos del hogar y artículos para el mantenimiento corriente del hogar	Variación de las medias anuales	2003	2,0
05 Muebles, artículos del hogar y artículos para el mantenimiento corriente del hogar	Variación de las medias anuales	2002	""
06 Sanidad	Media anual	2025	107,242
06 Sanidad	Media anual	2024	105,089
06 Sanidad	Media anual	2023	102,995
06 Sanidad	Media anual	2022	101,102
06 Sanidad	Media anual	2021	100,000
06 Sanidad	Media anual	2020	99,322
06 Sanidad	Media anual	2019	98,956
06 Sanidad	Media anual	2018	98,157
06 Sanidad	Media anual	2017	97,870
06 Sanidad	Media anual	2016	97,151
06 Sanidad	Media anual	2015	97,388
06 Sanidad	Media anual	2014	97,251
06 Sanidad	Media anual	2013	97,125
06 Sanidad	Media anual	2012	90,871
06 Sanidad	Media anual	2011	87,763
06 Sanidad	Media anual	2010	88,945
06 Sanidad	Media anual	2009	89,808
06 Sanidad	Media anual	2008	90,416
06 Sanidad	Media anual	2007	90,265
06 Sanidad	Media anual	2006	91,657
06 Sanidad	Media anual	2005	90,441
06 Sanidad	Media anual	2004	89,674
06 Sanidad	Media anual	2003	89,336
06 Sanidad	Media anual	2002	87,502
06 Sanidad	Variación de las medias anuales	2025	2,0
06 Sanidad	Variación de las medias anuales	2024	2,0
06 Sanidad	Variación de las medias anuales	2023	1,9
06 Sanidad	Variación de las medias anuales	2022	1,1
06 Sanidad	Variación de las medias anuales	2021	0,7
06 Sanidad	Variación de las medias anuales	2020	0,4
06 Sanidad	Variación de las medias anuales	2019	0,8
06 Sanidad	Variación de las medias anuales	2018	0,3
06 Sanidad	Variación de las medias anuales	2017	0,7
06 Sanidad	Variación de las medias anuales	2016	-0,2
06 Sanidad	Variación de las medias anuales	2015	0,1
06 Sanidad	Variación de las medias anuales	2014	0,1
06 Sanidad	Variación de las medias anuales	2013	6,9
06 Sanidad	Variación de las medias anuales	2012	3,5
06 Sanidad	Variación de las medias anuales	2011	-1,3
06 Sanidad	Variación de las medias anuales	2010	-1,0
06 Sanidad	Variación de las medias anuales	2009	-0,7
06 Sanidad	Variación de las medias anuales	2008	0,2
06 Sanidad	Variación de las medias anuales	2007	-1,5
06 Sanidad	Variación de las medias anuales	2006	1,3
06 Sanidad	Variación de las medias anuales	2005	0,9
06 Sanidad	Variación de las medias anuales	2004	0,4
06 Sanidad	Variación de las medias anuales	2003	2,1
06 Sanidad	Variación de las medias anuales	2002	""
07 Transporte	Media anual	2025	113,083
07 Transporte	Media anual	2024	112,484
07 Transporte	Media anual	2023	111,730
07 Transporte	Media anual	2022	112,150
07 Transporte	Media anual	2021	100,000
07 Transporte	Media anual	2020	93,197
07 Transporte	Media anual	2019	96,867
07 Transporte	Media anual	2018	95,770
07 Transporte	Media anual	2017	92,482
07 Transporte	Media anual	2016	88,777
07 Transporte	Media anual	2015	90,639
07 Transporte	Media anual	2014	94,880
07 Transporte	Media anual	2013	95,790
07 Transporte	Media anual	2012	95,398
07 Transporte	Media anual	2011	91,042
07 Transporte	Media anual	2010	84,285
07 Transporte	Media anual	2009	78,862
07 Transporte	Media anual	2008	83,732
07 Transporte	Media anual	2007	79,117
07 Transporte	Media anual	2006	77,525
07 Transporte	Media anual	2005	74,188
07 Transporte	Media anual	2004	69,780
07 Transporte	Media anual	2003	66,834
07 Transporte	Media anual	2002	65,474
07 Transporte	Variación de las medias anuales	2025	0,5
07 Transporte	Variación de las medias anuales	2024	0,7
07 Transporte	Variación de las medias anuales	2023	-0,4
07 Transporte	Variación de las medias anuales	2022	12,1
07 Transporte	Variación de las medias anuales	2021	7,3
07 Transporte	Variación de las medias anuales	2020	-3,8
07 Transporte	Variación de las medias anuales	2019	1,1
07 Transporte	Variación de las medias anuales	2018	3,6
07 Transporte	Variación de las medias anuales	2017	4,2
07 Transporte	Variación de las medias anuales	2016	-2,1
07 Transporte	Variación de las medias anuales	2015	-4,5
07 Transporte	Variación de las medias anuales	2014	-0,9
07 Transporte	Variación de las medias anuales	2013	0,4
07 Transporte	Variación de las medias anuales	2012	4,8
07 Transporte	Variación de las medias anuales	2011	8,0
07 Transporte	Variación de las medias anuales	2010	6,9
07 Transporte	Variación de las medias anuales	2009	-5,8
07 Transporte	Variación de las medias anuales	2008	5,8
07 Transporte	Variación de las medias anuales	2007	2,1
07 Transporte	Variación de las medias anuales	2006	4,5
07 Transporte	Variación de las medias anuales	2005	6,3
07 Transporte	Variación de las medias anuales	2004	4,4
07 Transporte	Variación de las medias anuales	2003	2,1
07 Transporte	Variación de las medias anuales	2002	""
08 Comunicaciones	Media anual	2025	103,460
08 Comunicaciones	Media anual	2024	101,880
08 Comunicaciones	Media anual	2023	101,821
08 Comunicaciones	Media anual	2022	98,748
08 Comunicaciones	Media anual	2021	100,000
08 Comunicaciones	Media anual	2020	103,085
08 Comunicaciones	Media anual	2019	104,333
08 Comunicaciones	Media anual	2018	103,531
08 Comunicaciones	Media anual	2017	101,263
08 Comunicaciones	Media anual	2016	99,964
08 Comunicaciones	Media anual	2015	97,465
08 Comunicaciones	Media anual	2014	99,276
08 Comunicaciones	Media anual	2013	105,735
08 Comunicaciones	Media anual	2012	110,404
08 Comunicaciones	Media anual	2011	114,274
08 Comunicaciones	Media anual	2010	115,208
08 Comunicaciones	Media anual	2009	116,082
08 Comunicaciones	Media anual	2008	116,862
08 Comunicaciones	Media anual	2007	116,883
08 Comunicaciones	Media anual	2006	116,672
08 Comunicaciones	Media anual	2005	118,233
08 Comunicaciones	Media anual	2004	120,122
08 Comunicaciones	Media anual	2003	121,391
08 Comunicaciones	Media anual	2002	124,625
08 Comunicaciones	Variación de las medias anuales	2025	1,6
08 Comunicaciones	Variación de las medias anuales	2024	0,1
08 Comunicaciones	Variación de las medias anuales	2023	3,1
08 Comunicaciones	Variación de las medias anuales	2022	-1,3
08 Comunicaciones	Variación de las medias anuales	2021	-3,0
08 Comunicaciones	Variación de las medias anuales	2020	-1,2
08 Comunicaciones	Variación de las medias anuales	2019	0,8
08 Comunicaciones	Variación de las medias anuales	2018	2,2
08 Comunicaciones	Variación de las medias anuales	2017	1,3
08 Comunicaciones	Variación de las medias anuales	2016	2,6
08 Comunicaciones	Variación de las medias anuales	2015	-1,8
08 Comunicaciones	Variación de las medias anuales	2014	-6,1
08 Comunicaciones	Variación de las medias anuales	2013	-4,2
08 Comunicaciones	Variación de las medias anuales	2012	-3,4
08 Comunicaciones	Variación de las medias anuales	2011	-0,8
08 Comunicaciones	Variación de las medias anuales	2010	-0,8
08 Comunicaciones	Variación de las medias anuales	2009	-0,7
08 Comunicaciones	Variación de las medias anuales	2008	0,0
08 Comunicaciones	Variación de las medias anuales	2007	0,2
08 Comunicaciones	Variación de las medias anuales	2006	-1,3
08 Comunicaciones	Variación de las medias anuales	2005	-1,6
08 Comunicaciones	Variación de las medias anuales	2004	-1,0
08 Comunicaciones	Variación de las medias anuales	2003	-2,6
08 Comunicaciones	Variación de las medias anuales	2002	""
09 Ocio y cultura	Media anual	2025	110,845
09 Ocio y cultura	Media anual	2024	109,913
09 Ocio y cultura	Media anual	2023	107,283
09 Ocio y cultura	Media anual	2022	102,798
09 Ocio y cultura	Media anual	2021	100,000
09 Ocio y cultura	Media anual	2020	99,840
09 Ocio y cultura	Media anual	2019	100,453
09 Ocio y cultura	Media anual	2018	100,913
09 Ocio y cultura	Media anual	2017	101,100
09 Ocio y cultura	Media anual	2016	100,032
09 Ocio y cultura	Media anual	2015	100,993
09 Ocio y cultura	Media anual	2014	101,375
09 Ocio y cultura	Media anual	2013	102,769
09 Ocio y cultura	Media anual	2012	102,027
09 Ocio y cultura	Media anual	2011	101,332
09 Ocio y cultura	Media anual	2010	101,421
09 Ocio y cultura	Media anual	2009	102,694
09 Ocio y cultura	Media anual	2008	103,101
09 Ocio y cultura	Media anual	2007	103,233
09 Ocio y cultura	Media anual	2006	103,918
09 Ocio y cultura	Media anual	2005	103,796
09 Ocio y cultura	Media anual	2004	103,977
09 Ocio y cultura	Media anual	2003	103,894
09 Ocio y cultura	Media anual	2002	103,269
09 Ocio y cultura	Variación de las medias anuales	2025	0,8
09 Ocio y cultura	Variación de las medias anuales	2024	2,5
09 Ocio y cultura	Variación de las medias anuales	2023	4,4
09 Ocio y cultura	Variación de las medias anuales	2022	2,8
09 Ocio y cultura	Variación de las medias anuales	2021	0,2
09 Ocio y cultura	Variación de las medias anuales	2020	-0,6
09 Ocio y cultura	Variación de las medias anuales	2019	-0,5
09 Ocio y cultura	Variación de las medias anuales	2018	-0,2
09 Ocio y cultura	Variación de las medias anuales	2017	1,1
09 Ocio y cultura	Variación de las medias anuales	2016	-1,0
09 Ocio y cultura	Variación de las medias anuales	2015	-0,4
09 Ocio y cultura	Variación de las medias anuales	2014	-1,4
09 Ocio y cultura	Variación de las medias anuales	2013	0,7
09 Ocio y cultura	Variación de las medias anuales	2012	0,7
09 Ocio y cultura	Variación de las medias anuales	2011	-0,1
09 Ocio y cultura	Variación de las medias anuales	2010	-1,2
09 Ocio y cultura	Variación de las medias anuales	2009	-0,4
09 Ocio y cultura	Variación de las medias anuales	2008	-0,1
09 Ocio y cultura	Variación de las medias anuales	2007	-0,7
09 Ocio y cultura	Variación de las medias anuales	2006	0,1
09 Ocio y cultura	Variación de las medias anuales	2005	-0,2
09 Ocio y cultura	Variación de las medias anuales	2004	0,1
09 Ocio y cultura	Variación de las medias anuales	2003	0,6
09 Ocio y cultura	Variación de las medias anuales	2002	""
10 Enseñanza	Media anual	2025	108,782
10 Enseñanza	Media anual	2024	106,080
10 Enseñanza	Media anual	2023	103,240
10 Enseñanza	Media anual	2022	101,249
10 Enseñanza	Media anual	2021	100,000
10 Enseñanza	Media anual	2020	99,846
10 Enseñanza	Media anual	2019	99,250
10 Enseñanza	Media anual	2018	98,295
10 Enseñanza	Media anual	2017	97,528
10 Enseñanza	Media anual	2016	96,642
10 Enseñanza	Media anual	2015	96,052
10 Enseñanza	Media anual	2014	95,040
10 Enseñanza	Media anual	2013	93,391
10 Enseñanza	Media anual	2012	86,410
10 Enseñanza	Media anual	2011	82,449
10 Enseñanza	Media anual	2010	80,510
10 Enseñanza	Media anual	2009	78,548
10 Enseñanza	Media anual	2008	75,905
10 Enseñanza	Media anual	2007	72,998
10 Enseñanza	Media anual	2006	69,872
10 Enseñanza	Media anual	2005	67,193
10 Enseñanza	Media anual	2004	64,465
10 Enseñanza	Media anual	2003	61,975
10 Enseñanza	Media anual	2002	59,097
10 Enseñanza	Variación de las medias anuales	2025	2,5
10 Enseñanza	Variación de las medias anuales	2024	2,8
10 Enseñanza	Variación de las medias anuales	2023	2,0
10 Enseñanza	Variación de las medias anuales	2022	1,2
10 Enseñanza	Variación de las medias anuales	2021	0,2
10 Enseñanza	Variación de las medias anuales	2020	0,6
10 Enseñanza	Variación de las medias anuales	2019	1,0
10 Enseñanza	Variación de las medias anuales	2018	0,8
10 Enseñanza	Variación de las medias anuales	2017	0,9
10 Enseñanza	Variación de las medias anuales	2016	0,6
10 Enseñanza	Variación de las medias anuales	2015	1,1
10 Enseñanza	Variación de las medias anuales	2014	1,8
10 Enseñanza	Variación de las medias anuales	2013	8,1
10 Enseñanza	Variación de las medias anuales	2012	4,8
10 Enseñanza	Variación de las medias anuales	2011	2,4
10 Enseñanza	Variación de las medias anuales	2010	2,5
10 Enseñanza	Variación de las medias anuales	2009	3,5
10 Enseñanza	Variación de las medias anuales	2008	4,0
10 Enseñanza	Variación de las medias anuales	2007	4,5
10 Enseñanza	Variación de las medias anuales	2006	4,0
10 Enseñanza	Variación de las medias anuales	2005	4,2
10 Enseñanza	Variación de las medias anuales	2004	4,0
10 Enseñanza	Variación de las medias anuales	2003	4,9
10 Enseñanza	Variación de las medias anuales	2002	""
11 Restaurantes y hoteles	Media anual	2025	124,309
11 Restaurantes y hoteles	Media anual	2024	119,180
11 Restaurantes y hoteles	Media anual	2023	113,676
11 Restaurantes y hoteles	Media anual	2022	106,402
11 Restaurantes y hoteles	Media anual	2021	100,000
11 Restaurantes y hoteles	Media anual	2020	99,135
11 Restaurantes y hoteles	Media anual	2019	98,066
11 Restaurantes y hoteles	Media anual	2018	96,146
11 Restaurantes y hoteles	Media anual	2017	94,334
11 Restaurantes y hoteles	Media anual	2016	92,612
11 Restaurantes y hoteles	Media anual	2015	91,593
11 Restaurantes y hoteles	Media anual	2014	90,825
11 Restaurantes y hoteles	Media anual	2013	90,394
11 Restaurantes y hoteles	Media anual	2012	89,942
11 Restaurantes y hoteles	Media anual	2011	89,151
11 Restaurantes y hoteles	Media anual	2010	87,759
11 Restaurantes y hoteles	Media anual	2009	86,708
11 Restaurantes y hoteles	Media anual	2008	85,065
11 Restaurantes y hoteles	Media anual	2007	81,238
11 Restaurantes y hoteles	Media anual	2006	77,482
11 Restaurantes y hoteles	Media anual	2005	74,178
11 Restaurantes y hoteles	Media anual	2004	71,176
11 Restaurantes y hoteles	Media anual	2003	68,410
11 Restaurantes y hoteles	Media anual	2002	65,587
11 Restaurantes y hoteles	Variación de las medias anuales	2025	4,3
11 Restaurantes y hoteles	Variación de las medias anuales	2024	4,8
11 Restaurantes y hoteles	Variación de las medias anuales	2023	6,8
11 Restaurantes y hoteles	Variación de las medias anuales	2022	6,4
11 Restaurantes y hoteles	Variación de las medias anuales	2021	0,9
11 Restaurantes y hoteles	Variación de las medias anuales	2020	1,1
11 Restaurantes y hoteles	Variación de las medias anuales	2019	2,0
11 Restaurantes y hoteles	Variación de las medias anuales	2018	1,9
11 Restaurantes y hoteles	Variación de las medias anuales	2017	1,9
11 Restaurantes y hoteles	Variación de las medias anuales	2016	1,1
11 Restaurantes y hoteles	Variación de las medias anuales	2015	0,8
11 Restaurantes y hoteles	Variación de las medias anuales	2014	0,5
11 Restaurantes y hoteles	Variación de las medias anuales	2013	0,5
11 Restaurantes y hoteles	Variación de las medias anuales	2012	0,9
11 Restaurantes y hoteles	Variación de las medias anuales	2011	1,6
11 Restaurantes y hoteles	Variación de las medias anuales	2010	1,2
11 Restaurantes y hoteles	Variación de las medias anuales	2009	1,9
11 Restaurantes y hoteles	Variación de las medias anuales	2008	4,7
11 Restaurantes y hoteles	Variación de las medias anuales	2007	4,8
11 Restaurantes y hoteles	Variación de las medias anuales	2006	4,5
11 Restaurantes y hoteles	Variación de las medias anuales	2005	4,2
11 Restaurantes y hoteles	Variación de las medias anuales	2004	4,0
11 Restaurantes y hoteles	Variación de las medias anuales	2003	4,3
11 Restaurantes y hoteles	Variación de las medias anuales	2002	""
12 Otros bienes y servicios	Media anual	2025	115,845
12 Otros bienes y servicios	Media anual	2024	111,909
12 Otros bienes y servicios	Media anual	2023	108,432
12 Otros bienes y servicios	Media anual	2022	103,516
12 Otros bienes y servicios	Media anual	2021	100,000
12 Otros bienes y servicios	Media anual	2020	99,013
12 Otros bienes y servicios	Media anual	2019	97,626
12 Otros bienes y servicios	Media anual	2018	96,283
12 Otros bienes y servicios	Media anual	2017	95,422
12 Otros bienes y servicios	Media anual	2016	94,584
12 Otros bienes y servicios	Media anual	2015	93,100
12 Otros bienes y servicios	Media anual	2014	91,643
12 Otros bienes y servicios	Media anual	2013	90,748
12 Otros bienes y servicios	Media anual	2012	88,933
12 Otros bienes y servicios	Media anual	2011	86,905
12 Otros bienes y servicios	Media anual	2010	84,438
12 Otros bienes y servicios	Media anual	2009	82,556
12 Otros bienes y servicios	Media anual	2008	80,529
12 Otros bienes y servicios	Media anual	2007	77,947
12 Otros bienes y servicios	Media anual	2006	75,488
12 Otros bienes y servicios	Media anual	2005	72,818
12 Otros bienes y servicios	Media anual	2004	70,649
12 Otros bienes y servicios	Media anual	2003	68,576
12 Otros bienes y servicios	Media anual	2002	66,372
12 Otros bienes y servicios	Variación de las medias anuales	2025	3,5
12 Otros bienes y servicios	Variación de las medias anuales	2024	3,2
12 Otros bienes y servicios	Variación de las medias anuales	2023	4,7
12 Otros bienes y servicios	Variación de las medias anuales	2022	3,5
12 Otros bienes y servicios	Variación de las medias anuales	2021	1,0
12 Otros bienes y servicios	Variación de las medias anuales	2020	1,4
12 Otros bienes y servicios	Variación de las medias anuales	2019	1,4
12 Otros bienes y servicios	Variación de las medias anuales	2018	0,9
12 Otros bienes y servicios	Variación de las medias anuales	2017	0,9
12 Otros bienes y servicios	Variación de las medias anuales	2016	1,6
12 Otros bienes y servicios	Variación de las medias anuales	2015	1,6
12 Otros bienes y servicios	Variación de las medias anuales	2014	1,0
12 Otros bienes y servicios	Variación de las medias anuales	2013	2,0
12 Otros bienes y servicios	Variación de las medias anuales	2012	2,3
12 Otros bienes y servicios	Variación de las medias anuales	2011	2,9
12 Otros bienes y servicios	Variación de las medias anuales	2010	2,3
12 Otros bienes y servicios	Variación de las medias anuales	2009	2,5
12 Otros bienes y servicios	Variación de las medias anuales	2008	3,3
12 Otros bienes y servicios	Variación de las medias anuales	2007	3,3
12 Otros bienes y servicios	Variación de las medias anuales	2006	3,7
12 Otros bienes y servicios	Variación de las medias anuales	2005	3,1
12 Otros bienes y servicios	Variación de las medias anuales	2004	3,0
12 Otros bienes y servicios	Variación de las medias anuales	2003	3,3
12 Otros bienes y servicios	Variación de las medias anuales	2002	""
