Fecha;CCAA;Provincia;Tipo Producto;Consumo Tm
2026-01;Andalucía;Almería;BIODIESEL;200
2026-01;Andalucía;Almería;GASÓLEO A;31801
2026-01;Andalucía;Almería;GASÓLEO B;6670
2026-01;Andalucía;Almería;GASÓLEO C;1110
2026-01;Andalucía;Almería;OTROS GASOLEOS;780
2026-01;Andalucía;Almería;BIOETANOL;0
2026-01;Andalucía;Almería;GASOLINA  AUTO. S/PB 95 I.O.;6154
2026-01;Andalucía;Almería;GASOLINA  AUTO. S/PB 98 I.O.;293
2026-01;Andalucía;Almería;OTRAS GASOLINAS;1
2026-01;Andalucía;Almería;FUELÓLEO  BIA;199
2026-01;Andalucía;Almería;OTROS FUELÓLEOS;27009
2026-01;Andalucía;Almería;QUEROSENO AVIACIÓN;431
2026-01;Andalucía;Almería;OTROS QUEROSENOS;0
2026-01;Andalucía;Almería;GLP;3754
2026-01;Andalucía;Cádiz;BIODIESEL;123
2026-01;Andalucía;Cádiz;GASÓLEO A;28787
2026-01;Andalucía;Cádiz;GASÓLEO B;5100
2026-01;Andalucía;Cádiz;GASÓLEO C;417
2026-01;Andalucía;Cádiz;OTROS GASOLEOS;23824
2026-01;Andalucía;Cádiz;BIOETANOL;0
2026-01;Andalucía;Cádiz;GASOLINA  AUTO. S/PB 95 I.O.;10997
2026-01;Andalucía;Cádiz;GASOLINA  AUTO. S/PB 98 I.O.;377
2026-01;Andalucía;Cádiz;OTRAS GASOLINAS;20
2026-01;Andalucía;Cádiz;FUELÓLEO  BIA;25171
2026-01;Andalucía;Cádiz;OTROS FUELÓLEOS;168868
2026-01;Andalucía;Cádiz;QUEROSENO AVIACIÓN;664
2026-01;Andalucía;Cádiz;OTROS QUEROSENOS;0
2026-01;Andalucía;Cádiz;GLP;4314
2026-01;Andalucía;Córdoba;BIODIESEL;193
2026-01;Andalucía;Córdoba;GASÓLEO A;27889
2026-01;Andalucía;Córdoba;GASÓLEO B;7306
2026-01;Andalucía;Córdoba;GASÓLEO C;1219
2026-01;Andalucía;Córdoba;OTROS GASOLEOS;0
2026-01;Andalucía;Córdoba;BIOETANOL;0
2026-01;Andalucía;Córdoba;GASOLINA  AUTO. S/PB 95 I.O.;5786
2026-01;Andalucía;Córdoba;GASOLINA  AUTO. S/PB 98 I.O.;137
2026-01;Andalucía;Córdoba;OTRAS GASOLINAS;7
2026-01;Andalucía;Córdoba;FUELÓLEO  BIA;52
2026-01;Andalucía;Córdoba;OTROS FUELÓLEOS;0
2026-01;Andalucía;Córdoba;QUEROSENO AVIACIÓN;38
2026-01;Andalucía;Córdoba;OTROS QUEROSENOS;0
2026-01;Andalucía;Córdoba;GLP;2564
2026-01;Andalucía;Granada;BIODIESEL;86
2026-01;Andalucía;Granada;GASÓLEO A;30443
2026-01;Andalucía;Granada;GASÓLEO B;7172
2026-01;Andalucía;Granada;GASÓLEO C;5410
2026-01;Andalucía;Granada;OTROS GASOLEOS;360
2026-01;Andalucía;Granada;BIOETANOL;0
2026-01;Andalucía;Granada;GASOLINA  AUTO. S/PB 95 I.O.;8639
2026-01;Andalucía;Granada;GASOLINA  AUTO. S/PB 98 I.O.;387
2026-01;Andalucía;Granada;OTRAS GASOLINAS;4
2026-01;Andalucía;Granada;FUELÓLEO  BIA;104
2026-01;Andalucía;Granada;OTROS FUELÓLEOS;507
2026-01;Andalucía;Granada;QUEROSENO AVIACIÓN;1120
2026-01;Andalucía;Granada;OTROS QUEROSENOS;0
2026-01;Andalucía;Granada;GLP;4564
2026-01;Andalucía;Huelva;BIODIESEL;228
2026-01;Andalucía;Huelva;GASÓLEO A;21193
2026-01;Andalucía;Huelva;GASÓLEO B;7277
2026-01;Andalucía;Huelva;GASÓLEO C;170
2026-01;Andalucía;Huelva;OTROS GASOLEOS;3973
2026-01;Andalucía;Huelva;BIOETANOL;0
2026-01;Andalucía;Huelva;GASOLINA  AUTO. S/PB 95 I.O.;4843
2026-01;Andalucía;Huelva;GASOLINA  AUTO. S/PB 98 I.O.;166
2026-01;Andalucía;Huelva;OTRAS GASOLINAS;0
2026-01;Andalucía;Huelva;FUELÓLEO  BIA;553
2026-01;Andalucía;Huelva;OTROS FUELÓLEOS;6756
2026-01;Andalucía;Huelva;QUEROSENO AVIACIÓN;0
2026-01;Andalucía;Huelva;OTROS QUEROSENOS;0
2026-01;Andalucía;Huelva;GLP;3157
2026-01;Andalucía;Jaén;BIODIESEL;280
2026-01;Andalucía;Jaén;GASÓLEO A;29492
2026-01;Andalucía;Jaén;GASÓLEO B;5739
2026-01;Andalucía;Jaén;GASÓLEO C;2342
2026-01;Andalucía;Jaén;OTROS GASOLEOS;0
2026-01;Andalucía;Jaén;BIOETANOL;0
2026-01;Andalucía;Jaén;GASOLINA  AUTO. S/PB 95 I.O.;7126
2026-01;Andalucía;Jaén;GASOLINA  AUTO. S/PB 98 I.O.;139
2026-01;Andalucía;Jaén;OTRAS GASOLINAS;0
2026-01;Andalucía;Jaén;FUELÓLEO  BIA;255
2026-01;Andalucía;Jaén;OTROS FUELÓLEOS;0
2026-01;Andalucía;Jaén;QUEROSENO AVIACIÓN;0
2026-01;Andalucía;Jaén;OTROS QUEROSENOS;0
2026-01;Andalucía;Jaén;GLP;2066
2026-01;Andalucía;Málaga;BIODIESEL;239
2026-01;Andalucía;Málaga;GASÓLEO A;44404
2026-01;Andalucía;Málaga;GASÓLEO B;4209
2026-01;Andalucía;Málaga;GASÓLEO C;939
2026-01;Andalucía;Málaga;OTROS GASOLEOS;553
2026-01;Andalucía;Málaga;BIOETANOL;0
2026-01;Andalucía;Málaga;GASOLINA  AUTO. S/PB 95 I.O.;19020
2026-01;Andalucía;Málaga;GASOLINA  AUTO. S/PB 98 I.O.;1189
2026-01;Andalucía;Málaga;OTRAS GASOLINAS;14
2026-01;Andalucía;Málaga;FUELÓLEO  BIA;115
2026-01;Andalucía;Málaga;OTROS FUELÓLEOS;0
2026-01;Andalucía;Málaga;QUEROSENO AVIACIÓN;27830
2026-01;Andalucía;Málaga;OTROS QUEROSENOS;0
2026-01;Andalucía;Málaga;GLP;6829
2026-01;Andalucía;Sevilla;BIODIESEL;243
2026-01;Andalucía;Sevilla;GASÓLEO A;51545
2026-01;Andalucía;Sevilla;GASÓLEO B;6482
2026-01;Andalucía;Sevilla;GASÓLEO C;987
2026-01;Andalucía;Sevilla;OTROS GASOLEOS;761
2026-01;Andalucía;Sevilla;BIOETANOL;0
2026-01;Andalucía;Sevilla;GASOLINA  AUTO. S/PB 95 I.O.;16821
2026-01;Andalucía;Sevilla;GASOLINA  AUTO. S/PB 98 I.O.;400
2026-01;Andalucía;Sevilla;OTRAS GASOLINAS;3
2026-01;Andalucía;Sevilla;FUELÓLEO  BIA;71
2026-01;Andalucía;Sevilla;OTROS FUELÓLEOS;0
2026-01;Andalucía;Sevilla;QUEROSENO AVIACIÓN;11799
2026-01;Andalucía;Sevilla;OTROS QUEROSENOS;0
2026-01;Andalucía;Sevilla;GLP;6657
2026-01;Aragón;Huesca;BIODIESEL;206
2026-01;Aragón;Huesca;GASÓLEO A;13376
2026-01;Aragón;Huesca;GASÓLEO B;7920
2026-01;Aragón;Huesca;GASÓLEO C;2617
2026-01;Aragón;Huesca;OTROS GASOLEOS;0
2026-01;Aragón;Huesca;BIOETANOL;0
2026-01;Aragón;Huesca;GASOLINA  AUTO. S/PB 95 I.O.;3143
2026-01;Aragón;Huesca;GASOLINA  AUTO. S/PB 98 I.O.;184
2026-01;Aragón;Huesca;OTRAS GASOLINAS;0
2026-01;Aragón;Huesca;FUELÓLEO  BIA;0
2026-01;Aragón;Huesca;OTROS FUELÓLEOS;0
2026-01;Aragón;Huesca;QUEROSENO AVIACIÓN;0
2026-01;Aragón;Huesca;OTROS QUEROSENOS;0
2026-01;Aragón;Huesca;GLP;3695
2026-01;Aragón;Teruel;BIODIESEL;71
2026-01;Aragón;Teruel;GASÓLEO A;8167
2026-01;Aragón;Teruel;GASÓLEO B;4211
2026-01;Aragón;Teruel;GASÓLEO C;3146
2026-01;Aragón;Teruel;OTROS GASOLEOS;0
2026-01;Aragón;Teruel;BIOETANOL;0
2026-01;Aragón;Teruel;GASOLINA  AUTO. S/PB 95 I.O.;1600
2026-01;Aragón;Teruel;GASOLINA  AUTO. S/PB 98 I.O.;75
2026-01;Aragón;Teruel;OTRAS GASOLINAS;0
2026-01;Aragón;Teruel;FUELÓLEO  BIA;53
2026-01;Aragón;Teruel;OTROS FUELÓLEOS;0
2026-01;Aragón;Teruel;QUEROSENO AVIACIÓN;35
2026-01;Aragón;Teruel;OTROS QUEROSENOS;0
2026-01;Aragón;Teruel;GLP;1047
2026-01;Aragón;Zaragoza;BIODIESEL;1487
2026-01;Aragón;Zaragoza;GASÓLEO A;38934
2026-01;Aragón;Zaragoza;GASÓLEO B;10620
2026-01;Aragón;Zaragoza;GASÓLEO C;10150
2026-01;Aragón;Zaragoza;OTROS GASOLEOS;0
2026-01;Aragón;Zaragoza;BIOETANOL;0
2026-01;Aragón;Zaragoza;GASOLINA  AUTO. S/PB 95 I.O.;9431
2026-01;Aragón;Zaragoza;GASOLINA  AUTO. S/PB 98 I.O.;312
2026-01;Aragón;Zaragoza;OTRAS GASOLINAS;1
2026-01;Aragón;Zaragoza;FUELÓLEO  BIA;25
2026-01;Aragón;Zaragoza;OTROS FUELÓLEOS;126
2026-01;Aragón;Zaragoza;QUEROSENO AVIACIÓN;7169
2026-01;Aragón;Zaragoza;OTROS QUEROSENOS;0
2026-01;Aragón;Zaragoza;GLP;3043
2026-01;Asturias, Principado de;Asturias;BIODIESEL;417
2026-01;Asturias, Principado de;Asturias;GASÓLEO A;28806
2026-01;Asturias, Principado de;Asturias;GASÓLEO B;7984
2026-01;Asturias, Principado de;Asturias;GASÓLEO C;5417
2026-01;Asturias, Principado de;Asturias;OTROS GASOLEOS;2744
2026-01;Asturias, Principado de;Asturias;BIOETANOL;0
2026-01;Asturias, Principado de;Asturias;GASOLINA  AUTO. S/PB 95 I.O.;8491
2026-01;Asturias, Principado de;Asturias;GASOLINA  AUTO. S/PB 98 I.O.;473
2026-01;Asturias, Principado de;Asturias;OTRAS GASOLINAS;0
2026-01;Asturias, Principado de;Asturias;FUELÓLEO  BIA;407
2026-01;Asturias, Principado de;Asturias;OTROS FUELÓLEOS;212
2026-01;Asturias, Principado de;Asturias;QUEROSENO AVIACIÓN;1578
2026-01;Asturias, Principado de;Asturias;OTROS QUEROSENOS;0
2026-01;Asturias, Principado de;Asturias;GLP;3860
2026-01;Balears, Illes;Balears, Illes;BIODIESEL;0
2026-01;Balears, Illes;Balears, Illes;GASÓLEO A;19807
2026-01;Balears, Illes;Balears, Illes;GASÓLEO B;3483
2026-01;Balears, Illes;Balears, Illes;GASÓLEO C;16038
2026-01;Balears, Illes;Balears, Illes;OTROS GASOLEOS;1452
2026-01;Balears, Illes;Balears, Illes;BIOETANOL;0
2026-01;Balears, Illes;Balears, Illes;GASOLINA  AUTO. S/PB 95 I.O.;15461
2026-01;Balears, Illes;Balears, Illes;GASOLINA  AUTO. S/PB 98 I.O.;767
2026-01;Balears, Illes;Balears, Illes;OTRAS GASOLINAS;13
2026-01;Balears, Illes;Balears, Illes;FUELÓLEO  BIA;0
2026-01;Balears, Illes;Balears, Illes;OTROS FUELÓLEOS;0
2026-01;Balears, Illes;Balears, Illes;QUEROSENO AVIACIÓN;13973
2026-01;Balears, Illes;Balears, Illes;OTROS QUEROSENOS;0
2026-01;Balears, Illes;Balears, Illes;GLP;4942
2026-01;Canarias;Palmas, Las;BIODIESEL;387
2026-01;Canarias;Palmas, Las;GASÓLEO A;26197
2026-01;Canarias;Palmas, Las;GASÓLEO B;0
2026-01;Canarias;Palmas, Las;GASÓLEO C;0
2026-01;Canarias;Palmas, Las;OTROS GASOLEOS;95913
2026-01;Canarias;Palmas, Las;BIOETANOL;0
2026-01;Canarias;Palmas, Las;GASOLINA  AUTO. S/PB 95 I.O.;19598
2026-01;Canarias;Palmas, Las;GASOLINA  AUTO. S/PB 98 I.O.;3622
2026-01;Canarias;Palmas, Las;OTRAS GASOLINAS;4
2026-01;Canarias;Palmas, Las;FUELÓLEO  BIA;90945
2026-01;Canarias;Palmas, Las;OTROS FUELÓLEOS;71102
2026-01;Canarias;Palmas, Las;QUEROSENO AVIACIÓN;59709
2026-01;Canarias;Palmas, Las;OTROS QUEROSENOS;0
2026-01;Canarias;Palmas, Las;GLP;3634
2026-01;Canarias;Santa Cruz de Tenerife;BIODIESEL;261
2026-01;Canarias;Santa Cruz de Tenerife;GASÓLEO A;25167
2026-01;Canarias;Santa Cruz de Tenerife;GASÓLEO B;0
2026-01;Canarias;Santa Cruz de Tenerife;GASÓLEO C;0
2026-01;Canarias;Santa Cruz de Tenerife;OTROS GASOLEOS;56720
2026-01;Canarias;Santa Cruz de Tenerife;BIOETANOL;0
2026-01;Canarias;Santa Cruz de Tenerife;GASOLINA  AUTO. S/PB 95 I.O.;18663
2026-01;Canarias;Santa Cruz de Tenerife;GASOLINA  AUTO. S/PB 98 I.O.;4879
2026-01;Canarias;Santa Cruz de Tenerife;OTRAS GASOLINAS;0
2026-01;Canarias;Santa Cruz de Tenerife;FUELÓLEO  BIA;20257
2026-01;Canarias;Santa Cruz de Tenerife;OTROS FUELÓLEOS;30303
2026-01;Canarias;Santa Cruz de Tenerife;QUEROSENO AVIACIÓN;57321
2026-01;Canarias;Santa Cruz de Tenerife;OTROS QUEROSENOS;0
2026-01;Canarias;Santa Cruz de Tenerife;GLP;4555
2026-01;Cantabria;Cantabria;BIODIESEL;348
2026-01;Cantabria;Cantabria;GASÓLEO A;21693
2026-01;Cantabria;Cantabria;GASÓLEO B;6388
2026-01;Cantabria;Cantabria;GASÓLEO C;216
2026-01;Cantabria;Cantabria;OTROS GASOLEOS;528
2026-01;Cantabria;Cantabria;BIOETANOL;0
2026-01;Cantabria;Cantabria;GASOLINA  AUTO. S/PB 95 I.O.;6480
2026-01;Cantabria;Cantabria;GASOLINA  AUTO. S/PB 98 I.O.;230
2026-01;Cantabria;Cantabria;OTRAS GASOLINAS;0
2026-01;Cantabria;Cantabria;FUELÓLEO  BIA;482
2026-01;Cantabria;Cantabria;OTROS FUELÓLEOS;0
2026-01;Cantabria;Cantabria;QUEROSENO AVIACIÓN;787
2026-01;Cantabria;Cantabria;OTROS QUEROSENOS;0
2026-01;Cantabria;Cantabria;GLP;3299
2026-01;Castilla - La Mancha;Albacete;BIODIESEL;217
2026-01;Castilla - La Mancha;Albacete;GASÓLEO A;16141
2026-01;Castilla - La Mancha;Albacete;GASÓLEO B;5932
2026-01;Castilla - La Mancha;Albacete;GASÓLEO C;4496
2026-01;Castilla - La Mancha;Albacete;OTROS GASOLEOS;0
2026-01;Castilla - La Mancha;Albacete;BIOETANOL;0
2026-01;Castilla - La Mancha;Albacete;GASOLINA  AUTO. S/PB 95 I.O.;3384
2026-01;Castilla - La Mancha;Albacete;GASOLINA  AUTO. S/PB 98 I.O.;140
2026-01;Castilla - La Mancha;Albacete;OTRAS GASOLINAS;0
2026-01;Castilla - La Mancha;Albacete;FUELÓLEO  BIA;0
2026-01;Castilla - La Mancha;Albacete;OTROS FUELÓLEOS;0
2026-01;Castilla - La Mancha;Albacete;QUEROSENO AVIACIÓN;61
2026-01;Castilla - La Mancha;Albacete;OTROS QUEROSENOS;0
2026-01;Castilla - La Mancha;Albacete;GLP;1907
2026-01;Castilla - La Mancha;Ciudad Real;BIODIESEL;537
2026-01;Castilla - La Mancha;Ciudad Real;GASÓLEO A;22072
2026-01;Castilla - La Mancha;Ciudad Real;GASÓLEO B;9666
2026-01;Castilla - La Mancha;Ciudad Real;GASÓLEO C;4961
2026-01;Castilla - La Mancha;Ciudad Real;OTROS GASOLEOS;0
2026-01;Castilla - La Mancha;Ciudad Real;BIOETANOL;0
2026-01;Castilla - La Mancha;Ciudad Real;GASOLINA  AUTO. S/PB 95 I.O.;4461
2026-01;Castilla - La Mancha;Ciudad Real;GASOLINA  AUTO. S/PB 98 I.O.;149
2026-01;Castilla - La Mancha;Ciudad Real;OTRAS GASOLINAS;0
2026-01;Castilla - La Mancha;Ciudad Real;FUELÓLEO  BIA;20
2026-01;Castilla - La Mancha;Ciudad Real;OTROS FUELÓLEOS;0
2026-01;Castilla - La Mancha;Ciudad Real;QUEROSENO AVIACIÓN;53
2026-01;Castilla - La Mancha;Ciudad Real;OTROS QUEROSENOS;0
2026-01;Castilla - La Mancha;Ciudad Real;GLP;1715
2026-01;Castilla - La Mancha;Cuenca;BIODIESEL;99
2026-01;Castilla - La Mancha;Cuenca;GASÓLEO A;13173
2026-01;Castilla - La Mancha;Cuenca;GASÓLEO B;9955
2026-01;Castilla - La Mancha;Cuenca;GASÓLEO C;2856
2026-01;Castilla - La Mancha;Cuenca;OTROS GASOLEOS;0
2026-01;Castilla - La Mancha;Cuenca;BIOETANOL;0
2026-01;Castilla - La Mancha;Cuenca;GASOLINA  AUTO. S/PB 95 I.O.;2398
2026-01;Castilla - La Mancha;Cuenca;GASOLINA  AUTO. S/PB 98 I.O.;84
2026-01;Castilla - La Mancha;Cuenca;OTRAS GASOLINAS;0
2026-01;Castilla - La Mancha;Cuenca;FUELÓLEO  BIA;0
2026-01;Castilla - La Mancha;Cuenca;OTROS FUELÓLEOS;0
2026-01;Castilla - La Mancha;Cuenca;QUEROSENO AVIACIÓN;0
2026-01;Castilla - La Mancha;Cuenca;OTROS QUEROSENOS;0
2026-01;Castilla - La Mancha;Cuenca;GLP;1227
2026-01;Castilla - La Mancha;Guadalajara;BIODIESEL;238
2026-01;Castilla - La Mancha;Guadalajara;GASÓLEO A;11009
2026-01;Castilla - La Mancha;Guadalajara;GASÓLEO B;5500
2026-01;Castilla - La Mancha;Guadalajara;GASÓLEO C;3221
2026-01;Castilla - La Mancha;Guadalajara;OTROS GASOLEOS;0
2026-01;Castilla - La Mancha;Guadalajara;BIOETANOL;0
2026-01;Castilla - La Mancha;Guadalajara;GASOLINA  AUTO. S/PB 95 I.O.;3718
2026-01;Castilla - La Mancha;Guadalajara;GASOLINA  AUTO. S/PB 98 I.O.;103
2026-01;Castilla - La Mancha;Guadalajara;OTRAS GASOLINAS;0
2026-01;Castilla - La Mancha;Guadalajara;FUELÓLEO  BIA;27
2026-01;Castilla - La Mancha;Guadalajara;OTROS FUELÓLEOS;0
2026-01;Castilla - La Mancha;Guadalajara;QUEROSENO AVIACIÓN;0
2026-01;Castilla - La Mancha;Guadalajara;OTROS QUEROSENOS;0
2026-01;Castilla - La Mancha;Guadalajara;GLP;964
2026-01;Castilla - La Mancha;Toledo;BIODIESEL;583
2026-01;Castilla - La Mancha;Toledo;GASÓLEO A;32529
2026-01;Castilla - La Mancha;Toledo;GASÓLEO B;18099
2026-01;Castilla - La Mancha;Toledo;GASÓLEO C;8218
2026-01;Castilla - La Mancha;Toledo;OTROS GASOLEOS;0
2026-01;Castilla - La Mancha;Toledo;BIOETANOL;0
2026-01;Castilla - La Mancha;Toledo;GASOLINA  AUTO. S/PB 95 I.O.;8438
2026-01;Castilla - La Mancha;Toledo;GASOLINA  AUTO. S/PB 98 I.O.;294
2026-01;Castilla - La Mancha;Toledo;OTRAS GASOLINAS;15
2026-01;Castilla - La Mancha;Toledo;FUELÓLEO  BIA;40
2026-01;Castilla - La Mancha;Toledo;OTROS FUELÓLEOS;0
2026-01;Castilla - La Mancha;Toledo;QUEROSENO AVIACIÓN;9
2026-01;Castilla - La Mancha;Toledo;OTROS QUEROSENOS;0
2026-01;Castilla - La Mancha;Toledo;GLP;3459
2026-01;Castilla y León;Ávila;BIODIESEL;102
2026-01;Castilla y León;Ávila;GASÓLEO A;6154
2026-01;Castilla y León;Ávila;GASÓLEO B;4077
2026-01;Castilla y León;Ávila;GASÓLEO C;1847
2026-01;Castilla y León;Ávila;OTROS GASOLEOS;0
2026-01;Castilla y León;Ávila;BIOETANOL;0
2026-01;Castilla y León;Ávila;GASOLINA  AUTO. S/PB 95 I.O.;1675
2026-01;Castilla y León;Ávila;GASOLINA  AUTO. S/PB 98 I.O.;68
2026-01;Castilla y León;Ávila;OTRAS GASOLINAS;0
2026-01;Castilla y León;Ávila;FUELÓLEO  BIA;0
2026-01;Castilla y León;Ávila;OTROS FUELÓLEOS;0
2026-01;Castilla y León;Ávila;QUEROSENO AVIACIÓN;0
2026-01;Castilla y León;Ávila;OTROS QUEROSENOS;0
2026-01;Castilla y León;Ávila;GLP;1488
2026-01;Castilla y León;Burgos;BIODIESEL;391
2026-01;Castilla y León;Burgos;GASÓLEO A;21661
2026-01;Castilla y León;Burgos;GASÓLEO B;8193
2026-01;Castilla y León;Burgos;GASÓLEO C;1930
2026-01;Castilla y León;Burgos;OTROS GASOLEOS;0
2026-01;Castilla y León;Burgos;BIOETANOL;0
2026-01;Castilla y León;Burgos;GASOLINA  AUTO. S/PB 95 I.O.;4332
2026-01;Castilla y León;Burgos;GASOLINA  AUTO. S/PB 98 I.O.;256
2026-01;Castilla y León;Burgos;OTRAS GASOLINAS;4
2026-01;Castilla y León;Burgos;FUELÓLEO  BIA;68
2026-01;Castilla y León;Burgos;OTROS FUELÓLEOS;0
2026-01;Castilla y León;Burgos;QUEROSENO AVIACIÓN;1
2026-01;Castilla y León;Burgos;OTROS QUEROSENOS;0
2026-01;Castilla y León;Burgos;GLP;1390
2026-01;Castilla y León;León;BIODIESEL;178
2026-01;Castilla y León;León;GASÓLEO A;22324
2026-01;Castilla y León;León;GASÓLEO B;10916
2026-01;Castilla y León;León;GASÓLEO C;9444
2026-01;Castilla y León;León;OTROS GASOLEOS;0
2026-01;Castilla y León;León;BIOETANOL;12
2026-01;Castilla y León;León;GASOLINA  AUTO. S/PB 95 I.O.;4657
2026-01;Castilla y León;León;GASOLINA  AUTO. S/PB 98 I.O.;265
2026-01;Castilla y León;León;OTRAS GASOLINAS;0
2026-01;Castilla y León;León;FUELÓLEO  BIA;50
2026-01;Castilla y León;León;OTROS FUELÓLEOS;0
2026-01;Castilla y León;León;QUEROSENO AVIACIÓN;14
2026-01;Castilla y León;León;OTROS QUEROSENOS;0
2026-01;Castilla y León;León;GLP;1899
2026-01;Castilla y León;Palencia;BIODIESEL;63
2026-01;Castilla y León;Palencia;GASÓLEO A;7817
2026-01;Castilla y León;Palencia;GASÓLEO B;5680
2026-01;Castilla y León;Palencia;GASÓLEO C;1170
2026-01;Castilla y León;Palencia;OTROS GASOLEOS;0
2026-01;Castilla y León;Palencia;BIOETANOL;0
2026-01;Castilla y León;Palencia;GASOLINA  AUTO. S/PB 95 I.O.;1549
2026-01;Castilla y León;Palencia;GASOLINA  AUTO. S/PB 98 I.O.;75
2026-01;Castilla y León;Palencia;OTRAS GASOLINAS;0
2026-01;Castilla y León;Palencia;FUELÓLEO  BIA;0
2026-01;Castilla y León;Palencia;OTROS FUELÓLEOS;0
2026-01;Castilla y León;Palencia;QUEROSENO AVIACIÓN;0
2026-01;Castilla y León;Palencia;OTROS QUEROSENOS;0
2026-01;Castilla y León;Palencia;GLP;669
2026-01;Castilla y León;Salamanca;BIODIESEL;95
2026-01;Castilla y León;Salamanca;GASÓLEO A;19828
2026-01;Castilla y León;Salamanca;GASÓLEO B;6107
2026-01;Castilla y León;Salamanca;GASÓLEO C;4901
2026-01;Castilla y León;Salamanca;OTROS GASOLEOS;0
2026-01;Castilla y León;Salamanca;BIOETANOL;0
2026-01;Castilla y León;Salamanca;GASOLINA  AUTO. S/PB 95 I.O.;3053
2026-01;Castilla y León;Salamanca;GASOLINA  AUTO. S/PB 98 I.O.;160
2026-01;Castilla y León;Salamanca;OTRAS GASOLINAS;11
2026-01;Castilla y León;Salamanca;FUELÓLEO  BIA;0
2026-01;Castilla y León;Salamanca;OTROS FUELÓLEOS;0
2026-01;Castilla y León;Salamanca;QUEROSENO AVIACIÓN;15
2026-01;Castilla y León;Salamanca;OTROS QUEROSENOS;0
2026-01;Castilla y León;Salamanca;GLP;1340
2026-01;Castilla y León;Segovia;BIODIESEL;98
2026-01;Castilla y León;Segovia;GASÓLEO A;8139
2026-01;Castilla y León;Segovia;GASÓLEO B;4732
2026-01;Castilla y León;Segovia;GASÓLEO C;3265
2026-01;Castilla y León;Segovia;OTROS GASOLEOS;0
2026-01;Castilla y León;Segovia;BIOETANOL;0
2026-01;Castilla y León;Segovia;GASOLINA  AUTO. S/PB 95 I.O.;2136
2026-01;Castilla y León;Segovia;GASOLINA  AUTO. S/PB 98 I.O.;95
2026-01;Castilla y León;Segovia;OTRAS GASOLINAS;0
2026-01;Castilla y León;Segovia;FUELÓLEO  BIA;26
2026-01;Castilla y León;Segovia;OTROS FUELÓLEOS;0
2026-01;Castilla y León;Segovia;QUEROSENO AVIACIÓN;0
2026-01;Castilla y León;Segovia;OTROS QUEROSENOS;0
2026-01;Castilla y León;Segovia;GLP;1238
2026-01;Castilla y León;Soria;BIODIESEL;45
2026-01;Castilla y León;Soria;GASÓLEO A;5493
2026-01;Castilla y León;Soria;GASÓLEO B;2417
2026-01;Castilla y León;Soria;GASÓLEO C;1654
2026-01;Castilla y León;Soria;OTROS GASOLEOS;0
2026-01;Castilla y León;Soria;BIOETANOL;0
2026-01;Castilla y León;Soria;GASOLINA  AUTO. S/PB 95 I.O.;1098
2026-01;Castilla y León;Soria;GASOLINA  AUTO. S/PB 98 I.O.;51
2026-01;Castilla y León;Soria;OTRAS GASOLINAS;9
2026-01;Castilla y León;Soria;FUELÓLEO  BIA;0
2026-01;Castilla y León;Soria;OTROS FUELÓLEOS;0
2026-01;Castilla y León;Soria;QUEROSENO AVIACIÓN;0
2026-01;Castilla y León;Soria;OTROS QUEROSENOS;0
2026-01;Castilla y León;Soria;GLP;375
2026-01;Castilla y León;Valladolid;BIODIESEL;255
2026-01;Castilla y León;Valladolid;GASÓLEO A;18402
2026-01;Castilla y León;Valladolid;GASÓLEO B;6139
2026-01;Castilla y León;Valladolid;GASÓLEO C;3988
2026-01;Castilla y León;Valladolid;OTROS GASOLEOS;0
2026-01;Castilla y León;Valladolid;BIOETANOL;0
2026-01;Castilla y León;Valladolid;GASOLINA  AUTO. S/PB 95 I.O.;5055
2026-01;Castilla y León;Valladolid;GASOLINA  AUTO. S/PB 98 I.O.;225
2026-01;Castilla y León;Valladolid;OTRAS GASOLINAS;1
2026-01;Castilla y León;Valladolid;FUELÓLEO  BIA;0
2026-01;Castilla y León;Valladolid;OTROS FUELÓLEOS;0
2026-01;Castilla y León;Valladolid;QUEROSENO AVIACIÓN;83
2026-01;Castilla y León;Valladolid;OTROS QUEROSENOS;0
2026-01;Castilla y León;Valladolid;GLP;1255
2026-01;Castilla y León;Zamora;BIODIESEL;37
2026-01;Castilla y León;Zamora;GASÓLEO A;15726
2026-01;Castilla y León;Zamora;GASÓLEO B;6321
2026-01;Castilla y León;Zamora;GASÓLEO C;1195
2026-01;Castilla y León;Zamora;OTROS GASOLEOS;0
2026-01;Castilla y León;Zamora;BIOETANOL;0
2026-01;Castilla y León;Zamora;GASOLINA  AUTO. S/PB 95 I.O.;1837
2026-01;Castilla y León;Zamora;GASOLINA  AUTO. S/PB 98 I.O.;108
2026-01;Castilla y León;Zamora;OTRAS GASOLINAS;0
2026-01;Castilla y León;Zamora;FUELÓLEO  BIA;0
2026-01;Castilla y León;Zamora;OTROS FUELÓLEOS;0
2026-01;Castilla y León;Zamora;QUEROSENO AVIACIÓN;0
2026-01;Castilla y León;Zamora;OTROS QUEROSENOS;0
2026-01;Castilla y León;Zamora;GLP;820
2026-01;Cataluña;Barcelona;BIODIESEL;1663
2026-01;Cataluña;Barcelona;GASÓLEO A;111938
2026-01;Cataluña;Barcelona;GASÓLEO B;25172
2026-01;Cataluña;Barcelona;GASÓLEO C;8736
2026-01;Cataluña;Barcelona;OTROS GASOLEOS;24748
2026-01;Cataluña;Barcelona;BIOETANOL;12
2026-01;Cataluña;Barcelona;GASOLINA  AUTO. S/PB 95 I.O.;58506
2026-01;Cataluña;Barcelona;GASOLINA  AUTO. S/PB 98 I.O.;2573
2026-01;Cataluña;Barcelona;OTRAS GASOLINAS;49
2026-01;Cataluña;Barcelona;FUELÓLEO  BIA;19088
2026-01;Cataluña;Barcelona;OTROS FUELÓLEOS;44221
2026-01;Cataluña;Barcelona;QUEROSENO AVIACIÓN;94242
2026-01;Cataluña;Barcelona;OTROS QUEROSENOS;1
2026-01;Cataluña;Barcelona;GLP;8798
2026-01;Cataluña;Girona;BIODIESEL;801
2026-01;Cataluña;Girona;GASÓLEO A;110457
2026-01;Cataluña;Girona;GASÓLEO B;6181
2026-01;Cataluña;Girona;GASÓLEO C;6588
2026-01;Cataluña;Girona;OTROS GASOLEOS;256
2026-01;Cataluña;Girona;BIOETANOL;0
2026-01;Cataluña;Girona;GASOLINA  AUTO. S/PB 95 I.O.;13034
2026-01;Cataluña;Girona;GASOLINA  AUTO. S/PB 98 I.O.;703
2026-01;Cataluña;Girona;OTRAS GASOLINAS;6
2026-01;Cataluña;Girona;FUELÓLEO  BIA;77
2026-01;Cataluña;Girona;OTROS FUELÓLEOS;0
2026-01;Cataluña;Girona;QUEROSENO AVIACIÓN;688
2026-01;Cataluña;Girona;OTROS QUEROSENOS;0
2026-01;Cataluña;Girona;GLP;5171
2026-01;Cataluña;Lleida;BIODIESEL;135
2026-01;Cataluña;Lleida;GASÓLEO A;23202
2026-01;Cataluña;Lleida;GASÓLEO B;10091
2026-01;Cataluña;Lleida;GASÓLEO C;2513
2026-01;Cataluña;Lleida;OTROS GASOLEOS;0
2026-01;Cataluña;Lleida;BIOETANOL;0
2026-01;Cataluña;Lleida;GASOLINA  AUTO. S/PB 95 I.O.;6000
2026-01;Cataluña;Lleida;GASOLINA  AUTO. S/PB 98 I.O.;282
2026-01;Cataluña;Lleida;OTRAS GASOLINAS;8
2026-01;Cataluña;Lleida;FUELÓLEO  BIA;52
2026-01;Cataluña;Lleida;OTROS FUELÓLEOS;0
2026-01;Cataluña;Lleida;QUEROSENO AVIACIÓN;97
2026-01;Cataluña;Lleida;OTROS QUEROSENOS;1
2026-01;Cataluña;Lleida;GLP;4310
2026-01;Cataluña;Tarragona;BIODIESEL;437
2026-01;Cataluña;Tarragona;GASÓLEO A;28847
2026-01;Cataluña;Tarragona;GASÓLEO B;6860
2026-01;Cataluña;Tarragona;GASÓLEO C;1026
2026-01;Cataluña;Tarragona;OTROS GASOLEOS;2189
2026-01;Cataluña;Tarragona;BIOETANOL;0
2026-01;Cataluña;Tarragona;GASOLINA  AUTO. S/PB 95 I.O.;11001
2026-01;Cataluña;Tarragona;GASOLINA  AUTO. S/PB 98 I.O.;384
2026-01;Cataluña;Tarragona;OTRAS GASOLINAS;6
2026-01;Cataluña;Tarragona;FUELÓLEO  BIA;0
2026-01;Cataluña;Tarragona;OTROS FUELÓLEOS;0
2026-01;Cataluña;Tarragona;QUEROSENO AVIACIÓN;55
2026-01;Cataluña;Tarragona;OTROS QUEROSENOS;0
2026-01;Cataluña;Tarragona;GLP;3165
2026-01;Ceuta;Ceuta;BIODIESEL;0
2026-01;Ceuta;Ceuta;GASÓLEO A;796
2026-01;Ceuta;Ceuta;GASÓLEO B;0
2026-01;Ceuta;Ceuta;GASÓLEO C;55
2026-01;Ceuta;Ceuta;OTROS GASOLEOS;821
2026-01;Ceuta;Ceuta;BIOETANOL;0
2026-01;Ceuta;Ceuta;GASOLINA  AUTO. S/PB 95 I.O.;447
2026-01;Ceuta;Ceuta;GASOLINA  AUTO. S/PB 98 I.O.;54
2026-01;Ceuta;Ceuta;OTRAS GASOLINAS;0
2026-01;Ceuta;Ceuta;FUELÓLEO  BIA;4990
2026-01;Ceuta;Ceuta;OTROS FUELÓLEOS;2028
2026-01;Ceuta;Ceuta;QUEROSENO AVIACIÓN;27
2026-01;Ceuta;Ceuta;OTROS QUEROSENOS;0
2026-01;Ceuta;Ceuta;GLP;240
2026-01;Comunitat Valenciana;Alicante/Alacant;BIODIESEL;528
2026-01;Comunitat Valenciana;Alicante/Alacant;GASÓLEO A;46356
2026-01;Comunitat Valenciana;Alicante/Alacant;GASÓLEO B;4717
2026-01;Comunitat Valenciana;Alicante/Alacant;GASÓLEO C;3584
2026-01;Comunitat Valenciana;Alicante/Alacant;OTROS GASOLEOS;760
2026-01;Comunitat Valenciana;Alicante/Alacant;BIOETANOL;0
2026-01;Comunitat Valenciana;Alicante/Alacant;GASOLINA  AUTO. S/PB 95 I.O.;22676
2026-01;Comunitat Valenciana;Alicante/Alacant;GASOLINA  AUTO. S/PB 98 I.O.;1046
2026-01;Comunitat Valenciana;Alicante/Alacant;OTRAS GASOLINAS;15
2026-01;Comunitat Valenciana;Alicante/Alacant;FUELÓLEO  BIA;113
2026-01;Comunitat Valenciana;Alicante/Alacant;OTROS FUELÓLEOS;0
2026-01;Comunitat Valenciana;Alicante/Alacant;QUEROSENO AVIACIÓN;20271
2026-01;Comunitat Valenciana;Alicante/Alacant;OTROS QUEROSENOS;0
2026-01;Comunitat Valenciana;Alicante/Alacant;GLP;10160
2026-01;Comunitat Valenciana;Castellón/Castelló;BIODIESEL;34
2026-01;Comunitat Valenciana;Castellón/Castelló;GASÓLEO A;20109
2026-01;Comunitat Valenciana;Castellón/Castelló;GASÓLEO B;2701
2026-01;Comunitat Valenciana;Castellón/Castelló;GASÓLEO C;1132
2026-01;Comunitat Valenciana;Castellón/Castelló;OTROS GASOLEOS;17180
2026-01;Comunitat Valenciana;Castellón/Castelló;BIOETANOL;0
2026-01;Comunitat Valenciana;Castellón/Castelló;GASOLINA  AUTO. S/PB 95 I.O.;6883
2026-01;Comunitat Valenciana;Castellón/Castelló;GASOLINA  AUTO. S/PB 98 I.O.;248
2026-01;Comunitat Valenciana;Castellón/Castelló;OTRAS GASOLINAS;8
2026-01;Comunitat Valenciana;Castellón/Castelló;FUELÓLEO  BIA;0
2026-01;Comunitat Valenciana;Castellón/Castelló;OTROS FUELÓLEOS;0
2026-01;Comunitat Valenciana;Castellón/Castelló;QUEROSENO AVIACIÓN;337
2026-01;Comunitat Valenciana;Castellón/Castelló;OTROS QUEROSENOS;0
2026-01;Comunitat Valenciana;Castellón/Castelló;GLP;2642
2026-01;Comunitat Valenciana;Valencia/València;BIODIESEL;548
2026-01;Comunitat Valenciana;Valencia/València;GASÓLEO A;87020
2026-01;Comunitat Valenciana;Valencia/València;GASÓLEO B;12214
2026-01;Comunitat Valenciana;Valencia/València;GASÓLEO C;2758
2026-01;Comunitat Valenciana;Valencia/València;OTROS GASOLEOS;5054
2026-01;Comunitat Valenciana;Valencia/València;BIOETANOL;0
2026-01;Comunitat Valenciana;Valencia/València;GASOLINA  AUTO. S/PB 95 I.O.;27941
2026-01;Comunitat Valenciana;Valencia/València;GASOLINA  AUTO. S/PB 98 I.O.;1010
2026-01;Comunitat Valenciana;Valencia/València;OTRAS GASOLINAS;6
2026-01;Comunitat Valenciana;Valencia/València;FUELÓLEO  BIA;76
2026-01;Comunitat Valenciana;Valencia/València;OTROS FUELÓLEOS;14885
2026-01;Comunitat Valenciana;Valencia/València;QUEROSENO AVIACIÓN;10836
2026-01;Comunitat Valenciana;Valencia/València;OTROS QUEROSENOS;1
2026-01;Comunitat Valenciana;Valencia/València;GLP;8474
2026-01;Extremadura;Badajoz;BIODIESEL;248
2026-01;Extremadura;Badajoz;GASÓLEO A;39477
2026-01;Extremadura;Badajoz;GASÓLEO B;6519
2026-01;Extremadura;Badajoz;GASÓLEO C;1102
2026-01;Extremadura;Badajoz;OTROS GASOLEOS;0
2026-01;Extremadura;Badajoz;BIOETANOL;0
2026-01;Extremadura;Badajoz;GASOLINA  AUTO. S/PB 95 I.O.;6160
2026-01;Extremadura;Badajoz;GASOLINA  AUTO. S/PB 98 I.O.;187
2026-01;Extremadura;Badajoz;OTRAS GASOLINAS;1
2026-01;Extremadura;Badajoz;FUELÓLEO  BIA;26
2026-01;Extremadura;Badajoz;OTROS FUELÓLEOS;0
2026-01;Extremadura;Badajoz;QUEROSENO AVIACIÓN;49
2026-01;Extremadura;Badajoz;OTROS QUEROSENOS;0
2026-01;Extremadura;Badajoz;GLP;4008
2026-01;Extremadura;Cáceres;BIODIESEL;125
2026-01;Extremadura;Cáceres;GASÓLEO A;15496
2026-01;Extremadura;Cáceres;GASÓLEO B;3957
2026-01;Extremadura;Cáceres;GASÓLEO C;1428
2026-01;Extremadura;Cáceres;OTROS GASOLEOS;0
2026-01;Extremadura;Cáceres;BIOETANOL;0
2026-01;Extremadura;Cáceres;GASOLINA  AUTO. S/PB 95 I.O.;3784
2026-01;Extremadura;Cáceres;GASOLINA  AUTO. S/PB 98 I.O.;135
2026-01;Extremadura;Cáceres;OTRAS GASOLINAS;0
2026-01;Extremadura;Cáceres;FUELÓLEO  BIA;108
2026-01;Extremadura;Cáceres;OTROS FUELÓLEOS;0
2026-01;Extremadura;Cáceres;QUEROSENO AVIACIÓN;0
2026-01;Extremadura;Cáceres;OTROS QUEROSENOS;0
2026-01;Extremadura;Cáceres;GLP;2422
2026-01;Galicia;Coruña, A;BIODIESEL;240
2026-01;Galicia;Coruña, A;GASÓLEO A;38102
2026-01;Galicia;Coruña, A;GASÓLEO B;8302
2026-01;Galicia;Coruña, A;GASÓLEO C;9320
2026-01;Galicia;Coruña, A;OTROS GASOLEOS;2330
2026-01;Galicia;Coruña, A;BIOETANOL;0
2026-01;Galicia;Coruña, A;GASOLINA  AUTO. S/PB 95 I.O.;10132
2026-01;Galicia;Coruña, A;GASOLINA  AUTO. S/PB 98 I.O.;440
2026-01;Galicia;Coruña, A;OTRAS GASOLINAS;3
2026-01;Galicia;Coruña, A;FUELÓLEO  BIA;3293
2026-01;Galicia;Coruña, A;OTROS FUELÓLEOS;444
2026-01;Galicia;Coruña, A;QUEROSENO AVIACIÓN;2767
2026-01;Galicia;Coruña, A;OTROS QUEROSENOS;0
2026-01;Galicia;Coruña, A;GLP;5452
2026-01;Galicia;Lugo;BIODIESEL;145
2026-01;Galicia;Lugo;GASÓLEO A;15656
2026-01;Galicia;Lugo;GASÓLEO B;4439
2026-01;Galicia;Lugo;GASÓLEO C;6193
2026-01;Galicia;Lugo;OTROS GASOLEOS;1291
2026-01;Galicia;Lugo;BIOETANOL;0
2026-01;Galicia;Lugo;GASOLINA  AUTO. S/PB 95 I.O.;2723
2026-01;Galicia;Lugo;GASOLINA  AUTO. S/PB 98 I.O.;112
2026-01;Galicia;Lugo;OTRAS GASOLINAS;0
2026-01;Galicia;Lugo;FUELÓLEO  BIA;0
2026-01;Galicia;Lugo;OTROS FUELÓLEOS;0
2026-01;Galicia;Lugo;QUEROSENO AVIACIÓN;0
2026-01;Galicia;Lugo;OTROS QUEROSENOS;0
2026-01;Galicia;Lugo;GLP;2448
2026-01;Galicia;Ourense;BIODIESEL;114
2026-01;Galicia;Ourense;GASÓLEO A;12179
2026-01;Galicia;Ourense;GASÓLEO B;1886
2026-01;Galicia;Ourense;GASÓLEO C;8888
2026-01;Galicia;Ourense;OTROS GASOLEOS;27
2026-01;Galicia;Ourense;BIOETANOL;0
2026-01;Galicia;Ourense;GASOLINA  AUTO. S/PB 95 I.O.;2683
2026-01;Galicia;Ourense;GASOLINA  AUTO. S/PB 98 I.O.;189
2026-01;Galicia;Ourense;OTRAS GASOLINAS;0
2026-01;Galicia;Ourense;FUELÓLEO  BIA;54
2026-01;Galicia;Ourense;OTROS FUELÓLEOS;0
2026-01;Galicia;Ourense;QUEROSENO AVIACIÓN;12
2026-01;Galicia;Ourense;OTROS QUEROSENOS;0
2026-01;Galicia;Ourense;GLP;2230
2026-01;Galicia;Pontevedra;BIODIESEL;342
2026-01;Galicia;Pontevedra;GASÓLEO A;34093
2026-01;Galicia;Pontevedra;GASÓLEO B;5998
2026-01;Galicia;Pontevedra;GASÓLEO C;10021
2026-01;Galicia;Pontevedra;OTROS GASOLEOS;5961
2026-01;Galicia;Pontevedra;BIOETANOL;0
2026-01;Galicia;Pontevedra;GASOLINA  AUTO. S/PB 95 I.O.;8236
2026-01;Galicia;Pontevedra;GASOLINA  AUTO. S/PB 98 I.O.;415
2026-01;Galicia;Pontevedra;OTRAS GASOLINAS;0
2026-01;Galicia;Pontevedra;FUELÓLEO  BIA;653
2026-01;Galicia;Pontevedra;OTROS FUELÓLEOS;517
2026-01;Galicia;Pontevedra;QUEROSENO AVIACIÓN;861
2026-01;Galicia;Pontevedra;OTROS QUEROSENOS;0
2026-01;Galicia;Pontevedra;GLP;4784
2026-01;Madrid, Comunidad de;Madrid;BIODIESEL;2513
2026-01;Madrid, Comunidad de;Madrid;GASÓLEO A;136651
2026-01;Madrid, Comunidad de;Madrid;GASÓLEO B;15949
2026-01;Madrid, Comunidad de;Madrid;GASÓLEO C;33504
2026-01;Madrid, Comunidad de;Madrid;OTROS GASOLEOS;0
2026-01;Madrid, Comunidad de;Madrid;BIOETANOL;0
2026-01;Madrid, Comunidad de;Madrid;GASOLINA  AUTO. S/PB 95 I.O.;74093
2026-01;Madrid, Comunidad de;Madrid;GASOLINA  AUTO. S/PB 98 I.O.;2512
2026-01;Madrid, Comunidad de;Madrid;OTRAS GASOLINAS;29
2026-01;Madrid, Comunidad de;Madrid;FUELÓLEO  BIA;230
2026-01;Madrid, Comunidad de;Madrid;OTROS FUELÓLEOS;0
2026-01;Madrid, Comunidad de;Madrid;QUEROSENO AVIACIÓN;234191
2026-01;Madrid, Comunidad de;Madrid;OTROS QUEROSENOS;0
2026-01;Madrid, Comunidad de;Madrid;GLP;13167
2026-01;Melilla;Melilla;BIODIESEL;0
2026-01;Melilla;Melilla;GASÓLEO A;939
2026-01;Melilla;Melilla;GASÓLEO B;0
2026-01;Melilla;Melilla;GASÓLEO C;0
2026-01;Melilla;Melilla;OTROS GASOLEOS;0
2026-01;Melilla;Melilla;BIOETANOL;0
2026-01;Melilla;Melilla;GASOLINA  AUTO. S/PB 95 I.O.;517
2026-01;Melilla;Melilla;GASOLINA  AUTO. S/PB 98 I.O.;0
2026-01;Melilla;Melilla;OTRAS GASOLINAS;0
2026-01;Melilla;Melilla;FUELÓLEO  BIA;5190
2026-01;Melilla;Melilla;OTROS FUELÓLEOS;0
2026-01;Melilla;Melilla;QUEROSENO AVIACIÓN;160
2026-01;Melilla;Melilla;OTROS QUEROSENOS;0
2026-01;Melilla;Melilla;GLP;233
2026-01;Murcia, Región de;Murcia;BIODIESEL;1494
2026-01;Murcia, Región de;Murcia;GASÓLEO A;71731
2026-01;Murcia, Región de;Murcia;GASÓLEO B;12530
2026-01;Murcia, Región de;Murcia;GASÓLEO C;1566
2026-01;Murcia, Región de;Murcia;OTROS GASOLEOS;2173
2026-01;Murcia, Región de;Murcia;BIOETANOL;0
2026-01;Murcia, Región de;Murcia;GASOLINA  AUTO. S/PB 95 I.O.;14234
2026-01;Murcia, Región de;Murcia;GASOLINA  AUTO. S/PB 98 I.O.;605
2026-01;Murcia, Región de;Murcia;OTRAS GASOLINAS;5
2026-01;Murcia, Región de;Murcia;FUELÓLEO  BIA;144
2026-01;Murcia, Región de;Murcia;OTROS FUELÓLEOS;53
2026-01;Murcia, Región de;Murcia;QUEROSENO AVIACIÓN;638
2026-01;Murcia, Región de;Murcia;OTROS QUEROSENOS;0
2026-01;Murcia, Región de;Murcia;GLP;6551
2026-01;Navarra, Comunidad Foral de;Navarra;BIODIESEL;426
2026-01;Navarra, Comunidad Foral de;Navarra;GASÓLEO A;49453
2026-01;Navarra, Comunidad Foral de;Navarra;GASÓLEO B;8846
2026-01;Navarra, Comunidad Foral de;Navarra;GASÓLEO C;1688
2026-01;Navarra, Comunidad Foral de;Navarra;OTROS GASOLEOS;0
2026-01;Navarra, Comunidad Foral de;Navarra;BIOETANOL;0
2026-01;Navarra, Comunidad Foral de;Navarra;GASOLINA  AUTO. S/PB 95 I.O.;6882
2026-01;Navarra, Comunidad Foral de;Navarra;GASOLINA  AUTO. S/PB 98 I.O.;240
2026-01;Navarra, Comunidad Foral de;Navarra;OTRAS GASOLINAS;1
2026-01;Navarra, Comunidad Foral de;Navarra;FUELÓLEO  BIA;615
2026-01;Navarra, Comunidad Foral de;Navarra;OTROS FUELÓLEOS;0
2026-01;Navarra, Comunidad Foral de;Navarra;QUEROSENO AVIACIÓN;127
2026-01;Navarra, Comunidad Foral de;Navarra;OTROS QUEROSENOS;0
2026-01;Navarra, Comunidad Foral de;Navarra;GLP;1778
2026-01;País Vasco;Araba/Álava;BIODIESEL;303
2026-01;País Vasco;Araba/Álava;GASÓLEO A;42819
2026-01;País Vasco;Araba/Álava;GASÓLEO B;3249
2026-01;País Vasco;Araba/Álava;GASÓLEO C;932
2026-01;País Vasco;Araba/Álava;OTROS GASOLEOS;0
2026-01;País Vasco;Araba/Álava;BIOETANOL;0
2026-01;País Vasco;Araba/Álava;GASOLINA  AUTO. S/PB 95 I.O.;2483
2026-01;País Vasco;Araba/Álava;GASOLINA  AUTO. S/PB 98 I.O.;166
2026-01;País Vasco;Araba/Álava;OTRAS GASOLINAS;0
2026-01;País Vasco;Araba/Álava;FUELÓLEO  BIA;27
2026-01;País Vasco;Araba/Álava;OTROS FUELÓLEOS;0
2026-01;País Vasco;Araba/Álava;QUEROSENO AVIACIÓN;1175
2026-01;País Vasco;Araba/Álava;OTROS QUEROSENOS;0
2026-01;País Vasco;Araba/Álava;GLP;802
2026-01;País Vasco;Bizkaia;BIODIESEL;693
2026-01;País Vasco;Bizkaia;GASÓLEO A;28730
2026-01;País Vasco;Bizkaia;GASÓLEO B;9945
2026-01;País Vasco;Bizkaia;GASÓLEO C;6893
2026-01;País Vasco;Bizkaia;OTROS GASOLEOS;1287
2026-01;País Vasco;Bizkaia;BIOETANOL;0
2026-01;País Vasco;Bizkaia;GASOLINA  AUTO. S/PB 95 I.O.;8180
2026-01;País Vasco;Bizkaia;GASOLINA  AUTO. S/PB 98 I.O.;385
2026-01;País Vasco;Bizkaia;OTRAS GASOLINAS;1
2026-01;País Vasco;Bizkaia;FUELÓLEO  BIA;213
2026-01;País Vasco;Bizkaia;OTROS FUELÓLEOS;0
2026-01;País Vasco;Bizkaia;QUEROSENO AVIACIÓN;4759
2026-01;País Vasco;Bizkaia;OTROS QUEROSENOS;1
2026-01;País Vasco;Bizkaia;GLP;2275
2026-01;País Vasco;Gipuzkoa;BIODIESEL;305
2026-01;País Vasco;Gipuzkoa;GASÓLEO A;54368
2026-01;País Vasco;Gipuzkoa;GASÓLEO B;1917
2026-01;País Vasco;Gipuzkoa;GASÓLEO C;563
2026-01;País Vasco;Gipuzkoa;OTROS GASOLEOS;584
2026-01;País Vasco;Gipuzkoa;BIOETANOL;0
2026-01;País Vasco;Gipuzkoa;GASOLINA  AUTO. S/PB 95 I.O.;6729
2026-01;País Vasco;Gipuzkoa;GASOLINA  AUTO. S/PB 98 I.O.;357
2026-01;País Vasco;Gipuzkoa;OTRAS GASOLINAS;0
2026-01;País Vasco;Gipuzkoa;FUELÓLEO  BIA;52
2026-01;País Vasco;Gipuzkoa;OTROS FUELÓLEOS;0
2026-01;País Vasco;Gipuzkoa;QUEROSENO AVIACIÓN;334
2026-01;País Vasco;Gipuzkoa;OTROS QUEROSENOS;0
2026-01;País Vasco;Gipuzkoa;GLP;2632
2026-01;Rioja, La;Rioja, La;BIODIESEL;113
2026-01;Rioja, La;Rioja, La;GASÓLEO A;11801
2026-01;Rioja, La;Rioja, La;GASÓLEO B;4363
2026-01;Rioja, La;Rioja, La;GASÓLEO C;3069
2026-01;Rioja, La;Rioja, La;OTROS GASOLEOS;0
2026-01;Rioja, La;Rioja, La;BIOETANOL;0
2026-01;Rioja, La;Rioja, La;GASOLINA  AUTO. S/PB 95 I.O.;2735
2026-01;Rioja, La;Rioja, La;GASOLINA  AUTO. S/PB 98 I.O.;90
2026-01;Rioja, La;Rioja, La;OTRAS GASOLINAS;4
2026-01;Rioja, La;Rioja, La;FUELÓLEO  BIA;26
2026-01;Rioja, La;Rioja, La;OTROS FUELÓLEOS;0
2026-01;Rioja, La;Rioja, La;QUEROSENO AVIACIÓN;13
2026-01;Rioja, La;Rioja, La;OTROS QUEROSENOS;0
2026-01;Rioja, La;Rioja, La;GLP;772
2026-02;Andalucía;Almería;BIODIESEL;230
2026-02;Andalucía;Almería;GASÓLEO A;31510
2026-02;Andalucía;Almería;GASÓLEO B;5524
2026-02;Andalucía;Almería;GASÓLEO C;291
2026-02;Andalucía;Almería;OTROS GASOLEOS;1338
2026-02;Andalucía;Almería;BIOETANOL;0
2026-02;Andalucía;Almería;GASOLINA  AUTO. S/PB 95 I.O.;6041
2026-02;Andalucía;Almería;GASOLINA  AUTO. S/PB 98 I.O.;300
2026-02;Andalucía;Almería;OTRAS GASOLINAS;1
2026-02;Andalucía;Almería;FUELÓLEO  BIA;138
2026-02;Andalucía;Almería;OTROS FUELÓLEOS;26804
2026-02;Andalucía;Almería;QUEROSENO AVIACIÓN;537
2026-02;Andalucía;Almería;OTROS QUEROSENOS;0
2026-02;Andalucía;Almería;GLP;2696
2026-02;Andalucía;Cádiz;BIODIESEL;136
2026-02;Andalucía;Cádiz;GASÓLEO A;27498
2026-02;Andalucía;Cádiz;GASÓLEO B;5180
2026-02;Andalucía;Cádiz;GASÓLEO C;271
2026-02;Andalucía;Cádiz;OTROS GASOLEOS;25558
2026-02;Andalucía;Cádiz;BIOETANOL;0
2026-02;Andalucía;Cádiz;GASOLINA  AUTO. S/PB 95 I.O.;10185
2026-02;Andalucía;Cádiz;GASOLINA  AUTO. S/PB 98 I.O.;352
2026-02;Andalucía;Cádiz;OTRAS GASOLINAS;23
2026-02;Andalucía;Cádiz;FUELÓLEO  BIA;20693
2026-02;Andalucía;Cádiz;OTROS FUELÓLEOS;151444
2026-02;Andalucía;Cádiz;QUEROSENO AVIACIÓN;762
2026-02;Andalucía;Cádiz;OTROS QUEROSENOS;0
2026-02;Andalucía;Cádiz;GLP;3657
2026-02;Andalucía;Córdoba;BIODIESEL;204
2026-02;Andalucía;Córdoba;GASÓLEO A;25763
2026-02;Andalucía;Córdoba;GASÓLEO B;5837
2026-02;Andalucía;Córdoba;GASÓLEO C;1160
2026-02;Andalucía;Córdoba;OTROS GASOLEOS;0
2026-02;Andalucía;Córdoba;BIOETANOL;0
2026-02;Andalucía;Córdoba;GASOLINA  AUTO. S/PB 95 I.O.;5450
2026-02;Andalucía;Córdoba;GASOLINA  AUTO. S/PB 98 I.O.;149
2026-02;Andalucía;Córdoba;OTRAS GASOLINAS;2
2026-02;Andalucía;Córdoba;FUELÓLEO  BIA;25
2026-02;Andalucía;Córdoba;OTROS FUELÓLEOS;0
2026-02;Andalucía;Córdoba;QUEROSENO AVIACIÓN;30
2026-02;Andalucía;Córdoba;OTROS QUEROSENOS;0
2026-02;Andalucía;Córdoba;GLP;2075
2026-02;Andalucía;Granada;BIODIESEL;97
2026-02;Andalucía;Granada;GASÓLEO A;29461
2026-02;Andalucía;Granada;GASÓLEO B;5208
2026-02;Andalucía;Granada;GASÓLEO C;3998
2026-02;Andalucía;Granada;OTROS GASOLEOS;486
2026-02;Andalucía;Granada;BIOETANOL;0
2026-02;Andalucía;Granada;GASOLINA  AUTO. S/PB 95 I.O.;8225
2026-02;Andalucía;Granada;GASOLINA  AUTO. S/PB 98 I.O.;395
2026-02;Andalucía;Granada;OTRAS GASOLINAS;4
2026-02;Andalucía;Granada;FUELÓLEO  BIA;52
2026-02;Andalucía;Granada;OTROS FUELÓLEOS;509
2026-02;Andalucía;Granada;QUEROSENO AVIACIÓN;996
2026-02;Andalucía;Granada;OTROS QUEROSENOS;0
2026-02;Andalucía;Granada;GLP;3593
2026-02;Andalucía;Huelva;BIODIESEL;237
2026-02;Andalucía;Huelva;GASÓLEO A;21299
2026-02;Andalucía;Huelva;GASÓLEO B;7446
2026-02;Andalucía;Huelva;GASÓLEO C;234
2026-02;Andalucía;Huelva;OTROS GASOLEOS;4466
2026-02;Andalucía;Huelva;BIOETANOL;0
2026-02;Andalucía;Huelva;GASOLINA  AUTO. S/PB 95 I.O.;4553
2026-02;Andalucía;Huelva;GASOLINA  AUTO. S/PB 98 I.O.;171
2026-02;Andalucía;Huelva;OTRAS GASOLINAS;0
2026-02;Andalucía;Huelva;FUELÓLEO  BIA;584
2026-02;Andalucía;Huelva;OTROS FUELÓLEOS;7972
2026-02;Andalucía;Huelva;QUEROSENO AVIACIÓN;0
2026-02;Andalucía;Huelva;OTROS QUEROSENOS;0
2026-02;Andalucía;Huelva;GLP;2675
2026-02;Andalucía;Jaén;BIODIESEL;248
2026-02;Andalucía;Jaén;GASÓLEO A;29613
2026-02;Andalucía;Jaén;GASÓLEO B;3956
2026-02;Andalucía;Jaén;GASÓLEO C;1570
2026-02;Andalucía;Jaén;OTROS GASOLEOS;0
2026-02;Andalucía;Jaén;BIOETANOL;0
2026-02;Andalucía;Jaén;GASOLINA  AUTO. S/PB 95 I.O.;5289
2026-02;Andalucía;Jaén;GASOLINA  AUTO. S/PB 98 I.O.;133
2026-02;Andalucía;Jaén;OTRAS GASOLINAS;0
2026-02;Andalucía;Jaén;FUELÓLEO  BIA;276
2026-02;Andalucía;Jaén;OTROS FUELÓLEOS;0
2026-02;Andalucía;Jaén;QUEROSENO AVIACIÓN;0
2026-02;Andalucía;Jaén;OTROS QUEROSENOS;0
2026-02;Andalucía;Jaén;GLP;1877
2026-02;Andalucía;Málaga;BIODIESEL;212
2026-02;Andalucía;Málaga;GASÓLEO A;41754
2026-02;Andalucía;Málaga;GASÓLEO B;3967
2026-02;Andalucía;Málaga;GASÓLEO C;700
2026-02;Andalucía;Málaga;OTROS GASOLEOS;1185
2026-02;Andalucía;Málaga;BIOETANOL;0
2026-02;Andalucía;Málaga;GASOLINA  AUTO. S/PB 95 I.O.;18341
2026-02;Andalucía;Málaga;GASOLINA  AUTO. S/PB 98 I.O.;1085
2026-02;Andalucía;Málaga;OTRAS GASOLINAS;14
2026-02;Andalucía;Málaga;FUELÓLEO  BIA;77
2026-02;Andalucía;Málaga;OTROS FUELÓLEOS;0
2026-02;Andalucía;Málaga;QUEROSENO AVIACIÓN;27274
2026-02;Andalucía;Málaga;OTROS QUEROSENOS;0
2026-02;Andalucía;Málaga;GLP;5392
2026-02;Andalucía;Sevilla;BIODIESEL;231
2026-02;Andalucía;Sevilla;GASÓLEO A;51345
2026-02;Andalucía;Sevilla;GASÓLEO B;6042
2026-02;Andalucía;Sevilla;GASÓLEO C;938
2026-02;Andalucía;Sevilla;OTROS GASOLEOS;1282
2026-02;Andalucía;Sevilla;BIOETANOL;0
2026-02;Andalucía;Sevilla;GASOLINA  AUTO. S/PB 95 I.O.;16146
2026-02;Andalucía;Sevilla;GASOLINA  AUTO. S/PB 98 I.O.;399
2026-02;Andalucía;Sevilla;OTRAS GASOLINAS;4
2026-02;Andalucía;Sevilla;FUELÓLEO  BIA;101
2026-02;Andalucía;Sevilla;OTROS FUELÓLEOS;0
2026-02;Andalucía;Sevilla;QUEROSENO AVIACIÓN;11671
2026-02;Andalucía;Sevilla;OTROS QUEROSENOS;0
2026-02;Andalucía;Sevilla;GLP;5295
2026-02;Aragón;Huesca;BIODIESEL;217
2026-02;Aragón;Huesca;GASÓLEO A;13418
2026-02;Aragón;Huesca;GASÓLEO B;6273
2026-02;Aragón;Huesca;GASÓLEO C;1855
2026-02;Aragón;Huesca;OTROS GASOLEOS;0
2026-02;Aragón;Huesca;BIOETANOL;0
2026-02;Aragón;Huesca;GASOLINA  AUTO. S/PB 95 I.O.;3290
2026-02;Aragón;Huesca;GASOLINA  AUTO. S/PB 98 I.O.;161
2026-02;Aragón;Huesca;OTRAS GASOLINAS;0
2026-02;Aragón;Huesca;FUELÓLEO  BIA;0
2026-02;Aragón;Huesca;OTROS FUELÓLEOS;0
2026-02;Aragón;Huesca;QUEROSENO AVIACIÓN;29
2026-02;Aragón;Huesca;OTROS QUEROSENOS;0
2026-02;Aragón;Huesca;GLP;3010
2026-02;Aragón;Teruel;BIODIESEL;78
2026-02;Aragón;Teruel;GASÓLEO A;8645
2026-02;Aragón;Teruel;GASÓLEO B;4047
2026-02;Aragón;Teruel;GASÓLEO C;2151
2026-02;Aragón;Teruel;OTROS GASOLEOS;0
2026-02;Aragón;Teruel;BIOETANOL;0
2026-02;Aragón;Teruel;GASOLINA  AUTO. S/PB 95 I.O.;1501
2026-02;Aragón;Teruel;GASOLINA  AUTO. S/PB 98 I.O.;78
2026-02;Aragón;Teruel;OTRAS GASOLINAS;0
2026-02;Aragón;Teruel;FUELÓLEO  BIA;52
2026-02;Aragón;Teruel;OTROS FUELÓLEOS;0
2026-02;Aragón;Teruel;QUEROSENO AVIACIÓN;78
2026-02;Aragón;Teruel;OTROS QUEROSENOS;0
2026-02;Aragón;Teruel;GLP;741
2026-02;Aragón;Zaragoza;BIODIESEL;1567
2026-02;Aragón;Zaragoza;GASÓLEO A;40675
2026-02;Aragón;Zaragoza;GASÓLEO B;9432
2026-02;Aragón;Zaragoza;GASÓLEO C;7760
2026-02;Aragón;Zaragoza;OTROS GASOLEOS;0
2026-02;Aragón;Zaragoza;BIOETANOL;0
2026-02;Aragón;Zaragoza;GASOLINA  AUTO. S/PB 95 I.O.;9339
2026-02;Aragón;Zaragoza;GASOLINA  AUTO. S/PB 98 I.O.;347
2026-02;Aragón;Zaragoza;OTRAS GASOLINAS;2
2026-02;Aragón;Zaragoza;FUELÓLEO  BIA;0
2026-02;Aragón;Zaragoza;OTROS FUELÓLEOS;0
2026-02;Aragón;Zaragoza;QUEROSENO AVIACIÓN;6268
2026-02;Aragón;Zaragoza;OTROS QUEROSENOS;0
2026-02;Aragón;Zaragoza;GLP;2499
2026-02;Asturias, Principado de;Asturias;BIODIESEL;342
2026-02;Asturias, Principado de;Asturias;GASÓLEO A;28504
2026-02;Asturias, Principado de;Asturias;GASÓLEO B;6229
2026-02;Asturias, Principado de;Asturias;GASÓLEO C;3985
2026-02;Asturias, Principado de;Asturias;OTROS GASOLEOS;3147
2026-02;Asturias, Principado de;Asturias;BIOETANOL;0
2026-02;Asturias, Principado de;Asturias;GASOLINA  AUTO. S/PB 95 I.O.;8010
2026-02;Asturias, Principado de;Asturias;GASOLINA  AUTO. S/PB 98 I.O.;474
2026-02;Asturias, Principado de;Asturias;OTRAS GASOLINAS;3
2026-02;Asturias, Principado de;Asturias;FUELÓLEO  BIA;311
2026-02;Asturias, Principado de;Asturias;OTROS FUELÓLEOS;150
2026-02;Asturias, Principado de;Asturias;QUEROSENO AVIACIÓN;1415
2026-02;Asturias, Principado de;Asturias;OTROS QUEROSENOS;0
2026-02;Asturias, Principado de;Asturias;GLP;2690
2026-02;Balears, Illes;Balears, Illes;BIODIESEL;93
2026-02;Balears, Illes;Balears, Illes;GASÓLEO A;21937
2026-02;Balears, Illes;Balears, Illes;GASÓLEO B;3717
2026-02;Balears, Illes;Balears, Illes;GASÓLEO C;9173
2026-02;Balears, Illes;Balears, Illes;OTROS GASOLEOS;854
2026-02;Balears, Illes;Balears, Illes;BIOETANOL;0
2026-02;Balears, Illes;Balears, Illes;GASOLINA  AUTO. S/PB 95 I.O.;16118
2026-02;Balears, Illes;Balears, Illes;GASOLINA  AUTO. S/PB 98 I.O.;795
2026-02;Balears, Illes;Balears, Illes;OTRAS GASOLINAS;20
2026-02;Balears, Illes;Balears, Illes;FUELÓLEO  BIA;0
2026-02;Balears, Illes;Balears, Illes;OTROS FUELÓLEOS;0
2026-02;Balears, Illes;Balears, Illes;QUEROSENO AVIACIÓN;14756
2026-02;Balears, Illes;Balears, Illes;OTROS QUEROSENOS;0
2026-02;Balears, Illes;Balears, Illes;GLP;3987
2026-02;Canarias;Palmas, Las;BIODIESEL;310
2026-02;Canarias;Palmas, Las;GASÓLEO A;25089
2026-02;Canarias;Palmas, Las;GASÓLEO B;0
2026-02;Canarias;Palmas, Las;GASÓLEO C;0
2026-02;Canarias;Palmas, Las;OTROS GASOLEOS;88147
2026-02;Canarias;Palmas, Las;BIOETANOL;0
2026-02;Canarias;Palmas, Las;GASOLINA  AUTO. S/PB 95 I.O.;18326
2026-02;Canarias;Palmas, Las;GASOLINA  AUTO. S/PB 98 I.O.;3374
2026-02;Canarias;Palmas, Las;OTRAS GASOLINAS;1
2026-02;Canarias;Palmas, Las;FUELÓLEO  BIA;121517
2026-02;Canarias;Palmas, Las;OTROS FUELÓLEOS;59338
2026-02;Canarias;Palmas, Las;QUEROSENO AVIACIÓN;53156
2026-02;Canarias;Palmas, Las;OTROS QUEROSENOS;0
2026-02;Canarias;Palmas, Las;GLP;3265
2026-02;Canarias;Santa Cruz de Tenerife;BIODIESEL;245
2026-02;Canarias;Santa Cruz de Tenerife;GASÓLEO A;23782
2026-02;Canarias;Santa Cruz de Tenerife;GASÓLEO B;0
2026-02;Canarias;Santa Cruz de Tenerife;GASÓLEO C;0
2026-02;Canarias;Santa Cruz de Tenerife;OTROS GASOLEOS;49414
2026-02;Canarias;Santa Cruz de Tenerife;BIOETANOL;0
2026-02;Canarias;Santa Cruz de Tenerife;GASOLINA  AUTO. S/PB 95 I.O.;17342
2026-02;Canarias;Santa Cruz de Tenerife;GASOLINA  AUTO. S/PB 98 I.O.;4531
2026-02;Canarias;Santa Cruz de Tenerife;OTRAS GASOLINAS;0
2026-02;Canarias;Santa Cruz de Tenerife;FUELÓLEO  BIA;16096
2026-02;Canarias;Santa Cruz de Tenerife;OTROS FUELÓLEOS;20469
2026-02;Canarias;Santa Cruz de Tenerife;QUEROSENO AVIACIÓN;52812
2026-02;Canarias;Santa Cruz de Tenerife;OTROS QUEROSENOS;0
2026-02;Canarias;Santa Cruz de Tenerife;GLP;3936
2026-02;Cantabria;Cantabria;BIODIESEL;401
2026-02;Cantabria;Cantabria;GASÓLEO A;21313
2026-02;Cantabria;Cantabria;GASÓLEO B;4963
2026-02;Cantabria;Cantabria;GASÓLEO C;158
2026-02;Cantabria;Cantabria;OTROS GASOLEOS;1196
2026-02;Cantabria;Cantabria;BIOETANOL;0
2026-02;Cantabria;Cantabria;GASOLINA  AUTO. S/PB 95 I.O.;6224
2026-02;Cantabria;Cantabria;GASOLINA  AUTO. S/PB 98 I.O.;213
2026-02;Cantabria;Cantabria;OTRAS GASOLINAS;1
2026-02;Cantabria;Cantabria;FUELÓLEO  BIA;422
2026-02;Cantabria;Cantabria;OTROS FUELÓLEOS;0
2026-02;Cantabria;Cantabria;QUEROSENO AVIACIÓN;628
2026-02;Cantabria;Cantabria;OTROS QUEROSENOS;0
2026-02;Cantabria;Cantabria;GLP;1977
2026-02;Castilla - La Mancha;Albacete;BIODIESEL;185
2026-02;Castilla - La Mancha;Albacete;GASÓLEO A;16962
2026-02;Castilla - La Mancha;Albacete;GASÓLEO B;4961
2026-02;Castilla - La Mancha;Albacete;GASÓLEO C;3011
2026-02;Castilla - La Mancha;Albacete;OTROS GASOLEOS;0
2026-02;Castilla - La Mancha;Albacete;BIOETANOL;0
2026-02;Castilla - La Mancha;Albacete;GASOLINA  AUTO. S/PB 95 I.O.;3277
2026-02;Castilla - La Mancha;Albacete;GASOLINA  AUTO. S/PB 98 I.O.;130
2026-02;Castilla - La Mancha;Albacete;OTRAS GASOLINAS;0
2026-02;Castilla - La Mancha;Albacete;FUELÓLEO  BIA;0
2026-02;Castilla - La Mancha;Albacete;OTROS FUELÓLEOS;0
2026-02;Castilla - La Mancha;Albacete;QUEROSENO AVIACIÓN;35
2026-02;Castilla - La Mancha;Albacete;OTROS QUEROSENOS;0
2026-02;Castilla - La Mancha;Albacete;GLP;1403
2026-02;Castilla - La Mancha;Ciudad Real;BIODIESEL;533
2026-02;Castilla - La Mancha;Ciudad Real;GASÓLEO A;21791
2026-02;Castilla - La Mancha;Ciudad Real;GASÓLEO B;6514
2026-02;Castilla - La Mancha;Ciudad Real;GASÓLEO C;3446
2026-02;Castilla - La Mancha;Ciudad Real;OTROS GASOLEOS;0
2026-02;Castilla - La Mancha;Ciudad Real;BIOETANOL;0
2026-02;Castilla - La Mancha;Ciudad Real;GASOLINA  AUTO. S/PB 95 I.O.;4149
2026-02;Castilla - La Mancha;Ciudad Real;GASOLINA  AUTO. S/PB 98 I.O.;180
2026-02;Castilla - La Mancha;Ciudad Real;OTRAS GASOLINAS;0
2026-02;Castilla - La Mancha;Ciudad Real;FUELÓLEO  BIA;44
2026-02;Castilla - La Mancha;Ciudad Real;OTROS FUELÓLEOS;0
2026-02;Castilla - La Mancha;Ciudad Real;QUEROSENO AVIACIÓN;23
2026-02;Castilla - La Mancha;Ciudad Real;OTROS QUEROSENOS;0
2026-02;Castilla - La Mancha;Ciudad Real;GLP;1385
2026-02;Castilla - La Mancha;Cuenca;BIODIESEL;118
2026-02;Castilla - La Mancha;Cuenca;GASÓLEO A;13481
2026-02;Castilla - La Mancha;Cuenca;GASÓLEO B;7091
2026-02;Castilla - La Mancha;Cuenca;GASÓLEO C;1964
2026-02;Castilla - La Mancha;Cuenca;OTROS GASOLEOS;0
2026-02;Castilla - La Mancha;Cuenca;BIOETANOL;0
2026-02;Castilla - La Mancha;Cuenca;GASOLINA  AUTO. S/PB 95 I.O.;2288
2026-02;Castilla - La Mancha;Cuenca;GASOLINA  AUTO. S/PB 98 I.O.;89
2026-02;Castilla - La Mancha;Cuenca;OTRAS GASOLINAS;0
2026-02;Castilla - La Mancha;Cuenca;FUELÓLEO  BIA;0
2026-02;Castilla - La Mancha;Cuenca;OTROS FUELÓLEOS;0
2026-02;Castilla - La Mancha;Cuenca;QUEROSENO AVIACIÓN;12
2026-02;Castilla - La Mancha;Cuenca;OTROS QUEROSENOS;0
2026-02;Castilla - La Mancha;Cuenca;GLP;998
2026-02;Castilla - La Mancha;Guadalajara;BIODIESEL;263
2026-02;Castilla - La Mancha;Guadalajara;GASÓLEO A;11431
2026-02;Castilla - La Mancha;Guadalajara;GASÓLEO B;4417
2026-02;Castilla - La Mancha;Guadalajara;GASÓLEO C;2335
2026-02;Castilla - La Mancha;Guadalajara;OTROS GASOLEOS;0
2026-02;Castilla - La Mancha;Guadalajara;BIOETANOL;0
2026-02;Castilla - La Mancha;Guadalajara;GASOLINA  AUTO. S/PB 95 I.O.;3737
2026-02;Castilla - La Mancha;Guadalajara;GASOLINA  AUTO. S/PB 98 I.O.;105
2026-02;Castilla - La Mancha;Guadalajara;OTRAS GASOLINAS;0
2026-02;Castilla - La Mancha;Guadalajara;FUELÓLEO  BIA;27
2026-02;Castilla - La Mancha;Guadalajara;OTROS FUELÓLEOS;0
2026-02;Castilla - La Mancha;Guadalajara;QUEROSENO AVIACIÓN;0
2026-02;Castilla - La Mancha;Guadalajara;OTROS QUEROSENOS;0
2026-02;Castilla - La Mancha;Guadalajara;GLP;783
2026-02;Castilla - La Mancha;Toledo;BIODIESEL;555
2026-02;Castilla - La Mancha;Toledo;GASÓLEO A;32174
2026-02;Castilla - La Mancha;Toledo;GASÓLEO B;13106
2026-02;Castilla - La Mancha;Toledo;GASÓLEO C;5945
2026-02;Castilla - La Mancha;Toledo;OTROS GASOLEOS;0
2026-02;Castilla - La Mancha;Toledo;BIOETANOL;0
2026-02;Castilla - La Mancha;Toledo;GASOLINA  AUTO. S/PB 95 I.O.;8045
2026-02;Castilla - La Mancha;Toledo;GASOLINA  AUTO. S/PB 98 I.O.;309
2026-02;Castilla - La Mancha;Toledo;OTRAS GASOLINAS;0
2026-02;Castilla - La Mancha;Toledo;FUELÓLEO  BIA;40
2026-02;Castilla - La Mancha;Toledo;OTROS FUELÓLEOS;0
2026-02;Castilla - La Mancha;Toledo;QUEROSENO AVIACIÓN;28
2026-02;Castilla - La Mancha;Toledo;OTROS QUEROSENOS;0
2026-02;Castilla - La Mancha;Toledo;GLP;2659
2026-02;Castilla y León;Ávila;BIODIESEL;70
2026-02;Castilla y León;Ávila;GASÓLEO A;6030
2026-02;Castilla y León;Ávila;GASÓLEO B;2984
2026-02;Castilla y León;Ávila;GASÓLEO C;1327
2026-02;Castilla y León;Ávila;OTROS GASOLEOS;0
2026-02;Castilla y León;Ávila;BIOETANOL;0
2026-02;Castilla y León;Ávila;GASOLINA  AUTO. S/PB 95 I.O.;1573
2026-02;Castilla y León;Ávila;GASOLINA  AUTO. S/PB 98 I.O.;58
2026-02;Castilla y León;Ávila;OTRAS GASOLINAS;0
2026-02;Castilla y León;Ávila;FUELÓLEO  BIA;0
2026-02;Castilla y León;Ávila;OTROS FUELÓLEOS;0
2026-02;Castilla y León;Ávila;QUEROSENO AVIACIÓN;0
2026-02;Castilla y León;Ávila;OTROS QUEROSENOS;0
2026-02;Castilla y León;Ávila;GLP;1094
2026-02;Castilla y León;Burgos;BIODIESEL;472
2026-02;Castilla y León;Burgos;GASÓLEO A;22894
2026-02;Castilla y León;Burgos;GASÓLEO B;6677
2026-02;Castilla y León;Burgos;GASÓLEO C;1710
2026-02;Castilla y León;Burgos;OTROS GASOLEOS;0
2026-02;Castilla y León;Burgos;BIOETANOL;0
2026-02;Castilla y León;Burgos;GASOLINA  AUTO. S/PB 95 I.O.;4308
2026-02;Castilla y León;Burgos;GASOLINA  AUTO. S/PB 98 I.O.;212
2026-02;Castilla y León;Burgos;OTRAS GASOLINAS;11
2026-02;Castilla y León;Burgos;FUELÓLEO  BIA;148
2026-02;Castilla y León;Burgos;OTROS FUELÓLEOS;0
2026-02;Castilla y León;Burgos;QUEROSENO AVIACIÓN;15
2026-02;Castilla y León;Burgos;OTROS QUEROSENOS;0
2026-02;Castilla y León;Burgos;GLP;1080
2026-02;Castilla y León;León;BIODIESEL;174
2026-02;Castilla y León;León;GASÓLEO A;20332
2026-02;Castilla y León;León;GASÓLEO B;8815
2026-02;Castilla y León;León;GASÓLEO C;7184
2026-02;Castilla y León;León;OTROS GASOLEOS;0
2026-02;Castilla y León;León;BIOETANOL;0
2026-02;Castilla y León;León;GASOLINA  AUTO. S/PB 95 I.O.;4299
2026-02;Castilla y León;León;GASOLINA  AUTO. S/PB 98 I.O.;218
2026-02;Castilla y León;León;OTRAS GASOLINAS;1
2026-02;Castilla y León;León;FUELÓLEO  BIA;27
2026-02;Castilla y León;León;OTROS FUELÓLEOS;0
2026-02;Castilla y León;León;QUEROSENO AVIACIÓN;5
2026-02;Castilla y León;León;OTROS QUEROSENOS;0
2026-02;Castilla y León;León;GLP;1700
2026-02;Castilla y León;Palencia;BIODIESEL;58
2026-02;Castilla y León;Palencia;GASÓLEO A;7913
2026-02;Castilla y León;Palencia;GASÓLEO B;4395
2026-02;Castilla y León;Palencia;GASÓLEO C;1106
2026-02;Castilla y León;Palencia;OTROS GASOLEOS;0
2026-02;Castilla y León;Palencia;BIOETANOL;0
2026-02;Castilla y León;Palencia;GASOLINA  AUTO. S/PB 95 I.O.;1498
2026-02;Castilla y León;Palencia;GASOLINA  AUTO. S/PB 98 I.O.;56
2026-02;Castilla y León;Palencia;OTRAS GASOLINAS;0
2026-02;Castilla y León;Palencia;FUELÓLEO  BIA;0
2026-02;Castilla y León;Palencia;OTROS FUELÓLEOS;0
2026-02;Castilla y León;Palencia;QUEROSENO AVIACIÓN;0
2026-02;Castilla y León;Palencia;OTROS QUEROSENOS;0
2026-02;Castilla y León;Palencia;GLP;552
2026-02;Castilla y León;Salamanca;BIODIESEL;114
2026-02;Castilla y León;Salamanca;GASÓLEO A;19135
2026-02;Castilla y León;Salamanca;GASÓLEO B;5123
2026-02;Castilla y León;Salamanca;GASÓLEO C;4269
2026-02;Castilla y León;Salamanca;OTROS GASOLEOS;0
2026-02;Castilla y León;Salamanca;BIOETANOL;0
2026-02;Castilla y León;Salamanca;GASOLINA  AUTO. S/PB 95 I.O.;2933
2026-02;Castilla y León;Salamanca;GASOLINA  AUTO. S/PB 98 I.O.;130
2026-02;Castilla y León;Salamanca;OTRAS GASOLINAS;13
2026-02;Castilla y León;Salamanca;FUELÓLEO  BIA;0
2026-02;Castilla y León;Salamanca;OTROS FUELÓLEOS;0
2026-02;Castilla y León;Salamanca;QUEROSENO AVIACIÓN;28
2026-02;Castilla y León;Salamanca;OTROS QUEROSENOS;0
2026-02;Castilla y León;Salamanca;GLP;1167
2026-02;Castilla y León;Segovia;BIODIESEL;102
2026-02;Castilla y León;Segovia;GASÓLEO A;8527
2026-02;Castilla y León;Segovia;GASÓLEO B;4049
2026-02;Castilla y León;Segovia;GASÓLEO C;2710
2026-02;Castilla y León;Segovia;OTROS GASOLEOS;0
2026-02;Castilla y León;Segovia;BIOETANOL;0
2026-02;Castilla y León;Segovia;GASOLINA  AUTO. S/PB 95 I.O.;2090
2026-02;Castilla y León;Segovia;GASOLINA  AUTO. S/PB 98 I.O.;85
2026-02;Castilla y León;Segovia;OTRAS GASOLINAS;0
2026-02;Castilla y León;Segovia;FUELÓLEO  BIA;0
2026-02;Castilla y León;Segovia;OTROS FUELÓLEOS;0
2026-02;Castilla y León;Segovia;QUEROSENO AVIACIÓN;0
2026-02;Castilla y León;Segovia;OTROS QUEROSENOS;0
2026-02;Castilla y León;Segovia;GLP;1375
2026-02;Castilla y León;Soria;BIODIESEL;33
2026-02;Castilla y León;Soria;GASÓLEO A;5688
2026-02;Castilla y León;Soria;GASÓLEO B;2126
2026-02;Castilla y León;Soria;GASÓLEO C;1332
2026-02;Castilla y León;Soria;OTROS GASOLEOS;0
2026-02;Castilla y León;Soria;BIOETANOL;0
2026-02;Castilla y León;Soria;GASOLINA  AUTO. S/PB 95 I.O.;1055
2026-02;Castilla y León;Soria;GASOLINA  AUTO. S/PB 98 I.O.;49
2026-02;Castilla y León;Soria;OTRAS GASOLINAS;17
2026-02;Castilla y León;Soria;FUELÓLEO  BIA;0
2026-02;Castilla y León;Soria;OTROS FUELÓLEOS;0
2026-02;Castilla y León;Soria;QUEROSENO AVIACIÓN;0
2026-02;Castilla y León;Soria;OTROS QUEROSENOS;0
2026-02;Castilla y León;Soria;GLP;389
2026-02;Castilla y León;Valladolid;BIODIESEL;252
2026-02;Castilla y León;Valladolid;GASÓLEO A;18954
2026-02;Castilla y León;Valladolid;GASÓLEO B;4939
2026-02;Castilla y León;Valladolid;GASÓLEO C;3094
2026-02;Castilla y León;Valladolid;OTROS GASOLEOS;0
2026-02;Castilla y León;Valladolid;BIOETANOL;0
2026-02;Castilla y León;Valladolid;GASOLINA  AUTO. S/PB 95 I.O.;4936
2026-02;Castilla y León;Valladolid;GASOLINA  AUTO. S/PB 98 I.O.;210
2026-02;Castilla y León;Valladolid;OTRAS GASOLINAS;5
2026-02;Castilla y León;Valladolid;FUELÓLEO  BIA;122
2026-02;Castilla y León;Valladolid;OTROS FUELÓLEOS;0
2026-02;Castilla y León;Valladolid;QUEROSENO AVIACIÓN;73
2026-02;Castilla y León;Valladolid;OTROS QUEROSENOS;0
2026-02;Castilla y León;Valladolid;GLP;1187
2026-02;Castilla y León;Zamora;BIODIESEL;40
2026-02;Castilla y León;Zamora;GASÓLEO A;16103
2026-02;Castilla y León;Zamora;GASÓLEO B;5006
2026-02;Castilla y León;Zamora;GASÓLEO C;1043
2026-02;Castilla y León;Zamora;OTROS GASOLEOS;0
2026-02;Castilla y León;Zamora;BIOETANOL;0
2026-02;Castilla y León;Zamora;GASOLINA  AUTO. S/PB 95 I.O.;1710
2026-02;Castilla y León;Zamora;GASOLINA  AUTO. S/PB 98 I.O.;87
2026-02;Castilla y León;Zamora;OTRAS GASOLINAS;0
2026-02;Castilla y León;Zamora;FUELÓLEO  BIA;0
2026-02;Castilla y León;Zamora;OTROS FUELÓLEOS;0
2026-02;Castilla y León;Zamora;QUEROSENO AVIACIÓN;0
2026-02;Castilla y León;Zamora;OTROS QUEROSENOS;0
2026-02;Castilla y León;Zamora;GLP;670
2026-02;Cataluña;Barcelona;BIODIESEL;1653
2026-02;Cataluña;Barcelona;GASÓLEO A;115113
2026-02;Cataluña;Barcelona;GASÓLEO B;21334
2026-02;Cataluña;Barcelona;GASÓLEO C;5846
2026-02;Cataluña;Barcelona;OTROS GASOLEOS;30089
2026-02;Cataluña;Barcelona;BIOETANOL;0
2026-02;Cataluña;Barcelona;GASOLINA  AUTO. S/PB 95 I.O.;57247
2026-02;Cataluña;Barcelona;GASOLINA  AUTO. S/PB 98 I.O.;2510
2026-02;Cataluña;Barcelona;OTRAS GASOLINAS;60
2026-02;Cataluña;Barcelona;FUELÓLEO  BIA;23464
2026-02;Cataluña;Barcelona;OTROS FUELÓLEOS;48398
2026-02;Cataluña;Barcelona;QUEROSENO AVIACIÓN;88379
2026-02;Cataluña;Barcelona;OTROS QUEROSENOS;0
2026-02;Cataluña;Barcelona;GLP;7036
2026-02;Cataluña;Girona;BIODIESEL;620
2026-02;Cataluña;Girona;GASÓLEO A;109563
2026-02;Cataluña;Girona;GASÓLEO B;5094
2026-02;Cataluña;Girona;GASÓLEO C;4752
2026-02;Cataluña;Girona;OTROS GASOLEOS;148
2026-02;Cataluña;Girona;BIOETANOL;0
2026-02;Cataluña;Girona;GASOLINA  AUTO. S/PB 95 I.O.;12629
2026-02;Cataluña;Girona;GASOLINA  AUTO. S/PB 98 I.O.;690
2026-02;Cataluña;Girona;OTRAS GASOLINAS;4
2026-02;Cataluña;Girona;FUELÓLEO  BIA;103
2026-02;Cataluña;Girona;OTROS FUELÓLEOS;0
2026-02;Cataluña;Girona;QUEROSENO AVIACIÓN;729
2026-02;Cataluña;Girona;OTROS QUEROSENOS;0
2026-02;Cataluña;Girona;GLP;4428
2026-02;Cataluña;Lleida;BIODIESEL;187
2026-02;Cataluña;Lleida;GASÓLEO A;24291
2026-02;Cataluña;Lleida;GASÓLEO B;7538
2026-02;Cataluña;Lleida;GASÓLEO C;1696
2026-02;Cataluña;Lleida;OTROS GASOLEOS;0
2026-02;Cataluña;Lleida;BIOETANOL;0
2026-02;Cataluña;Lleida;GASOLINA  AUTO. S/PB 95 I.O.;6153
2026-02;Cataluña;Lleida;GASOLINA  AUTO. S/PB 98 I.O.;311
2026-02;Cataluña;Lleida;OTRAS GASOLINAS;25
2026-02;Cataluña;Lleida;FUELÓLEO  BIA;50
2026-02;Cataluña;Lleida;OTROS FUELÓLEOS;0
2026-02;Cataluña;Lleida;QUEROSENO AVIACIÓN;158
2026-02;Cataluña;Lleida;OTROS QUEROSENOS;0
2026-02;Cataluña;Lleida;GLP;3564
2026-02;Cataluña;Tarragona;BIODIESEL;261
2026-02;Cataluña;Tarragona;GASÓLEO A;28254
2026-02;Cataluña;Tarragona;GASÓLEO B;5193
2026-02;Cataluña;Tarragona;GASÓLEO C;651
2026-02;Cataluña;Tarragona;OTROS GASOLEOS;2789
2026-02;Cataluña;Tarragona;BIOETANOL;0
2026-02;Cataluña;Tarragona;GASOLINA  AUTO. S/PB 95 I.O.;10581
2026-02;Cataluña;Tarragona;GASOLINA  AUTO. S/PB 98 I.O.;419
2026-02;Cataluña;Tarragona;OTRAS GASOLINAS;8
2026-02;Cataluña;Tarragona;FUELÓLEO  BIA;25
2026-02;Cataluña;Tarragona;OTROS FUELÓLEOS;0
2026-02;Cataluña;Tarragona;QUEROSENO AVIACIÓN;107
2026-02;Cataluña;Tarragona;OTROS QUEROSENOS;0
2026-02;Cataluña;Tarragona;GLP;2480
2026-02;Ceuta;Ceuta;BIODIESEL;0
2026-02;Ceuta;Ceuta;GASÓLEO A;791
2026-02;Ceuta;Ceuta;GASÓLEO B;0
2026-02;Ceuta;Ceuta;GASÓLEO C;0
2026-02;Ceuta;Ceuta;OTROS GASOLEOS;1465
2026-02;Ceuta;Ceuta;BIOETANOL;0
2026-02;Ceuta;Ceuta;GASOLINA  AUTO. S/PB 95 I.O.;454
2026-02;Ceuta;Ceuta;GASOLINA  AUTO. S/PB 98 I.O.;57
2026-02;Ceuta;Ceuta;OTRAS GASOLINAS;0
2026-02;Ceuta;Ceuta;FUELÓLEO  BIA;2449
2026-02;Ceuta;Ceuta;OTROS FUELÓLEOS;600
2026-02;Ceuta;Ceuta;QUEROSENO AVIACIÓN;27
2026-02;Ceuta;Ceuta;OTROS QUEROSENOS;0
2026-02;Ceuta;Ceuta;GLP;226
2026-02;Comunitat Valenciana;Alicante/Alacant;BIODIESEL;547
2026-02;Comunitat Valenciana;Alicante/Alacant;GASÓLEO A;46854
2026-02;Comunitat Valenciana;Alicante/Alacant;GASÓLEO B;4415
2026-02;Comunitat Valenciana;Alicante/Alacant;GASÓLEO C;2287
2026-02;Comunitat Valenciana;Alicante/Alacant;OTROS GASOLEOS;1054
2026-02;Comunitat Valenciana;Alicante/Alacant;BIOETANOL;0
2026-02;Comunitat Valenciana;Alicante/Alacant;GASOLINA  AUTO. S/PB 95 I.O.;22059
2026-02;Comunitat Valenciana;Alicante/Alacant;GASOLINA  AUTO. S/PB 98 I.O.;1015
2026-02;Comunitat Valenciana;Alicante/Alacant;OTRAS GASOLINAS;9
2026-02;Comunitat Valenciana;Alicante/Alacant;FUELÓLEO  BIA;135
2026-02;Comunitat Valenciana;Alicante/Alacant;OTROS FUELÓLEOS;0
2026-02;Comunitat Valenciana;Alicante/Alacant;QUEROSENO AVIACIÓN;20821
2026-02;Comunitat Valenciana;Alicante/Alacant;OTROS QUEROSENOS;0
2026-02;Comunitat Valenciana;Alicante/Alacant;GLP;6809
2026-02;Comunitat Valenciana;Castellón/Castelló;BIODIESEL;27
2026-02;Comunitat Valenciana;Castellón/Castelló;GASÓLEO A;20825
2026-02;Comunitat Valenciana;Castellón/Castelló;GASÓLEO B;2185
2026-02;Comunitat Valenciana;Castellón/Castelló;GASÓLEO C;692
2026-02;Comunitat Valenciana;Castellón/Castelló;OTROS GASOLEOS;12767
2026-02;Comunitat Valenciana;Castellón/Castelló;BIOETANOL;0
2026-02;Comunitat Valenciana;Castellón/Castelló;GASOLINA  AUTO. S/PB 95 I.O.;6637
2026-02;Comunitat Valenciana;Castellón/Castelló;GASOLINA  AUTO. S/PB 98 I.O.;269
2026-02;Comunitat Valenciana;Castellón/Castelló;OTRAS GASOLINAS;9
2026-02;Comunitat Valenciana;Castellón/Castelló;FUELÓLEO  BIA;0
2026-02;Comunitat Valenciana;Castellón/Castelló;OTROS FUELÓLEOS;0
2026-02;Comunitat Valenciana;Castellón/Castelló;QUEROSENO AVIACIÓN;256
2026-02;Comunitat Valenciana;Castellón/Castelló;OTROS QUEROSENOS;0
2026-02;Comunitat Valenciana;Castellón/Castelló;GLP;1846
2026-02;Comunitat Valenciana;Valencia/València;BIODIESEL;594
2026-02;Comunitat Valenciana;Valencia/València;GASÓLEO A;88835
2026-02;Comunitat Valenciana;Valencia/València;GASÓLEO B;12101
2026-02;Comunitat Valenciana;Valencia/València;GASÓLEO C;1895
2026-02;Comunitat Valenciana;Valencia/València;OTROS GASOLEOS;6073
2026-02;Comunitat Valenciana;Valencia/València;BIOETANOL;0
2026-02;Comunitat Valenciana;Valencia/València;GASOLINA  AUTO. S/PB 95 I.O.;26981
2026-02;Comunitat Valenciana;Valencia/València;GASOLINA  AUTO. S/PB 98 I.O.;1016
2026-02;Comunitat Valenciana;Valencia/València;OTRAS GASOLINAS;4
2026-02;Comunitat Valenciana;Valencia/València;FUELÓLEO  BIA;198
2026-02;Comunitat Valenciana;Valencia/València;OTROS FUELÓLEOS;15285
2026-02;Comunitat Valenciana;Valencia/València;QUEROSENO AVIACIÓN;10278
2026-02;Comunitat Valenciana;Valencia/València;OTROS QUEROSENOS;0
2026-02;Comunitat Valenciana;Valencia/València;GLP;5702
2026-02;Extremadura;Badajoz;BIODIESEL;210
2026-02;Extremadura;Badajoz;GASÓLEO A;37019
2026-02;Extremadura;Badajoz;GASÓLEO B;5454
2026-02;Extremadura;Badajoz;GASÓLEO C;728
2026-02;Extremadura;Badajoz;OTROS GASOLEOS;0
2026-02;Extremadura;Badajoz;BIOETANOL;0
2026-02;Extremadura;Badajoz;GASOLINA  AUTO. S/PB 95 I.O.;5637
2026-02;Extremadura;Badajoz;GASOLINA  AUTO. S/PB 98 I.O.;167
2026-02;Extremadura;Badajoz;OTRAS GASOLINAS;1
2026-02;Extremadura;Badajoz;FUELÓLEO  BIA;128
2026-02;Extremadura;Badajoz;OTROS FUELÓLEOS;0
2026-02;Extremadura;Badajoz;QUEROSENO AVIACIÓN;41
2026-02;Extremadura;Badajoz;OTROS QUEROSENOS;0
2026-02;Extremadura;Badajoz;GLP;3178
2026-02;Extremadura;Cáceres;BIODIESEL;131
2026-02;Extremadura;Cáceres;GASÓLEO A;14860
2026-02;Extremadura;Cáceres;GASÓLEO B;3399
2026-02;Extremadura;Cáceres;GASÓLEO C;855
2026-02;Extremadura;Cáceres;OTROS GASOLEOS;0
2026-02;Extremadura;Cáceres;BIOETANOL;0
2026-02;Extremadura;Cáceres;GASOLINA  AUTO. S/PB 95 I.O.;3409
2026-02;Extremadura;Cáceres;GASOLINA  AUTO. S/PB 98 I.O.;118
2026-02;Extremadura;Cáceres;OTRAS GASOLINAS;0
2026-02;Extremadura;Cáceres;FUELÓLEO  BIA;207
2026-02;Extremadura;Cáceres;OTROS FUELÓLEOS;0
2026-02;Extremadura;Cáceres;QUEROSENO AVIACIÓN;0
2026-02;Extremadura;Cáceres;OTROS QUEROSENOS;0
2026-02;Extremadura;Cáceres;GLP;2069
2026-02;Galicia;Coruña, A;BIODIESEL;264
2026-02;Galicia;Coruña, A;GASÓLEO A;37742
2026-02;Galicia;Coruña, A;GASÓLEO B;7413
2026-02;Galicia;Coruña, A;GASÓLEO C;7011
2026-02;Galicia;Coruña, A;OTROS GASOLEOS;3447
2026-02;Galicia;Coruña, A;BIOETANOL;11
2026-02;Galicia;Coruña, A;GASOLINA  AUTO. S/PB 95 I.O.;9574
2026-02;Galicia;Coruña, A;GASOLINA  AUTO. S/PB 98 I.O.;415
2026-02;Galicia;Coruña, A;OTRAS GASOLINAS;7
2026-02;Galicia;Coruña, A;FUELÓLEO  BIA;2444
2026-02;Galicia;Coruña, A;OTROS FUELÓLEOS;370
2026-02;Galicia;Coruña, A;QUEROSENO AVIACIÓN;2545
2026-02;Galicia;Coruña, A;OTROS QUEROSENOS;0
2026-02;Galicia;Coruña, A;GLP;4447
2026-02;Galicia;Lugo;BIODIESEL;139
2026-02;Galicia;Lugo;GASÓLEO A;15725
2026-02;Galicia;Lugo;GASÓLEO B;4084
2026-02;Galicia;Lugo;GASÓLEO C;4675
2026-02;Galicia;Lugo;OTROS GASOLEOS;1260
2026-02;Galicia;Lugo;BIOETANOL;0
2026-02;Galicia;Lugo;GASOLINA  AUTO. S/PB 95 I.O.;2619
2026-02;Galicia;Lugo;GASOLINA  AUTO. S/PB 98 I.O.;118
2026-02;Galicia;Lugo;OTRAS GASOLINAS;0
2026-02;Galicia;Lugo;FUELÓLEO  BIA;25
2026-02;Galicia;Lugo;OTROS FUELÓLEOS;0
2026-02;Galicia;Lugo;QUEROSENO AVIACIÓN;0
2026-02;Galicia;Lugo;OTROS QUEROSENOS;0
2026-02;Galicia;Lugo;GLP;1915
2026-02;Galicia;Ourense;BIODIESEL;106
2026-02;Galicia;Ourense;GASÓLEO A;11822
2026-02;Galicia;Ourense;GASÓLEO B;2066
2026-02;Galicia;Ourense;GASÓLEO C;6361
2026-02;Galicia;Ourense;OTROS GASOLEOS;0
2026-02;Galicia;Ourense;BIOETANOL;0
2026-02;Galicia;Ourense;GASOLINA  AUTO. S/PB 95 I.O.;2418
2026-02;Galicia;Ourense;GASOLINA  AUTO. S/PB 98 I.O.;141
2026-02;Galicia;Ourense;OTRAS GASOLINAS;0
2026-02;Galicia;Ourense;FUELÓLEO  BIA;79
2026-02;Galicia;Ourense;OTROS FUELÓLEOS;0
2026-02;Galicia;Ourense;QUEROSENO AVIACIÓN;0
2026-02;Galicia;Ourense;OTROS QUEROSENOS;0
2026-02;Galicia;Ourense;GLP;1898
2026-02;Galicia;Pontevedra;BIODIESEL;371
2026-02;Galicia;Pontevedra;GASÓLEO A;33190
2026-02;Galicia;Pontevedra;GASÓLEO B;5256
2026-02;Galicia;Pontevedra;GASÓLEO C;7441
2026-02;Galicia;Pontevedra;OTROS GASOLEOS;4463
2026-02;Galicia;Pontevedra;BIOETANOL;0
2026-02;Galicia;Pontevedra;GASOLINA  AUTO. S/PB 95 I.O.;7807
2026-02;Galicia;Pontevedra;GASOLINA  AUTO. S/PB 98 I.O.;395
2026-02;Galicia;Pontevedra;OTRAS GASOLINAS;1
2026-02;Galicia;Pontevedra;FUELÓLEO  BIA;755
2026-02;Galicia;Pontevedra;OTROS FUELÓLEOS;756
2026-02;Galicia;Pontevedra;QUEROSENO AVIACIÓN;745
2026-02;Galicia;Pontevedra;OTROS QUEROSENOS;0
2026-02;Galicia;Pontevedra;GLP;4150
2026-02;Madrid, Comunidad de;Madrid;BIODIESEL;2550
2026-02;Madrid, Comunidad de;Madrid;GASÓLEO A;136156
2026-02;Madrid, Comunidad de;Madrid;GASÓLEO B;13070
2026-02;Madrid, Comunidad de;Madrid;GASÓLEO C;27439
2026-02;Madrid, Comunidad de;Madrid;OTROS GASOLEOS;0
2026-02;Madrid, Comunidad de;Madrid;BIOETANOL;0
2026-02;Madrid, Comunidad de;Madrid;GASOLINA  AUTO. S/PB 95 I.O.;71310
2026-02;Madrid, Comunidad de;Madrid;GASOLINA  AUTO. S/PB 98 I.O.;2572
2026-02;Madrid, Comunidad de;Madrid;OTRAS GASOLINAS;38
2026-02;Madrid, Comunidad de;Madrid;FUELÓLEO  BIA;348
2026-02;Madrid, Comunidad de;Madrid;OTROS FUELÓLEOS;0
2026-02;Madrid, Comunidad de;Madrid;QUEROSENO AVIACIÓN;209011
2026-02;Madrid, Comunidad de;Madrid;OTROS QUEROSENOS;0
2026-02;Madrid, Comunidad de;Madrid;GLP;11088
2026-02;Melilla;Melilla;BIODIESEL;0
2026-02;Melilla;Melilla;GASÓLEO A;933
2026-02;Melilla;Melilla;GASÓLEO B;0
2026-02;Melilla;Melilla;GASÓLEO C;0
2026-02;Melilla;Melilla;OTROS GASOLEOS;0
2026-02;Melilla;Melilla;BIOETANOL;0
2026-02;Melilla;Melilla;GASOLINA  AUTO. S/PB 95 I.O.;528
2026-02;Melilla;Melilla;GASOLINA  AUTO. S/PB 98 I.O.;0
2026-02;Melilla;Melilla;OTRAS GASOLINAS;0
2026-02;Melilla;Melilla;FUELÓLEO  BIA;3850
2026-02;Melilla;Melilla;OTROS FUELÓLEOS;0
2026-02;Melilla;Melilla;QUEROSENO AVIACIÓN;164
2026-02;Melilla;Melilla;OTROS QUEROSENOS;0
2026-02;Melilla;Melilla;GLP;197
2026-02;Murcia, Región de;Murcia;BIODIESEL;1562
2026-02;Murcia, Región de;Murcia;GASÓLEO A;71532
2026-02;Murcia, Región de;Murcia;GASÓLEO B;12574
2026-02;Murcia, Región de;Murcia;GASÓLEO C;1097
2026-02;Murcia, Región de;Murcia;OTROS GASOLEOS;2545
2026-02;Murcia, Región de;Murcia;BIOETANOL;0
2026-02;Murcia, Región de;Murcia;GASOLINA  AUTO. S/PB 95 I.O.;13493
2026-02;Murcia, Región de;Murcia;GASOLINA  AUTO. S/PB 98 I.O.;553
2026-02;Murcia, Región de;Murcia;OTRAS GASOLINAS;12
2026-02;Murcia, Región de;Murcia;FUELÓLEO  BIA;191
2026-02;Murcia, Región de;Murcia;OTROS FUELÓLEOS;0
2026-02;Murcia, Región de;Murcia;QUEROSENO AVIACIÓN;971
2026-02;Murcia, Región de;Murcia;OTROS QUEROSENOS;0
2026-02;Murcia, Región de;Murcia;GLP;4527
2026-02;Navarra, Comunidad Foral de;Navarra;BIODIESEL;474
2026-02;Navarra, Comunidad Foral de;Navarra;GASÓLEO A;51652
2026-02;Navarra, Comunidad Foral de;Navarra;GASÓLEO B;7610
2026-02;Navarra, Comunidad Foral de;Navarra;GASÓLEO C;1263
2026-02;Navarra, Comunidad Foral de;Navarra;OTROS GASOLEOS;0
2026-02;Navarra, Comunidad Foral de;Navarra;BIOETANOL;0
2026-02;Navarra, Comunidad Foral de;Navarra;GASOLINA  AUTO. S/PB 95 I.O.;6621
2026-02;Navarra, Comunidad Foral de;Navarra;GASOLINA  AUTO. S/PB 98 I.O.;249
2026-02;Navarra, Comunidad Foral de;Navarra;OTRAS GASOLINAS;2
2026-02;Navarra, Comunidad Foral de;Navarra;FUELÓLEO  BIA;189
2026-02;Navarra, Comunidad Foral de;Navarra;OTROS FUELÓLEOS;0
2026-02;Navarra, Comunidad Foral de;Navarra;QUEROSENO AVIACIÓN;100
2026-02;Navarra, Comunidad Foral de;Navarra;OTROS QUEROSENOS;0
2026-02;Navarra, Comunidad Foral de;Navarra;GLP;1494
2026-02;País Vasco;Araba/Álava;BIODIESEL;299
2026-02;País Vasco;Araba/Álava;GASÓLEO A;45571
2026-02;País Vasco;Araba/Álava;GASÓLEO B;2674
2026-02;País Vasco;Araba/Álava;GASÓLEO C;871
2026-02;País Vasco;Araba/Álava;OTROS GASOLEOS;0
2026-02;País Vasco;Araba/Álava;BIOETANOL;0
2026-02;País Vasco;Araba/Álava;GASOLINA  AUTO. S/PB 95 I.O.;2465
2026-02;País Vasco;Araba/Álava;GASOLINA  AUTO. S/PB 98 I.O.;138
2026-02;País Vasco;Araba/Álava;OTRAS GASOLINAS;1
2026-02;País Vasco;Araba/Álava;FUELÓLEO  BIA;25
2026-02;País Vasco;Araba/Álava;OTROS FUELÓLEOS;0
2026-02;País Vasco;Araba/Álava;QUEROSENO AVIACIÓN;1175
2026-02;País Vasco;Araba/Álava;OTROS QUEROSENOS;0
2026-02;País Vasco;Araba/Álava;GLP;743
2026-02;País Vasco;Bizkaia;BIODIESEL;671
2026-02;País Vasco;Bizkaia;GASÓLEO A;27789
2026-02;País Vasco;Bizkaia;GASÓLEO B;9387
2026-02;País Vasco;Bizkaia;GASÓLEO C;4859
2026-02;País Vasco;Bizkaia;OTROS GASOLEOS;1381
2026-02;País Vasco;Bizkaia;BIOETANOL;0
2026-02;País Vasco;Bizkaia;GASOLINA  AUTO. S/PB 95 I.O.;8356
2026-02;País Vasco;Bizkaia;GASOLINA  AUTO. S/PB 98 I.O.;417
2026-02;País Vasco;Bizkaia;OTRAS GASOLINAS;0
2026-02;País Vasco;Bizkaia;FUELÓLEO  BIA;243
2026-02;País Vasco;Bizkaia;OTROS FUELÓLEOS;0
2026-02;País Vasco;Bizkaia;QUEROSENO AVIACIÓN;4219
2026-02;País Vasco;Bizkaia;OTROS QUEROSENOS;2
2026-02;País Vasco;Bizkaia;GLP;1888
2026-02;País Vasco;Gipuzkoa;BIODIESEL;268
2026-02;País Vasco;Gipuzkoa;GASÓLEO A;61154
2026-02;País Vasco;Gipuzkoa;GASÓLEO B;1630
2026-02;País Vasco;Gipuzkoa;GASÓLEO C;819
2026-02;País Vasco;Gipuzkoa;OTROS GASOLEOS;487
2026-02;País Vasco;Gipuzkoa;BIOETANOL;0
2026-02;País Vasco;Gipuzkoa;GASOLINA  AUTO. S/PB 95 I.O.;6383
2026-02;País Vasco;Gipuzkoa;GASOLINA  AUTO. S/PB 98 I.O.;344
2026-02;País Vasco;Gipuzkoa;OTRAS GASOLINAS;1
2026-02;País Vasco;Gipuzkoa;FUELÓLEO  BIA;25
2026-02;País Vasco;Gipuzkoa;OTROS FUELÓLEOS;0
2026-02;País Vasco;Gipuzkoa;QUEROSENO AVIACIÓN;285
2026-02;País Vasco;Gipuzkoa;OTROS QUEROSENOS;0
2026-02;País Vasco;Gipuzkoa;GLP;2057
2026-02;Rioja, La;Rioja, La;BIODIESEL;154
2026-02;Rioja, La;Rioja, La;GASÓLEO A;12629
2026-02;Rioja, La;Rioja, La;GASÓLEO B;3821
2026-02;Rioja, La;Rioja, La;GASÓLEO C;2656
2026-02;Rioja, La;Rioja, La;OTROS GASOLEOS;0
2026-02;Rioja, La;Rioja, La;BIOETANOL;0
2026-02;Rioja, La;Rioja, La;GASOLINA  AUTO. S/PB 95 I.O.;2607
2026-02;Rioja, La;Rioja, La;GASOLINA  AUTO. S/PB 98 I.O.;97
2026-02;Rioja, La;Rioja, La;OTRAS GASOLINAS;6
2026-02;Rioja, La;Rioja, La;FUELÓLEO  BIA;106
2026-02;Rioja, La;Rioja, La;OTROS FUELÓLEOS;0
2026-02;Rioja, La;Rioja, La;QUEROSENO AVIACIÓN;7
2026-02;Rioja, La;Rioja, La;OTROS QUEROSENOS;0
2026-02;Rioja, La;Rioja, La;GLP;620
