Fecha,Serie,Scenario,Forecast_Tm
2026-01,Nacional,Conservative,22260.3
2026-02,Nacional,Conservative,22696.3
2026-03,Nacional,Conservative,23336.3
2026-04,Nacional,Conservative,24068.4
2026-05,Nacional,Conservative,24750.0
2026-06,Nacional,Conservative,25246.4
2026-07,Nacional,Conservative,25467.7
2026-08,Nacional,Conservative,25393.0
2026-09,Nacional,Conservative,25076.6
2026-10,Nacional,Conservative,24633.8
2026-11,Nacional,Conservative,24210.6
2026-12,Nacional,Conservative,23944.4
2027-01,Nacional,Conservative,23928.1
2027-02,Nacional,Conservative,24185.1
2027-03,Nacional,Conservative,24663.5
2027-04,Nacional,Conservative,25250.0
2027-05,Nacional,Conservative,25800.8
2027-06,Nacional,Conservative,26180.0
2027-07,Nacional,Conservative,26296.4
2027-08,Nacional,Conservative,26128.0
2027-09,Nacional,Conservative,25728.1
2027-10,Nacional,Conservative,25211.0
2027-11,Nacional,Conservative,24721.6
2027-12,Nacional,Conservative,24396.7
2026-01,Nacional,Central,22525.4
2026-02,Nacional,Central,23200.3
2026-03,Nacional,Central,24055.1
2026-04,Nacional,Central,24979.8
2026-05,Nacional,Central,25833.7
2026-06,Nacional,Central,26484.1
2026-07,Nacional,Central,26842.7
2026-08,Nacional,Central,26890.4
2026-09,Nacional,Central,26682.8
2026-10,Nacional,Central,26336.9
2026-11,Nacional,Central,25999.6
2026-12,Nacional,Central,25809.7
2027-01,Nacional,Central,25861.0
2027-02,Nacional,Central,26178.0
2027-03,Nacional,Central,26709.4
2027-04,Nacional,Central,27342.9
2027-05,Nacional,Central,27935.2
2027-06,Nacional,Central,28351.2
2027-07,Nacional,Central,28500.1
2027-08,Nacional,Central,28360.5
2027-09,Nacional,Central,27985.9
2027-10,Nacional,Central,27491.2
2027-11,Nacional,Central,27021.7
2027-12,Nacional,Central,26714.2
2026-01,Nacional,Optimistic,22790.6
2026-02,Nacional,Optimistic,23704.4
2026-03,Nacional,Optimistic,24773.8
2026-04,Nacional,Optimistic,25891.1
2026-05,Nacional,Optimistic,26917.3
2026-06,Nacional,Optimistic,27721.7
2026-07,Nacional,Optimistic,28217.7
2026-08,Nacional,Optimistic,28387.7
2026-09,Nacional,Optimistic,28289.1
2026-10,Nacional,Optimistic,28040.0
2026-11,Nacional,Optimistic,27788.6
2026-12,Nacional,Optimistic,27675.0
2027-01,Nacional,Optimistic,27793.9
2027-02,Nacional,Optimistic,28170.8
2027-03,Nacional,Optimistic,28755.3
2027-04,Nacional,Optimistic,29435.8
2027-05,Nacional,Optimistic,30069.7
2027-06,Nacional,Optimistic,30522.4
2027-07,Nacional,Optimistic,30703.8
2027-08,Nacional,Optimistic,30592.9
2027-09,Nacional,Optimistic,30243.8
2027-10,Nacional,Optimistic,29771.5
2027-11,Nacional,Optimistic,29321.7
2027-12,Nacional,Optimistic,29031.7
2026-01,Madrid,Conservative,3346.2
2026-02,Madrid,Conservative,3420.0
2026-03,Madrid,Conservative,3505.0
2026-04,Madrid,Conservative,3585.4
2026-05,Madrid,Conservative,3645.8
2026-06,Madrid,Conservative,3675.3
2026-07,Madrid,Conservative,3670.6
2026-08,Madrid,Conservative,3637.0
2026-09,Madrid,Conservative,3586.7
2026-10,Madrid,Conservative,3536.4
2026-11,Madrid,Conservative,3501.9
2026-12,Madrid,Conservative,3494.8
2027-01,Madrid,Conservative,3518.8
2027-02,Madrid,Conservative,3569.2
2027-03,Madrid,Conservative,3633.7
2027-04,Madrid,Conservative,3696.3
2027-05,Madrid,Conservative,3741.3
2027-06,Madrid,Conservative,3757.5
2027-07,Madrid,Conservative,3741.3
2027-08,Madrid,Conservative,3697.6
2027-09,Madrid,Conservative,3638.8
2027-10,Madrid,Conservative,3581.1
2027-11,Madrid,Conservative,3540.3
2027-12,Madrid,Conservative,3527.7
2026-01,Madrid,Central,3378.6
2026-02,Madrid,Central,3480.7
2026-03,Madrid,Central,3590.3
2026-04,Madrid,Central,3692.0
2026-05,Madrid,Central,3770.8
2026-06,Madrid,Central,3816.3
2026-07,Madrid,Central,3825.3
2026-08,Madrid,Central,3803.5
2026-09,Madrid,Central,3763.4
2026-10,Madrid,Central,3721.9
2026-11,Madrid,Central,3695.0
2026-12,Madrid,Central,3694.3
2027-01,Madrid,Central,3723.9
2027-02,Madrid,Central,3779.0
2027-03,Madrid,Central,3847.6
2027-04,Madrid,Central,3913.8
2027-05,Madrid,Central,3961.8
2027-06,Madrid,Central,3980.6
2027-07,Madrid,Central,3966.6
2027-08,Madrid,Central,3924.8
2027-09,Madrid,Central,3867.7
2027-10,Madrid,Central,3811.3
2027-11,Madrid,Central,3771.7
2027-12,Madrid,Central,3760.2
2026-01,Madrid,Optimistic,3411.1
2026-02,Madrid,Optimistic,3541.4
2026-03,Madrid,Optimistic,3675.5
2026-04,Madrid,Optimistic,3798.5
2026-05,Madrid,Optimistic,3895.8
2026-06,Madrid,Optimistic,3957.2
2026-07,Madrid,Optimistic,3980.0
2026-08,Madrid,Optimistic,3970.0
2026-09,Madrid,Optimistic,3940.1
2026-10,Madrid,Optimistic,3907.3
2026-11,Madrid,Optimistic,3888.0
2026-12,Madrid,Optimistic,3893.8
2027-01,Madrid,Optimistic,3929.0
2027-02,Madrid,Optimistic,3988.9
2027-03,Madrid,Optimistic,4061.6
2027-04,Madrid,Optimistic,4131.3
2027-05,Madrid,Optimistic,4182.3
2027-06,Madrid,Optimistic,4203.7
2027-07,Madrid,Optimistic,4191.9
2027-08,Madrid,Optimistic,4152.0
2027-09,Madrid,Optimistic,4096.5
2027-10,Madrid,Optimistic,4041.5
2027-11,Madrid,Optimistic,4003.1
2027-12,Madrid,Optimistic,3992.6
2026-01,Cataluña,Conservative,3458.1
2026-02,Cataluña,Conservative,3517.5
2026-03,Cataluña,Conservative,3588.0
2026-04,Cataluña,Conservative,3656.3
2026-05,Cataluña,Conservative,3708.9
2026-06,Cataluña,Conservative,3735.8
2026-07,Cataluña,Conservative,3733.4
2026-08,Cataluña,Conservative,3705.3
2026-09,Cataluña,Conservative,3661.5
2026-10,Cataluña,Conservative,3616.0
2026-11,Cataluña,Conservative,3582.8
2026-12,Cataluña,Conservative,3572.4
2027-01,Cataluña,Conservative,3588.8
2027-02,Cataluña,Conservative,3628.8
2027-03,Cataluña,Conservative,3682.7
2027-04,Cataluña,Conservative,3736.7
2027-05,Cataluña,Conservative,3777.2
2027-06,Cataluña,Conservative,3793.8
2027-07,Cataluña,Conservative,3782.5
2027-08,Cataluña,Conservative,3746.9
2027-09,Cataluña,Conservative,3696.8
2027-10,Cataluña,Conservative,3645.9
2027-11,Cataluña,Conservative,3608.1
2027-12,Cataluña,Conservative,3593.8
2026-01,Cataluña,Central,3484.5
2026-02,Cataluña,Central,3566.6
2026-03,Cataluña,Central,3656.4
2026-04,Cataluña,Central,3741.2
2026-05,Cataluña,Central,3807.9
2026-06,Cataluña,Central,3846.8
2026-07,Cataluña,Central,3854.6
2026-08,Cataluña,Central,3835.2
2026-09,Cataluña,Central,3798.8
2026-10,Cataluña,Central,3759.5
2026-11,Cataluña,Central,3731.6
2026-12,Cataluña,Central,3725.7
2027-01,Cataluña,Central,3745.9
2027-02,Cataluña,Central,3789.2
2027-03,Cataluña,Central,3845.7
2027-04,Cataluña,Central,3902.1
2027-05,Cataluña,Central,3944.5
2027-06,Cataluña,Central,3962.8
2027-07,Cataluña,Central,3952.9
2027-08,Cataluña,Central,3918.5
2027-09,Cataluña,Central,3869.4
2027-10,Cataluña,Central,3819.3
2027-11,Cataluña,Central,3782.3
2027-12,Cataluña,Central,3768.6
2026-01,Cataluña,Optimistic,3510.9
2026-02,Cataluña,Optimistic,3615.6
2026-03,Cataluña,Optimistic,3724.8
2026-04,Cataluña,Optimistic,3826.1
2026-05,Cataluña,Optimistic,3906.9
2026-06,Cataluña,Optimistic,3957.9
2026-07,Cataluña,Optimistic,3975.8
2026-08,Cataluña,Optimistic,3965.1
2026-09,Cataluña,Optimistic,3936.0
2026-10,Cataluña,Optimistic,3903.0
2026-11,Cataluña,Optimistic,3880.5
2026-12,Cataluña,Optimistic,3879.0
2027-01,Cataluña,Optimistic,3903.0
2027-02,Cataluña,Optimistic,3949.5
2027-03,Cataluña,Optimistic,4008.8
2027-04,Cataluña,Optimistic,4067.5
2027-05,Cataluña,Optimistic,4111.8
2027-06,Cataluña,Optimistic,4131.7
2027-07,Cataluña,Optimistic,4123.3
2027-08,Cataluña,Optimistic,4090.1
2027-09,Cataluña,Optimistic,4042.0
2027-10,Cataluña,Optimistic,3992.8
2027-11,Cataluña,Optimistic,3956.4
2027-12,Cataluña,Optimistic,3943.3
2026-01,Andalucía,Conservative,1874.4
2026-02,Andalucía,Conservative,1954.9
2026-03,Andalucía,Conservative,2076.2
2026-04,Andalucía,Conservative,2215.1
2026-05,Andalucía,Conservative,2342.8
2026-06,Andalucía,Conservative,2432.9
2026-07,Andalucía,Conservative,2468.9
2026-08,Andalucía,Conservative,2447.7
2026-09,Andalucía,Conservative,2381.4
2026-10,Andalucía,Conservative,2293.5
2026-11,Andalucía,Conservative,2212.9
2026-12,Andalucía,Conservative,2166.1
2027-01,Andalucía,Conservative,2170.0
2027-02,Andalucía,Conservative,2227.8
2027-03,Andalucía,Conservative,2327.8
2027-04,Andalucía,Conservative,2446.4
2027-05,Andalucía,Conservative,2555.1
2027-06,Andalucía,Conservative,2627.7
2027-07,Andalucía,Conservative,2647.1
2027-08,Andalucía,Conservative,2610.7
2027-09,Andalucía,Conservative,2530.3
2027-10,Andalucía,Conservative,2429.3
2027-11,Andalucía,Conservative,2336.7
2027-12,Andalucía,Conservative,2278.8
2026-01,Andalucía,Central,1913.2
2026-02,Andalucía,Central,2030.0
2026-03,Andalucía,Central,2185.2
2026-04,Andalucía,Central,2355.6
2026-05,Andalucía,Central,2512.5
2026-06,Andalucía,Central,2629.7
2026-07,Andalucía,Central,2690.6
2026-08,Andalucía,Central,2692.5
2026-09,Andalucía,Central,2647.3
2026-10,Andalucía,Central,2578.9
2026-11,Andalucía,Central,2516.1
2026-12,Andalucía,Central,2485.6
2027-01,Andalucía,Central,2504.4
2027-02,Andalucía,Central,2575.9
2027-03,Andalucía,Central,2688.2
2027-04,Andalucía,Central,2818.2
2027-05,Andalucía,Central,2937.2
2027-06,Andalucía,Central,3019.1
2027-07,Andalucía,Central,3047.1
2027-08,Andalucía,Central,3018.5
2027-09,Andalucía,Central,2945.1
2027-10,Andalucía,Central,2850.5
2027-11,Andalucía,Central,2763.7
2027-12,Andalucía,Central,2711.1
2026-01,Andalucía,Optimistic,1951.9
2026-02,Andalucía,Optimistic,2105.0
2026-03,Andalucía,Optimistic,2294.1
2026-04,Andalucía,Optimistic,2496.0
2026-05,Andalucía,Optimistic,2682.2
2026-06,Andalucía,Optimistic,2826.5
2026-07,Andalucía,Optimistic,2912.4
2026-08,Andalucía,Optimistic,2937.2
2026-09,Andalucía,Optimistic,2913.2
2026-10,Andalucía,Optimistic,2864.2
2026-11,Andalucía,Optimistic,2819.3
2026-12,Andalucía,Optimistic,2805.0
2027-01,Andalucía,Optimistic,2838.8
2027-02,Andalucía,Optimistic,2923.9
2027-03,Andalucía,Optimistic,3048.6
2027-04,Andalucía,Optimistic,3189.9
2027-05,Andalucía,Optimistic,3319.3
2027-06,Andalucía,Optimistic,3410.6
2027-07,Andalucía,Optimistic,3447.1
2027-08,Andalucía,Optimistic,3426.2
2027-09,Andalucía,Optimistic,3359.9
2027-10,Andalucía,Optimistic,3271.7
2027-11,Andalucía,Optimistic,3190.7
2027-12,Andalucía,Optimistic,3143.4
2026-01,Valencia,Conservative,1189.0
2026-02,Valencia,Conservative,1226.2
2026-03,Valencia,Conservative,1274.2
2026-04,Valencia,Conservative,1325.9
2026-05,Valencia,Conservative,1372.5
2026-06,Valencia,Conservative,1406.7
2026-07,Valencia,Conservative,1423.8
2026-08,Valencia,Conservative,1423.5
2026-09,Valencia,Conservative,1410.1
2026-10,Valencia,Conservative,1390.8
2026-11,Valencia,Conservative,1374.4
2026-12,Valencia,Conservative,1368.4
2027-01,Valencia,Conservative,1377.4
2027-02,Valencia,Conservative,1401.9
2027-03,Valencia,Conservative,1437.9
2027-04,Valencia,Conservative,1478.0
2027-05,Valencia,Conservative,1513.7
2027-06,Valencia,Conservative,1537.5
2027-07,Valencia,Conservative,1544.8
2027-08,Valencia,Conservative,1535.4
2027-09,Valencia,Conservative,1513.4
2027-10,Valencia,Conservative,1486.1
2027-11,Valencia,Conservative,1462.1
2027-12,Valencia,Conservative,1449.1
2026-01,Valencia,Central,1212.4
2026-02,Valencia,Central,1271.5
2026-03,Valencia,Central,1340.3
2026-04,Valencia,Central,1411.5
2026-05,Valencia,Central,1476.5
2026-06,Valencia,Central,1527.8
2026-07,Valencia,Central,1560.8
2026-08,Valencia,Central,1575.5
2026-09,Valencia,Central,1575.9
2026-10,Valencia,Central,1569.5
2026-11,Valencia,Central,1564.9
2026-12,Valencia,Central,1569.9
2027-01,Valencia,Central,1589.2
2027-02,Valencia,Central,1623.0
2027-03,Valencia,Central,1667.6
2027-04,Valencia,Central,1715.7
2027-05,Valencia,Central,1758.8
2027-06,Valencia,Central,1789.3
2027-07,Valencia,Central,1802.9
2027-08,Valencia,Central,1799.2
2027-09,Valencia,Central,1782.4
2027-10,Valencia,Central,1759.9
2027-11,Valencia,Central,1740.4
2027-12,Valencia,Central,1731.5
2026-01,Valencia,Optimistic,1235.7
2026-02,Valencia,Optimistic,1316.9
2026-03,Valencia,Optimistic,1406.5
2026-04,Valencia,Optimistic,1497.2
2026-05,Valencia,Optimistic,1580.5
2026-06,Valencia,Optimistic,1648.8
2026-07,Valencia,Optimistic,1697.9
2026-08,Valencia,Optimistic,1727.4
2026-09,Valencia,Optimistic,1741.7
2026-10,Valencia,Optimistic,1748.1
2026-11,Valencia,Optimistic,1755.4
2026-12,Valencia,Optimistic,1771.4
2027-01,Valencia,Optimistic,1800.9
2027-02,Valencia,Optimistic,1844.2
2027-03,Valencia,Optimistic,1897.4
2027-04,Valencia,Optimistic,1953.5
2027-05,Valencia,Optimistic,2003.9
2027-06,Valencia,Optimistic,2041.2
2027-07,Valencia,Optimistic,2061.0
2027-08,Valencia,Optimistic,2063.0
2027-09,Valencia,Optimistic,2051.5
2027-10,Valencia,Optimistic,2033.8
2027-11,Valencia,Optimistic,2018.6
2027-12,Valencia,Optimistic,2013.8
