Target,Model,Scenario,Fecha,Forecast,Selected_Model_Uses_Scenario_Inputs
Nacional,Ridge,Neutral,2026-01,300553.6,False
Nacional,Ridge,Neutral,2026-02,3269016.4,False
Nacional,Ridge,Neutral,2026-03,3269016.4,False
Nacional,Ridge,Neutral,2026-04,3269016.4,False
Nacional,Ridge,Neutral,2026-05,3269016.4,False
Nacional,Ridge,Neutral,2026-06,3269016.4,False
Nacional,Ridge,Neutral,2026-07,3269016.4,False
Nacional,Ridge,Neutral,2026-08,3269016.4,False
Nacional,Ridge,Neutral,2026-09,3269016.4,False
Nacional,Ridge,Neutral,2026-10,3269016.4,False
Nacional,Ridge,Neutral,2026-11,3269016.4,False
Nacional,Ridge,Neutral,2026-12,3269016.4,False
Nacional,Ridge,Neutral,2027-01,3269016.4,False
Nacional,Ridge,Neutral,2027-02,3269016.4,False
Nacional,Ridge,Neutral,2027-03,3269016.4,False
Nacional,Ridge,Neutral,2027-04,3269016.4,False
Nacional,Ridge,Neutral,2027-05,3269016.4,False
Nacional,Ridge,Neutral,2027-06,3269016.4,False
Nacional,Ridge,Neutral,2027-07,3269016.4,False
Nacional,Ridge,Neutral,2027-08,3269016.4,False
Nacional,Ridge,Neutral,2027-09,3269016.4,False
Nacional,Ridge,Neutral,2027-10,3269016.4,False
Nacional,Ridge,Neutral,2027-11,3269016.4,False
Nacional,Ridge,Neutral,2027-12,3269016.4,False
Nacional,Ridge,Macro_Downturn,2026-01,127439.1,False
Nacional,Ridge,Macro_Downturn,2026-02,3269016.4,False
Nacional,Ridge,Macro_Downturn,2026-03,3269016.4,False
Nacional,Ridge,Macro_Downturn,2026-04,3269016.4,False
Nacional,Ridge,Macro_Downturn,2026-05,3269016.4,False
Nacional,Ridge,Macro_Downturn,2026-06,3269016.4,False
Nacional,Ridge,Macro_Downturn,2026-07,3269016.4,False
Nacional,Ridge,Macro_Downturn,2026-08,3269016.4,False
Nacional,Ridge,Macro_Downturn,2026-09,3269016.4,False
Nacional,Ridge,Macro_Downturn,2026-10,3269016.4,False
Nacional,Ridge,Macro_Downturn,2026-11,3269016.4,False
Nacional,Ridge,Macro_Downturn,2026-12,3269016.4,False
Nacional,Ridge,Macro_Downturn,2027-01,3269016.4,False
Nacional,Ridge,Macro_Downturn,2027-02,3269016.4,False
Nacional,Ridge,Macro_Downturn,2027-03,3269016.4,False
Nacional,Ridge,Macro_Downturn,2027-04,3269016.4,False
Nacional,Ridge,Macro_Downturn,2027-05,3269016.4,False
Nacional,Ridge,Macro_Downturn,2027-06,3269016.4,False
Nacional,Ridge,Macro_Downturn,2027-07,3269016.4,False
Nacional,Ridge,Macro_Downturn,2027-08,3269016.4,False
Nacional,Ridge,Macro_Downturn,2027-09,3269016.4,False
Nacional,Ridge,Macro_Downturn,2027-10,3269016.4,False
Nacional,Ridge,Macro_Downturn,2027-11,3269016.4,False
Nacional,Ridge,Macro_Downturn,2027-12,3269016.4,False
Nacional,Ridge,Mandate_Delayed,2026-01,25697.9,False
Nacional,Ridge,Mandate_Delayed,2026-02,41734.8,False
Nacional,Ridge,Mandate_Delayed,2026-03,87041.9,False
Nacional,Ridge,Mandate_Delayed,2026-04,448344.1,False
Nacional,Ridge,Mandate_Delayed,2026-05,3269016.4,False
Nacional,Ridge,Mandate_Delayed,2026-06,3269016.4,False
Nacional,Ridge,Mandate_Delayed,2026-07,3269016.4,False
Nacional,Ridge,Mandate_Delayed,2026-08,3269016.4,False
Nacional,Ridge,Mandate_Delayed,2026-09,3269016.4,False
Nacional,Ridge,Mandate_Delayed,2026-10,3269016.4,False
Nacional,Ridge,Mandate_Delayed,2026-11,3269016.4,False
Nacional,Ridge,Mandate_Delayed,2026-12,3269016.4,False
Nacional,Ridge,Mandate_Delayed,2027-01,3269016.4,False
Nacional,Ridge,Mandate_Delayed,2027-02,3269016.4,False
Nacional,Ridge,Mandate_Delayed,2027-03,3269016.4,False
Nacional,Ridge,Mandate_Delayed,2027-04,3269016.4,False
Nacional,Ridge,Mandate_Delayed,2027-05,3269016.4,False
Nacional,Ridge,Mandate_Delayed,2027-06,3269016.4,False
Nacional,Ridge,Mandate_Delayed,2027-07,3269016.4,False
Nacional,Ridge,Mandate_Delayed,2027-08,3269016.4,False
Nacional,Ridge,Mandate_Delayed,2027-09,3269016.4,False
Nacional,Ridge,Mandate_Delayed,2027-10,3269016.4,False
Nacional,Ridge,Mandate_Delayed,2027-11,3269016.4,False
Nacional,Ridge,Mandate_Delayed,2027-12,3269016.4,False
Nacional,Random Forest,Neutral,2026-01,20589.6,False
Nacional,Random Forest,Neutral,2026-02,20411.5,False
Nacional,Random Forest,Neutral,2026-03,20396.1,False
Nacional,Random Forest,Neutral,2026-04,20455.8,False
Nacional,Random Forest,Neutral,2026-05,20554.9,False
Nacional,Random Forest,Neutral,2026-06,20887.1,False
Nacional,Random Forest,Neutral,2026-07,20893.2,False
Nacional,Random Forest,Neutral,2026-08,20850.3,False
Nacional,Random Forest,Neutral,2026-09,20674.8,False
Nacional,Random Forest,Neutral,2026-10,20736.0,False
Nacional,Random Forest,Neutral,2026-11,20852.3,False
Nacional,Random Forest,Neutral,2026-12,20636.2,False
Nacional,Random Forest,Neutral,2027-01,20618.3,False
Nacional,Random Forest,Neutral,2027-02,20440.0,False
Nacional,Random Forest,Neutral,2027-03,20424.6,False
Nacional,Random Forest,Neutral,2027-04,20455.8,False
Nacional,Random Forest,Neutral,2027-05,20554.9,False
Nacional,Random Forest,Neutral,2027-06,20887.1,False
Nacional,Random Forest,Neutral,2027-07,20893.2,False
Nacional,Random Forest,Neutral,2027-08,20850.3,False
Nacional,Random Forest,Neutral,2027-09,20674.8,False
Nacional,Random Forest,Neutral,2027-10,20736.0,False
Nacional,Random Forest,Neutral,2027-11,20852.3,False
Nacional,Random Forest,Neutral,2027-12,20636.2,False
Nacional,Random Forest,Macro_Downturn,2026-01,13059.0,False
Nacional,Random Forest,Macro_Downturn,2026-02,11882.3,False
Nacional,Random Forest,Macro_Downturn,2026-03,11583.8,False
Nacional,Random Forest,Macro_Downturn,2026-04,11001.3,False
Nacional,Random Forest,Macro_Downturn,2026-05,10384.3,False
Nacional,Random Forest,Macro_Downturn,2026-06,10247.4,False
Nacional,Random Forest,Macro_Downturn,2026-07,10037.3,False
Nacional,Random Forest,Macro_Downturn,2026-08,9625.5,False
Nacional,Random Forest,Macro_Downturn,2026-09,9489.6,False
Nacional,Random Forest,Macro_Downturn,2026-10,9425.2,False
Nacional,Random Forest,Macro_Downturn,2026-11,9259.3,False
Nacional,Random Forest,Macro_Downturn,2026-12,9377.7,False
Nacional,Random Forest,Macro_Downturn,2027-01,9276.9,False
Nacional,Random Forest,Macro_Downturn,2027-02,9359.2,False
Nacional,Random Forest,Macro_Downturn,2027-03,9359.2,False
Nacional,Random Forest,Macro_Downturn,2027-04,9281.3,False
Nacional,Random Forest,Macro_Downturn,2027-05,9196.2,False
Nacional,Random Forest,Macro_Downturn,2027-06,8937.3,False
Nacional,Random Forest,Macro_Downturn,2027-07,8887.0,False
Nacional,Random Forest,Macro_Downturn,2027-08,8931.0,False
Nacional,Random Forest,Macro_Downturn,2027-09,9101.2,False
Nacional,Random Forest,Macro_Downturn,2027-10,9130.6,False
Nacional,Random Forest,Macro_Downturn,2027-11,9032.6,False
Nacional,Random Forest,Macro_Downturn,2027-12,9240.3,False
Nacional,Random Forest,Mandate_Delayed,2026-01,20589.6,False
Nacional,Random Forest,Mandate_Delayed,2026-02,20411.5,False
Nacional,Random Forest,Mandate_Delayed,2026-03,20396.1,False
Nacional,Random Forest,Mandate_Delayed,2026-04,20455.8,False
Nacional,Random Forest,Mandate_Delayed,2026-05,20554.9,False
Nacional,Random Forest,Mandate_Delayed,2026-06,20887.1,False
Nacional,Random Forest,Mandate_Delayed,2026-07,20893.2,False
Nacional,Random Forest,Mandate_Delayed,2026-08,20850.3,False
Nacional,Random Forest,Mandate_Delayed,2026-09,20674.8,False
Nacional,Random Forest,Mandate_Delayed,2026-10,20736.0,False
Nacional,Random Forest,Mandate_Delayed,2026-11,20852.3,False
Nacional,Random Forest,Mandate_Delayed,2026-12,20636.2,False
Nacional,Random Forest,Mandate_Delayed,2027-01,20618.3,False
Nacional,Random Forest,Mandate_Delayed,2027-02,20440.0,False
Nacional,Random Forest,Mandate_Delayed,2027-03,20424.6,False
Nacional,Random Forest,Mandate_Delayed,2027-04,20455.8,False
Nacional,Random Forest,Mandate_Delayed,2027-05,20554.9,False
Nacional,Random Forest,Mandate_Delayed,2027-06,20887.1,False
Nacional,Random Forest,Mandate_Delayed,2027-07,20893.2,False
Nacional,Random Forest,Mandate_Delayed,2027-08,20850.3,False
Nacional,Random Forest,Mandate_Delayed,2027-09,20674.8,False
Nacional,Random Forest,Mandate_Delayed,2027-10,20736.0,False
Nacional,Random Forest,Mandate_Delayed,2027-11,20852.3,False
Nacional,Random Forest,Mandate_Delayed,2027-12,20636.2,False
Nacional,XGBoost,Neutral,2026-01,16510.4,False
Nacional,XGBoost,Neutral,2026-02,16477.6,False
Nacional,XGBoost,Neutral,2026-03,17105.0,False
Nacional,XGBoost,Neutral,2026-04,17554.0,False
Nacional,XGBoost,Neutral,2026-05,18530.6,False
Nacional,XGBoost,Neutral,2026-06,18746.0,False
Nacional,XGBoost,Neutral,2026-07,18746.0,False
Nacional,XGBoost,Neutral,2026-08,18746.0,False
Nacional,XGBoost,Neutral,2026-09,18744.7,False
Nacional,XGBoost,Neutral,2026-10,18746.0,False
Nacional,XGBoost,Neutral,2026-11,18746.0,False
Nacional,XGBoost,Neutral,2026-12,18744.7,False
Nacional,XGBoost,Neutral,2027-01,16510.4,False
Nacional,XGBoost,Neutral,2027-02,16477.6,False
Nacional,XGBoost,Neutral,2027-03,17105.0,False
Nacional,XGBoost,Neutral,2027-04,17554.0,False
Nacional,XGBoost,Neutral,2027-05,18530.6,False
Nacional,XGBoost,Neutral,2027-06,18746.0,False
Nacional,XGBoost,Neutral,2027-07,18746.0,False
Nacional,XGBoost,Neutral,2027-08,18746.0,False
Nacional,XGBoost,Neutral,2027-09,18744.7,False
Nacional,XGBoost,Neutral,2027-10,18746.0,False
Nacional,XGBoost,Neutral,2027-11,18746.0,False
Nacional,XGBoost,Neutral,2027-12,18744.7,False
Nacional,XGBoost,Macro_Downturn,2026-01,15823.9,False
Nacional,XGBoost,Macro_Downturn,2026-02,15723.8,False
Nacional,XGBoost,Macro_Downturn,2026-03,16322.5,False
Nacional,XGBoost,Macro_Downturn,2026-04,16750.9,False
Nacional,XGBoost,Macro_Downturn,2026-05,17682.8,False
Nacional,XGBoost,Macro_Downturn,2026-06,17888.4,False
Nacional,XGBoost,Macro_Downturn,2026-07,17919.5,False
Nacional,XGBoost,Macro_Downturn,2026-08,17919.5,False
Nacional,XGBoost,Macro_Downturn,2026-09,17918.3,False
Nacional,XGBoost,Macro_Downturn,2026-10,17929.3,False
Nacional,XGBoost,Macro_Downturn,2026-11,17929.3,False
Nacional,XGBoost,Macro_Downturn,2026-12,17934.8,False
Nacional,XGBoost,Macro_Downturn,2027-01,15823.9,False
Nacional,XGBoost,Macro_Downturn,2027-02,15723.8,False
Nacional,XGBoost,Macro_Downturn,2027-03,16322.5,False
Nacional,XGBoost,Macro_Downturn,2027-04,16750.9,False
Nacional,XGBoost,Macro_Downturn,2027-05,17682.8,False
Nacional,XGBoost,Macro_Downturn,2027-06,17888.4,False
Nacional,XGBoost,Macro_Downturn,2027-07,17919.5,False
Nacional,XGBoost,Macro_Downturn,2027-08,17919.5,False
Nacional,XGBoost,Macro_Downturn,2027-09,17918.3,False
Nacional,XGBoost,Macro_Downturn,2027-10,17929.3,False
Nacional,XGBoost,Macro_Downturn,2027-11,17929.3,False
Nacional,XGBoost,Macro_Downturn,2027-12,17934.8,False
Nacional,XGBoost,Mandate_Delayed,2026-01,16510.4,False
Nacional,XGBoost,Mandate_Delayed,2026-02,16477.6,False
Nacional,XGBoost,Mandate_Delayed,2026-03,17105.0,False
Nacional,XGBoost,Mandate_Delayed,2026-04,17554.0,False
Nacional,XGBoost,Mandate_Delayed,2026-05,18530.6,False
Nacional,XGBoost,Mandate_Delayed,2026-06,18746.0,False
Nacional,XGBoost,Mandate_Delayed,2026-07,18746.0,False
Nacional,XGBoost,Mandate_Delayed,2026-08,18746.0,False
Nacional,XGBoost,Mandate_Delayed,2026-09,18744.7,False
Nacional,XGBoost,Mandate_Delayed,2026-10,18746.0,False
Nacional,XGBoost,Mandate_Delayed,2026-11,18746.0,False
Nacional,XGBoost,Mandate_Delayed,2026-12,18744.7,False
Nacional,XGBoost,Mandate_Delayed,2027-01,16510.4,False
Nacional,XGBoost,Mandate_Delayed,2027-02,16477.6,False
Nacional,XGBoost,Mandate_Delayed,2027-03,17105.0,False
Nacional,XGBoost,Mandate_Delayed,2027-04,17554.0,False
Nacional,XGBoost,Mandate_Delayed,2027-05,18530.6,False
Nacional,XGBoost,Mandate_Delayed,2027-06,18746.0,False
Nacional,XGBoost,Mandate_Delayed,2027-07,18746.0,False
Nacional,XGBoost,Mandate_Delayed,2027-08,18746.0,False
Nacional,XGBoost,Mandate_Delayed,2027-09,18744.7,False
Nacional,XGBoost,Mandate_Delayed,2027-10,18746.0,False
Nacional,XGBoost,Mandate_Delayed,2027-11,18746.0,False
Nacional,XGBoost,Mandate_Delayed,2027-12,18744.7,False
Madrid,Ridge,Neutral,2026-01,129960.6,False
Madrid,Ridge,Neutral,2026-02,3269016.4,False
Madrid,Ridge,Neutral,2026-03,3269016.4,False
Madrid,Ridge,Neutral,2026-04,3269016.4,False
Madrid,Ridge,Neutral,2026-05,3269016.4,False
Madrid,Ridge,Neutral,2026-06,3269016.4,False
Madrid,Ridge,Neutral,2026-07,0.0,False
Madrid,Ridge,Neutral,2026-08,0.0,False
Madrid,Ridge,Neutral,2026-09,0.0,False
Madrid,Ridge,Neutral,2026-10,0.0,False
Madrid,Ridge,Neutral,2026-11,0.0,False
Madrid,Ridge,Neutral,2026-12,0.0,False
Madrid,Ridge,Neutral,2027-01,2765652.6,False
Madrid,Ridge,Neutral,2027-02,3269016.4,False
Madrid,Ridge,Neutral,2027-03,3269016.4,False
Madrid,Ridge,Neutral,2027-04,3269016.4,False
Madrid,Ridge,Neutral,2027-05,3269016.4,False
Madrid,Ridge,Neutral,2027-06,0.0,False
Madrid,Ridge,Neutral,2027-07,0.0,False
Madrid,Ridge,Neutral,2027-08,0.0,False
Madrid,Ridge,Neutral,2027-09,0.0,False
Madrid,Ridge,Neutral,2027-10,0.0,False
Madrid,Ridge,Neutral,2027-11,0.0,False
Madrid,Ridge,Neutral,2027-12,3269016.4,False
Madrid,Ridge,Macro_Downturn,2026-01,22640.8,False
Madrid,Ridge,Macro_Downturn,2026-02,347453.3,False
Madrid,Ridge,Macro_Downturn,2026-03,3269016.4,False
Madrid,Ridge,Macro_Downturn,2026-04,3269016.4,False
Madrid,Ridge,Macro_Downturn,2026-05,3269016.4,False
Madrid,Ridge,Macro_Downturn,2026-06,3269016.4,False
Madrid,Ridge,Macro_Downturn,2026-07,127.4,False
Madrid,Ridge,Macro_Downturn,2026-08,0.0,False
Madrid,Ridge,Macro_Downturn,2026-09,0.0,False
Madrid,Ridge,Macro_Downturn,2026-10,0.0,False
Madrid,Ridge,Macro_Downturn,2026-11,0.0,False
Madrid,Ridge,Macro_Downturn,2026-12,0.0,False
Madrid,Ridge,Macro_Downturn,2027-01,480885.0,False
Madrid,Ridge,Macro_Downturn,2027-02,3269016.4,False
Madrid,Ridge,Macro_Downturn,2027-03,3269016.4,False
Madrid,Ridge,Macro_Downturn,2027-04,3269016.4,False
Madrid,Ridge,Macro_Downturn,2027-05,3269016.4,False
Madrid,Ridge,Macro_Downturn,2027-06,98620.5,False
Madrid,Ridge,Macro_Downturn,2027-07,0.0,False
Madrid,Ridge,Macro_Downturn,2027-08,0.0,False
Madrid,Ridge,Macro_Downturn,2027-09,0.0,False
Madrid,Ridge,Macro_Downturn,2027-10,0.0,False
Madrid,Ridge,Macro_Downturn,2027-11,0.0,False
Madrid,Ridge,Macro_Downturn,2027-12,337719.0,False
Madrid,Ridge,Mandate_Delayed,2026-01,3119.2,False
Madrid,Ridge,Mandate_Delayed,2026-02,5094.3,False
Madrid,Ridge,Mandate_Delayed,2026-03,7588.1,False
Madrid,Ridge,Mandate_Delayed,2026-04,7021.0,False
Madrid,Ridge,Mandate_Delayed,2026-05,5138.4,False
Madrid,Ridge,Mandate_Delayed,2026-06,3060.6,False
Madrid,Ridge,Mandate_Delayed,2026-07,2524.4,False
Madrid,Ridge,Mandate_Delayed,2026-08,3244.5,False
Madrid,Ridge,Mandate_Delayed,2026-09,12264.2,False
Madrid,Ridge,Mandate_Delayed,2026-10,27669.0,False
Madrid,Ridge,Mandate_Delayed,2026-11,104546.5,False
Madrid,Ridge,Mandate_Delayed,2026-12,3269016.4,False
Madrid,Ridge,Mandate_Delayed,2027-01,3269016.4,False
Madrid,Ridge,Mandate_Delayed,2027-02,3269016.4,False
Madrid,Ridge,Mandate_Delayed,2027-03,3269016.4,False
Madrid,Ridge,Mandate_Delayed,2027-04,3269016.4,False
Madrid,Ridge,Mandate_Delayed,2027-05,0.0,False
Madrid,Ridge,Mandate_Delayed,2027-06,0.0,False
Madrid,Ridge,Mandate_Delayed,2027-07,0.0,False
Madrid,Ridge,Mandate_Delayed,2027-08,0.0,False
Madrid,Ridge,Mandate_Delayed,2027-09,0.0,False
Madrid,Ridge,Mandate_Delayed,2027-10,0.0,False
Madrid,Ridge,Mandate_Delayed,2027-11,19312.3,False
Madrid,Ridge,Mandate_Delayed,2027-12,194274.3,False
Madrid,Random Forest,Neutral,2026-01,2955.8,False
Madrid,Random Forest,Neutral,2026-02,2952.5,False
Madrid,Random Forest,Neutral,2026-03,2948.7,False
Madrid,Random Forest,Neutral,2026-04,2954.6,False
Madrid,Random Forest,Neutral,2026-05,2978.8,False
Madrid,Random Forest,Neutral,2026-06,3008.2,False
Madrid,Random Forest,Neutral,2026-07,2975.7,False
Madrid,Random Forest,Neutral,2026-08,2935.5,False
Madrid,Random Forest,Neutral,2026-09,2967.5,False
Madrid,Random Forest,Neutral,2026-10,2970.4,False
Madrid,Random Forest,Neutral,2026-11,2995.4,False
Madrid,Random Forest,Neutral,2026-12,2956.3,False
Madrid,Random Forest,Neutral,2027-01,2953.8,False
Madrid,Random Forest,Neutral,2027-02,2952.5,False
Madrid,Random Forest,Neutral,2027-03,2948.7,False
Madrid,Random Forest,Neutral,2027-04,2954.6,False
Madrid,Random Forest,Neutral,2027-05,2978.8,False
Madrid,Random Forest,Neutral,2027-06,3008.2,False
Madrid,Random Forest,Neutral,2027-07,2975.7,False
Madrid,Random Forest,Neutral,2027-08,2935.5,False
Madrid,Random Forest,Neutral,2027-09,2967.5,False
Madrid,Random Forest,Neutral,2027-10,2970.4,False
Madrid,Random Forest,Neutral,2027-11,2995.4,False
Madrid,Random Forest,Neutral,2027-12,2956.3,False
Madrid,Random Forest,Macro_Downturn,2026-01,1640.7,False
Madrid,Random Forest,Macro_Downturn,2026-02,1506.4,False
Madrid,Random Forest,Macro_Downturn,2026-03,1466.7,False
Madrid,Random Forest,Macro_Downturn,2026-04,1371.6,False
Madrid,Random Forest,Macro_Downturn,2026-05,1339.8,False
Madrid,Random Forest,Macro_Downturn,2026-06,1313.2,False
Madrid,Random Forest,Macro_Downturn,2026-07,1208.7,False
Madrid,Random Forest,Macro_Downturn,2026-08,1184.7,False
Madrid,Random Forest,Macro_Downturn,2026-09,1222.9,False
Madrid,Random Forest,Macro_Downturn,2026-10,1222.8,False
Madrid,Random Forest,Macro_Downturn,2026-11,1212.3,False
Madrid,Random Forest,Macro_Downturn,2026-12,1215.1,False
Madrid,Random Forest,Macro_Downturn,2027-01,1205.8,False
Madrid,Random Forest,Macro_Downturn,2027-02,1220.1,False
Madrid,Random Forest,Macro_Downturn,2027-03,1221.5,False
Madrid,Random Forest,Macro_Downturn,2027-04,1208.2,False
Madrid,Random Forest,Macro_Downturn,2027-05,1200.9,False
Madrid,Random Forest,Macro_Downturn,2027-06,1209.8,False
Madrid,Random Forest,Macro_Downturn,2027-07,1184.3,False
Madrid,Random Forest,Macro_Downturn,2027-08,1168.8,False
Madrid,Random Forest,Macro_Downturn,2027-09,1222.9,False
Madrid,Random Forest,Macro_Downturn,2027-10,1222.8,False
Madrid,Random Forest,Macro_Downturn,2027-11,1212.3,False
Madrid,Random Forest,Macro_Downturn,2027-12,1215.1,False
Madrid,Random Forest,Mandate_Delayed,2026-01,2955.8,False
Madrid,Random Forest,Mandate_Delayed,2026-02,2952.5,False
Madrid,Random Forest,Mandate_Delayed,2026-03,2948.7,False
Madrid,Random Forest,Mandate_Delayed,2026-04,2954.6,False
Madrid,Random Forest,Mandate_Delayed,2026-05,2978.8,False
Madrid,Random Forest,Mandate_Delayed,2026-06,3008.2,False
Madrid,Random Forest,Mandate_Delayed,2026-07,2975.7,False
Madrid,Random Forest,Mandate_Delayed,2026-08,2935.5,False
Madrid,Random Forest,Mandate_Delayed,2026-09,2967.5,False
Madrid,Random Forest,Mandate_Delayed,2026-10,2970.4,False
Madrid,Random Forest,Mandate_Delayed,2026-11,2995.4,False
Madrid,Random Forest,Mandate_Delayed,2026-12,2956.3,False
Madrid,Random Forest,Mandate_Delayed,2027-01,2953.8,False
Madrid,Random Forest,Mandate_Delayed,2027-02,2952.5,False
Madrid,Random Forest,Mandate_Delayed,2027-03,2948.7,False
Madrid,Random Forest,Mandate_Delayed,2027-04,2954.6,False
Madrid,Random Forest,Mandate_Delayed,2027-05,2978.8,False
Madrid,Random Forest,Mandate_Delayed,2027-06,3008.2,False
Madrid,Random Forest,Mandate_Delayed,2027-07,2975.7,False
Madrid,Random Forest,Mandate_Delayed,2027-08,2935.5,False
Madrid,Random Forest,Mandate_Delayed,2027-09,2967.5,False
Madrid,Random Forest,Mandate_Delayed,2027-10,2970.4,False
Madrid,Random Forest,Mandate_Delayed,2027-11,2995.4,False
Madrid,Random Forest,Mandate_Delayed,2027-12,2956.3,False
Madrid,XGBoost,Neutral,2026-01,2536.4,False
Madrid,XGBoost,Neutral,2026-02,2536.4,False
Madrid,XGBoost,Neutral,2026-03,2575.6,False
Madrid,XGBoost,Neutral,2026-04,2571.3,False
Madrid,XGBoost,Neutral,2026-05,2619.9,False
Madrid,XGBoost,Neutral,2026-06,2733.4,False
Madrid,XGBoost,Neutral,2026-07,2733.4,False
Madrid,XGBoost,Neutral,2026-08,2731.2,False
Madrid,XGBoost,Neutral,2026-09,2733.4,False
Madrid,XGBoost,Neutral,2026-10,2733.4,False
Madrid,XGBoost,Neutral,2026-11,2733.4,False
Madrid,XGBoost,Neutral,2026-12,2733.4,False
Madrid,XGBoost,Neutral,2027-01,2536.4,False
Madrid,XGBoost,Neutral,2027-02,2536.4,False
Madrid,XGBoost,Neutral,2027-03,2575.6,False
Madrid,XGBoost,Neutral,2027-04,2571.3,False
Madrid,XGBoost,Neutral,2027-05,2619.9,False
Madrid,XGBoost,Neutral,2027-06,2733.4,False
Madrid,XGBoost,Neutral,2027-07,2733.4,False
Madrid,XGBoost,Neutral,2027-08,2731.2,False
Madrid,XGBoost,Neutral,2027-09,2733.4,False
Madrid,XGBoost,Neutral,2027-10,2733.4,False
Madrid,XGBoost,Neutral,2027-11,2733.4,False
Madrid,XGBoost,Neutral,2027-12,2733.4,False
Madrid,XGBoost,Macro_Downturn,2026-01,2323.1,False
Madrid,XGBoost,Macro_Downturn,2026-02,2305.5,False
Madrid,XGBoost,Macro_Downturn,2026-03,2341.2,False
Madrid,XGBoost,Macro_Downturn,2026-04,2337.2,False
Madrid,XGBoost,Macro_Downturn,2026-05,2381.4,False
Madrid,XGBoost,Macro_Downturn,2026-06,2579.4,False
Madrid,XGBoost,Macro_Downturn,2026-07,2599.1,False
Madrid,XGBoost,Macro_Downturn,2026-08,2597.0,False
Madrid,XGBoost,Macro_Downturn,2026-09,2599.1,False
Madrid,XGBoost,Macro_Downturn,2026-10,2599.1,False
Madrid,XGBoost,Macro_Downturn,2026-11,2599.1,False
Madrid,XGBoost,Macro_Downturn,2026-12,2599.1,False
Madrid,XGBoost,Macro_Downturn,2027-01,2323.1,False
Madrid,XGBoost,Macro_Downturn,2027-02,2305.5,False
Madrid,XGBoost,Macro_Downturn,2027-03,2341.2,False
Madrid,XGBoost,Macro_Downturn,2027-04,2337.2,False
Madrid,XGBoost,Macro_Downturn,2027-05,2381.4,False
Madrid,XGBoost,Macro_Downturn,2027-06,2579.4,False
Madrid,XGBoost,Macro_Downturn,2027-07,2599.1,False
Madrid,XGBoost,Macro_Downturn,2027-08,2597.0,False
Madrid,XGBoost,Macro_Downturn,2027-09,2599.1,False
Madrid,XGBoost,Macro_Downturn,2027-10,2599.1,False
Madrid,XGBoost,Macro_Downturn,2027-11,2599.1,False
Madrid,XGBoost,Macro_Downturn,2027-12,2599.1,False
Madrid,XGBoost,Mandate_Delayed,2026-01,2536.4,False
Madrid,XGBoost,Mandate_Delayed,2026-02,2536.4,False
Madrid,XGBoost,Mandate_Delayed,2026-03,2575.6,False
Madrid,XGBoost,Mandate_Delayed,2026-04,2571.3,False
Madrid,XGBoost,Mandate_Delayed,2026-05,2619.9,False
Madrid,XGBoost,Mandate_Delayed,2026-06,2733.4,False
Madrid,XGBoost,Mandate_Delayed,2026-07,2733.4,False
Madrid,XGBoost,Mandate_Delayed,2026-08,2731.2,False
Madrid,XGBoost,Mandate_Delayed,2026-09,2733.4,False
Madrid,XGBoost,Mandate_Delayed,2026-10,2733.4,False
Madrid,XGBoost,Mandate_Delayed,2026-11,2733.4,False
Madrid,XGBoost,Mandate_Delayed,2026-12,2733.4,False
Madrid,XGBoost,Mandate_Delayed,2027-01,2536.4,False
Madrid,XGBoost,Mandate_Delayed,2027-02,2536.4,False
Madrid,XGBoost,Mandate_Delayed,2027-03,2575.6,False
Madrid,XGBoost,Mandate_Delayed,2027-04,2571.3,False
Madrid,XGBoost,Mandate_Delayed,2027-05,2619.9,False
Madrid,XGBoost,Mandate_Delayed,2027-06,2733.4,False
Madrid,XGBoost,Mandate_Delayed,2027-07,2733.4,False
Madrid,XGBoost,Mandate_Delayed,2027-08,2731.2,False
Madrid,XGBoost,Mandate_Delayed,2027-09,2733.4,False
Madrid,XGBoost,Mandate_Delayed,2027-10,2733.4,False
Madrid,XGBoost,Mandate_Delayed,2027-11,2733.4,False
Madrid,XGBoost,Mandate_Delayed,2027-12,2733.4,False
Cataluña,Ridge,Neutral,2026-01,7513.9,False
Cataluña,Ridge,Neutral,2026-02,46623.8,False
Cataluña,Ridge,Neutral,2026-03,3269016.4,False
Cataluña,Ridge,Neutral,2026-04,3269016.4,False
Cataluña,Ridge,Neutral,2026-05,3269016.4,False
Cataluña,Ridge,Neutral,2026-06,3269016.4,False
Cataluña,Ridge,Neutral,2026-07,3269016.4,False
Cataluña,Ridge,Neutral,2026-08,3269016.4,False
Cataluña,Ridge,Neutral,2026-09,3269016.4,False
Cataluña,Ridge,Neutral,2026-10,3269016.4,False
Cataluña,Ridge,Neutral,2026-11,3269016.4,False
Cataluña,Ridge,Neutral,2026-12,3269016.4,False
Cataluña,Ridge,Neutral,2027-01,3269016.4,False
Cataluña,Ridge,Neutral,2027-02,3269016.4,False
Cataluña,Ridge,Neutral,2027-03,3269016.4,False
Cataluña,Ridge,Neutral,2027-04,3269016.4,False
Cataluña,Ridge,Neutral,2027-05,3269016.4,False
Cataluña,Ridge,Neutral,2027-06,3269016.4,False
Cataluña,Ridge,Neutral,2027-07,3269016.4,False
Cataluña,Ridge,Neutral,2027-08,3269016.4,False
Cataluña,Ridge,Neutral,2027-09,3269016.4,False
Cataluña,Ridge,Neutral,2027-10,3269016.4,False
Cataluña,Ridge,Neutral,2027-11,3269016.4,False
Cataluña,Ridge,Neutral,2027-12,3269016.4,False
Cataluña,Ridge,Macro_Downturn,2026-01,2858.6,False
Cataluña,Ridge,Macro_Downturn,2026-02,4404.7,False
Cataluña,Ridge,Macro_Downturn,2026-03,8545.3,False
Cataluña,Ridge,Macro_Downturn,2026-04,35275.4,False
Cataluña,Ridge,Macro_Downturn,2026-05,3269016.4,False
Cataluña,Ridge,Macro_Downturn,2026-06,3269016.4,False
Cataluña,Ridge,Macro_Downturn,2026-07,3269016.4,False
Cataluña,Ridge,Macro_Downturn,2026-08,3269016.4,False
Cataluña,Ridge,Macro_Downturn,2026-09,3269016.4,False
Cataluña,Ridge,Macro_Downturn,2026-10,3269016.4,False
Cataluña,Ridge,Macro_Downturn,2026-11,3269016.4,False
Cataluña,Ridge,Macro_Downturn,2026-12,3269016.4,False
Cataluña,Ridge,Macro_Downturn,2027-01,3269016.4,False
Cataluña,Ridge,Macro_Downturn,2027-02,3269016.4,False
Cataluña,Ridge,Macro_Downturn,2027-03,3269016.4,False
Cataluña,Ridge,Macro_Downturn,2027-04,3269016.4,False
Cataluña,Ridge,Macro_Downturn,2027-05,3269016.4,False
Cataluña,Ridge,Macro_Downturn,2027-06,3269016.4,False
Cataluña,Ridge,Macro_Downturn,2027-07,3269016.4,False
Cataluña,Ridge,Macro_Downturn,2027-08,3269016.4,False
Cataluña,Ridge,Macro_Downturn,2027-09,3269016.4,False
Cataluña,Ridge,Macro_Downturn,2027-10,3269016.4,False
Cataluña,Ridge,Macro_Downturn,2027-11,3269016.4,False
Cataluña,Ridge,Macro_Downturn,2027-12,3269016.4,False
Cataluña,Ridge,Mandate_Delayed,2026-01,2408.5,False
Cataluña,Ridge,Mandate_Delayed,2026-02,3243.4,False
Cataluña,Ridge,Mandate_Delayed,2026-03,4834.9,False
Cataluña,Ridge,Mandate_Delayed,2026-04,8619.1,False
Cataluña,Ridge,Mandate_Delayed,2026-05,29314.3,False
Cataluña,Ridge,Mandate_Delayed,2026-06,3269016.4,False
Cataluña,Ridge,Mandate_Delayed,2026-07,3269016.4,False
Cataluña,Ridge,Mandate_Delayed,2026-08,3269016.4,False
Cataluña,Ridge,Mandate_Delayed,2026-09,3269016.4,False
Cataluña,Ridge,Mandate_Delayed,2026-10,3269016.4,False
Cataluña,Ridge,Mandate_Delayed,2026-11,3269016.4,False
Cataluña,Ridge,Mandate_Delayed,2026-12,3269016.4,False
Cataluña,Ridge,Mandate_Delayed,2027-01,3269016.4,False
Cataluña,Ridge,Mandate_Delayed,2027-02,3269016.4,False
Cataluña,Ridge,Mandate_Delayed,2027-03,3269016.4,False
Cataluña,Ridge,Mandate_Delayed,2027-04,3269016.4,False
Cataluña,Ridge,Mandate_Delayed,2027-05,3269016.4,False
Cataluña,Ridge,Mandate_Delayed,2027-06,3269016.4,False
Cataluña,Ridge,Mandate_Delayed,2027-07,3269016.4,False
Cataluña,Ridge,Mandate_Delayed,2027-08,3269016.4,False
Cataluña,Ridge,Mandate_Delayed,2027-09,3269016.4,False
Cataluña,Ridge,Mandate_Delayed,2027-10,3269016.4,False
Cataluña,Ridge,Mandate_Delayed,2027-11,3269016.4,False
Cataluña,Ridge,Mandate_Delayed,2027-12,3269016.4,False
Cataluña,Random Forest,Neutral,2026-01,3146.5,False
Cataluña,Random Forest,Neutral,2026-02,2949.6,False
Cataluña,Random Forest,Neutral,2026-03,2910.1,False
Cataluña,Random Forest,Neutral,2026-04,3109.6,False
Cataluña,Random Forest,Neutral,2026-05,3174.6,False
Cataluña,Random Forest,Neutral,2026-06,3194.4,False
Cataluña,Random Forest,Neutral,2026-07,3183.0,False
Cataluña,Random Forest,Neutral,2026-08,3174.8,False
Cataluña,Random Forest,Neutral,2026-09,2964.2,False
Cataluña,Random Forest,Neutral,2026-10,3075.4,False
Cataluña,Random Forest,Neutral,2026-11,3150.0,False
Cataluña,Random Forest,Neutral,2026-12,3135.6,False
Cataluña,Random Forest,Neutral,2027-01,3157.0,False
Cataluña,Random Forest,Neutral,2027-02,2955.5,False
Cataluña,Random Forest,Neutral,2027-03,2910.1,False
Cataluña,Random Forest,Neutral,2027-04,3109.6,False
Cataluña,Random Forest,Neutral,2027-05,3177.1,False
Cataluña,Random Forest,Neutral,2027-06,3194.4,False
Cataluña,Random Forest,Neutral,2027-07,3183.0,False
Cataluña,Random Forest,Neutral,2027-08,3174.8,False
Cataluña,Random Forest,Neutral,2027-09,2964.2,False
Cataluña,Random Forest,Neutral,2027-10,3075.4,False
Cataluña,Random Forest,Neutral,2027-11,3150.0,False
Cataluña,Random Forest,Neutral,2027-12,3135.6,False
Cataluña,Random Forest,Macro_Downturn,2026-01,2123.9,False
Cataluña,Random Forest,Macro_Downturn,2026-02,1904.8,False
Cataluña,Random Forest,Macro_Downturn,2026-03,1826.8,False
Cataluña,Random Forest,Macro_Downturn,2026-04,1884.8,False
Cataluña,Random Forest,Macro_Downturn,2026-05,1874.7,False
Cataluña,Random Forest,Macro_Downturn,2026-06,1857.4,False
Cataluña,Random Forest,Macro_Downturn,2026-07,1886.7,False
Cataluña,Random Forest,Macro_Downturn,2026-08,1854.8,False
Cataluña,Random Forest,Macro_Downturn,2026-09,1724.4,False
Cataluña,Random Forest,Macro_Downturn,2026-10,1814.4,False
Cataluña,Random Forest,Macro_Downturn,2026-11,1796.0,False
Cataluña,Random Forest,Macro_Downturn,2026-12,1803.7,False
Cataluña,Random Forest,Macro_Downturn,2027-01,1796.2,False
Cataluña,Random Forest,Macro_Downturn,2027-02,1700.2,False
Cataluña,Random Forest,Macro_Downturn,2027-03,1614.0,False
Cataluña,Random Forest,Macro_Downturn,2027-04,1697.2,False
Cataluña,Random Forest,Macro_Downturn,2027-05,1718.9,False
Cataluña,Random Forest,Macro_Downturn,2027-06,1728.1,False
Cataluña,Random Forest,Macro_Downturn,2027-07,1721.4,False
Cataluña,Random Forest,Macro_Downturn,2027-08,1708.4,False
Cataluña,Random Forest,Macro_Downturn,2027-09,1614.0,False
Cataluña,Random Forest,Macro_Downturn,2027-10,1656.1,False
Cataluña,Random Forest,Macro_Downturn,2027-11,1676.0,False
Cataluña,Random Forest,Macro_Downturn,2027-12,1686.7,False
Cataluña,Random Forest,Mandate_Delayed,2026-01,3146.5,False
Cataluña,Random Forest,Mandate_Delayed,2026-02,2949.6,False
Cataluña,Random Forest,Mandate_Delayed,2026-03,2910.1,False
Cataluña,Random Forest,Mandate_Delayed,2026-04,3109.6,False
Cataluña,Random Forest,Mandate_Delayed,2026-05,3174.6,False
Cataluña,Random Forest,Mandate_Delayed,2026-06,3194.4,False
Cataluña,Random Forest,Mandate_Delayed,2026-07,3183.0,False
Cataluña,Random Forest,Mandate_Delayed,2026-08,3174.8,False
Cataluña,Random Forest,Mandate_Delayed,2026-09,2964.2,False
Cataluña,Random Forest,Mandate_Delayed,2026-10,3075.4,False
Cataluña,Random Forest,Mandate_Delayed,2026-11,3150.0,False
Cataluña,Random Forest,Mandate_Delayed,2026-12,3135.6,False
Cataluña,Random Forest,Mandate_Delayed,2027-01,3157.0,False
Cataluña,Random Forest,Mandate_Delayed,2027-02,2955.5,False
Cataluña,Random Forest,Mandate_Delayed,2027-03,2910.1,False
Cataluña,Random Forest,Mandate_Delayed,2027-04,3109.6,False
Cataluña,Random Forest,Mandate_Delayed,2027-05,3177.1,False
Cataluña,Random Forest,Mandate_Delayed,2027-06,3194.4,False
Cataluña,Random Forest,Mandate_Delayed,2027-07,3183.0,False
Cataluña,Random Forest,Mandate_Delayed,2027-08,3174.8,False
Cataluña,Random Forest,Mandate_Delayed,2027-09,2964.2,False
Cataluña,Random Forest,Mandate_Delayed,2027-10,3075.4,False
Cataluña,Random Forest,Mandate_Delayed,2027-11,3150.0,False
Cataluña,Random Forest,Mandate_Delayed,2027-12,3135.6,False
Cataluña,XGBoost,Neutral,2026-01,2686.2,False
Cataluña,XGBoost,Neutral,2026-02,2616.2,False
Cataluña,XGBoost,Neutral,2026-03,2757.9,False
Cataluña,XGBoost,Neutral,2026-04,2867.0,False
Cataluña,XGBoost,Neutral,2026-05,2873.3,False
Cataluña,XGBoost,Neutral,2026-06,2862.4,False
Cataluña,XGBoost,Neutral,2026-07,2873.3,False
Cataluña,XGBoost,Neutral,2026-08,2873.3,False
Cataluña,XGBoost,Neutral,2026-09,2714.0,False
Cataluña,XGBoost,Neutral,2026-10,2873.3,False
Cataluña,XGBoost,Neutral,2026-11,2873.3,False
Cataluña,XGBoost,Neutral,2026-12,2873.3,False
Cataluña,XGBoost,Neutral,2027-01,2686.2,False
Cataluña,XGBoost,Neutral,2027-02,2616.2,False
Cataluña,XGBoost,Neutral,2027-03,2757.9,False
Cataluña,XGBoost,Neutral,2027-04,2867.0,False
Cataluña,XGBoost,Neutral,2027-05,2873.3,False
Cataluña,XGBoost,Neutral,2027-06,2862.4,False
Cataluña,XGBoost,Neutral,2027-07,2873.3,False
Cataluña,XGBoost,Neutral,2027-08,2873.3,False
Cataluña,XGBoost,Neutral,2027-09,2714.0,False
Cataluña,XGBoost,Neutral,2027-10,2873.3,False
Cataluña,XGBoost,Neutral,2027-11,2873.3,False
Cataluña,XGBoost,Neutral,2027-12,2873.3,False
Cataluña,XGBoost,Macro_Downturn,2026-01,2346.1,False
Cataluña,XGBoost,Macro_Downturn,2026-02,2286.7,False
Cataluña,XGBoost,Macro_Downturn,2026-03,2414.7,False
Cataluña,XGBoost,Macro_Downturn,2026-04,2478.6,False
Cataluña,XGBoost,Macro_Downturn,2026-05,2482.2,False
Cataluña,XGBoost,Macro_Downturn,2026-06,2482.2,False
Cataluña,XGBoost,Macro_Downturn,2026-07,2482.2,False
Cataluña,XGBoost,Macro_Downturn,2026-08,2489.6,False
Cataluña,XGBoost,Macro_Downturn,2026-09,2381.0,False
Cataluña,XGBoost,Macro_Downturn,2026-10,2482.2,False
Cataluña,XGBoost,Macro_Downturn,2026-11,2482.2,False
Cataluña,XGBoost,Macro_Downturn,2026-12,2482.2,False
Cataluña,XGBoost,Macro_Downturn,2027-01,2323.3,False
Cataluña,XGBoost,Macro_Downturn,2027-02,2286.7,False
Cataluña,XGBoost,Macro_Downturn,2027-03,2414.7,False
Cataluña,XGBoost,Macro_Downturn,2027-04,2478.6,False
Cataluña,XGBoost,Macro_Downturn,2027-05,2482.2,False
Cataluña,XGBoost,Macro_Downturn,2027-06,2482.2,False
Cataluña,XGBoost,Macro_Downturn,2027-07,2482.2,False
Cataluña,XGBoost,Macro_Downturn,2027-08,2489.6,False
Cataluña,XGBoost,Macro_Downturn,2027-09,2381.0,False
Cataluña,XGBoost,Macro_Downturn,2027-10,2482.2,False
Cataluña,XGBoost,Macro_Downturn,2027-11,2482.2,False
Cataluña,XGBoost,Macro_Downturn,2027-12,2482.2,False
Cataluña,XGBoost,Mandate_Delayed,2026-01,2686.2,False
Cataluña,XGBoost,Mandate_Delayed,2026-02,2616.2,False
Cataluña,XGBoost,Mandate_Delayed,2026-03,2757.9,False
Cataluña,XGBoost,Mandate_Delayed,2026-04,2867.0,False
Cataluña,XGBoost,Mandate_Delayed,2026-05,2873.3,False
Cataluña,XGBoost,Mandate_Delayed,2026-06,2862.4,False
Cataluña,XGBoost,Mandate_Delayed,2026-07,2873.3,False
Cataluña,XGBoost,Mandate_Delayed,2026-08,2873.3,False
Cataluña,XGBoost,Mandate_Delayed,2026-09,2714.0,False
Cataluña,XGBoost,Mandate_Delayed,2026-10,2873.3,False
Cataluña,XGBoost,Mandate_Delayed,2026-11,2873.3,False
Cataluña,XGBoost,Mandate_Delayed,2026-12,2873.3,False
Cataluña,XGBoost,Mandate_Delayed,2027-01,2686.2,False
Cataluña,XGBoost,Mandate_Delayed,2027-02,2616.2,False
Cataluña,XGBoost,Mandate_Delayed,2027-03,2757.9,False
Cataluña,XGBoost,Mandate_Delayed,2027-04,2867.0,False
Cataluña,XGBoost,Mandate_Delayed,2027-05,2873.3,False
Cataluña,XGBoost,Mandate_Delayed,2027-06,2862.4,False
Cataluña,XGBoost,Mandate_Delayed,2027-07,2873.3,False
Cataluña,XGBoost,Mandate_Delayed,2027-08,2873.3,False
Cataluña,XGBoost,Mandate_Delayed,2027-09,2714.0,False
Cataluña,XGBoost,Mandate_Delayed,2027-10,2873.3,False
Cataluña,XGBoost,Mandate_Delayed,2027-11,2873.3,False
Cataluña,XGBoost,Mandate_Delayed,2027-12,2873.3,False
Andalucía,Ridge,Neutral,2026-01,324141.9,False
Andalucía,Ridge,Neutral,2026-02,3269016.4,False
Andalucía,Ridge,Neutral,2026-03,3269016.4,False
Andalucía,Ridge,Neutral,2026-04,3269016.4,False
Andalucía,Ridge,Neutral,2026-05,3269016.4,False
Andalucía,Ridge,Neutral,2026-06,3269016.4,False
Andalucía,Ridge,Neutral,2026-07,3269016.4,False
Andalucía,Ridge,Neutral,2026-08,3269016.4,False
Andalucía,Ridge,Neutral,2026-09,3269016.4,False
Andalucía,Ridge,Neutral,2026-10,3269016.4,False
Andalucía,Ridge,Neutral,2026-11,3269016.4,False
Andalucía,Ridge,Neutral,2026-12,3269016.4,False
Andalucía,Ridge,Neutral,2027-01,3269016.4,False
Andalucía,Ridge,Neutral,2027-02,3269016.4,False
Andalucía,Ridge,Neutral,2027-03,3269016.4,False
Andalucía,Ridge,Neutral,2027-04,3269016.4,False
Andalucía,Ridge,Neutral,2027-05,3269016.4,False
Andalucía,Ridge,Neutral,2027-06,3269016.4,False
Andalucía,Ridge,Neutral,2027-07,3269016.4,False
Andalucía,Ridge,Neutral,2027-08,3269016.4,False
Andalucía,Ridge,Neutral,2027-09,3269016.4,False
Andalucía,Ridge,Neutral,2027-10,3269016.4,False
Andalucía,Ridge,Neutral,2027-11,3269016.4,False
Andalucía,Ridge,Neutral,2027-12,3269016.4,False
Andalucía,Ridge,Macro_Downturn,2026-01,305740.4,False
Andalucía,Ridge,Macro_Downturn,2026-02,3269016.4,False
Andalucía,Ridge,Macro_Downturn,2026-03,3269016.4,False
Andalucía,Ridge,Macro_Downturn,2026-04,3269016.4,False
Andalucía,Ridge,Macro_Downturn,2026-05,3269016.4,False
Andalucía,Ridge,Macro_Downturn,2026-06,3269016.4,False
Andalucía,Ridge,Macro_Downturn,2026-07,3269016.4,False
Andalucía,Ridge,Macro_Downturn,2026-08,3269016.4,False
Andalucía,Ridge,Macro_Downturn,2026-09,3269016.4,False
Andalucía,Ridge,Macro_Downturn,2026-10,3269016.4,False
Andalucía,Ridge,Macro_Downturn,2026-11,3269016.4,False
Andalucía,Ridge,Macro_Downturn,2026-12,3269016.4,False
Andalucía,Ridge,Macro_Downturn,2027-01,3269016.4,False
Andalucía,Ridge,Macro_Downturn,2027-02,3269016.4,False
Andalucía,Ridge,Macro_Downturn,2027-03,3269016.4,False
Andalucía,Ridge,Macro_Downturn,2027-04,3269016.4,False
Andalucía,Ridge,Macro_Downturn,2027-05,3269016.4,False
Andalucía,Ridge,Macro_Downturn,2027-06,3269016.4,False
Andalucía,Ridge,Macro_Downturn,2027-07,3269016.4,False
Andalucía,Ridge,Macro_Downturn,2027-08,3269016.4,False
Andalucía,Ridge,Macro_Downturn,2027-09,3269016.4,False
Andalucía,Ridge,Macro_Downturn,2027-10,3269016.4,False
Andalucía,Ridge,Macro_Downturn,2027-11,3269016.4,False
Andalucía,Ridge,Macro_Downturn,2027-12,3269016.4,False
Andalucía,Ridge,Mandate_Delayed,2026-01,2843.0,False
Andalucía,Ridge,Mandate_Delayed,2026-02,7088.4,False
Andalucía,Ridge,Mandate_Delayed,2026-03,115935.0,False
Andalucía,Ridge,Mandate_Delayed,2026-04,3269016.4,False
Andalucía,Ridge,Mandate_Delayed,2026-05,3269016.4,False
Andalucía,Ridge,Mandate_Delayed,2026-06,3269016.4,False
Andalucía,Ridge,Mandate_Delayed,2026-07,3269016.4,False
Andalucía,Ridge,Mandate_Delayed,2026-08,3269016.4,False
Andalucía,Ridge,Mandate_Delayed,2026-09,3269016.4,False
Andalucía,Ridge,Mandate_Delayed,2026-10,3269016.4,False
Andalucía,Ridge,Mandate_Delayed,2026-11,3269016.4,False
Andalucía,Ridge,Mandate_Delayed,2026-12,3269016.4,False
Andalucía,Ridge,Mandate_Delayed,2027-01,3269016.4,False
Andalucía,Ridge,Mandate_Delayed,2027-02,3269016.4,False
Andalucía,Ridge,Mandate_Delayed,2027-03,3269016.4,False
Andalucía,Ridge,Mandate_Delayed,2027-04,3269016.4,False
Andalucía,Ridge,Mandate_Delayed,2027-05,3269016.4,False
Andalucía,Ridge,Mandate_Delayed,2027-06,3269016.4,False
Andalucía,Ridge,Mandate_Delayed,2027-07,3269016.4,False
Andalucía,Ridge,Mandate_Delayed,2027-08,3269016.4,False
Andalucía,Ridge,Mandate_Delayed,2027-09,3269016.4,False
Andalucía,Ridge,Mandate_Delayed,2027-10,3269016.4,False
Andalucía,Ridge,Mandate_Delayed,2027-11,3269016.4,False
Andalucía,Ridge,Mandate_Delayed,2027-12,3269016.4,False
Andalucía,Random Forest,Neutral,2026-01,1786.5,False
Andalucía,Random Forest,Neutral,2026-02,1783.0,False
Andalucía,Random Forest,Neutral,2026-03,1772.7,False
Andalucía,Random Forest,Neutral,2026-04,1779.5,False
Andalucía,Random Forest,Neutral,2026-05,1784.4,False
Andalucía,Random Forest,Neutral,2026-06,1828.5,False
Andalucía,Random Forest,Neutral,2026-07,1831.8,False
Andalucía,Random Forest,Neutral,2026-08,1826.0,False
Andalucía,Random Forest,Neutral,2026-09,1804.6,False
Andalucía,Random Forest,Neutral,2026-10,1804.6,False
Andalucía,Random Forest,Neutral,2026-11,1791.3,False
Andalucía,Random Forest,Neutral,2026-12,1779.1,False
Andalucía,Random Forest,Neutral,2027-01,1777.2,False
Andalucía,Random Forest,Neutral,2027-02,1772.7,False
Andalucía,Random Forest,Neutral,2027-03,1772.7,False
Andalucía,Random Forest,Neutral,2027-04,1779.5,False
Andalucía,Random Forest,Neutral,2027-05,1784.4,False
Andalucía,Random Forest,Neutral,2027-06,1828.5,False
Andalucía,Random Forest,Neutral,2027-07,1831.8,False
Andalucía,Random Forest,Neutral,2027-08,1826.0,False
Andalucía,Random Forest,Neutral,2027-09,1804.6,False
Andalucía,Random Forest,Neutral,2027-10,1804.6,False
Andalucía,Random Forest,Neutral,2027-11,1791.3,False
Andalucía,Random Forest,Neutral,2027-12,1779.1,False
Andalucía,Random Forest,Macro_Downturn,2026-01,676.1,False
Andalucía,Random Forest,Macro_Downturn,2026-02,580.5,False
Andalucía,Random Forest,Macro_Downturn,2026-03,521.2,False
Andalucía,Random Forest,Macro_Downturn,2026-04,425.4,False
Andalucía,Random Forest,Macro_Downturn,2026-05,405.1,False
Andalucía,Random Forest,Macro_Downturn,2026-06,380.1,False
Andalucía,Random Forest,Macro_Downturn,2026-07,352.1,False
Andalucía,Random Forest,Macro_Downturn,2026-08,350.8,False
Andalucía,Random Forest,Macro_Downturn,2026-09,366.4,False
Andalucía,Random Forest,Macro_Downturn,2026-10,369.9,False
Andalucía,Random Forest,Macro_Downturn,2026-11,355.8,False
Andalucía,Random Forest,Macro_Downturn,2026-12,384.3,False
Andalucía,Random Forest,Macro_Downturn,2027-01,362.4,False
Andalucía,Random Forest,Macro_Downturn,2027-02,385.8,False
Andalucía,Random Forest,Macro_Downturn,2027-03,386.0,False
Andalucía,Random Forest,Macro_Downturn,2027-04,379.4,False
Andalucía,Random Forest,Macro_Downturn,2027-05,367.0,False
Andalucía,Random Forest,Macro_Downturn,2027-06,350.1,False
Andalucía,Random Forest,Macro_Downturn,2027-07,351.3,False
Andalucía,Random Forest,Macro_Downturn,2027-08,350.8,False
Andalucía,Random Forest,Macro_Downturn,2027-09,366.4,False
Andalucía,Random Forest,Macro_Downturn,2027-10,369.9,False
Andalucía,Random Forest,Macro_Downturn,2027-11,355.8,False
Andalucía,Random Forest,Macro_Downturn,2027-12,384.3,False
Andalucía,Random Forest,Mandate_Delayed,2026-01,1786.5,False
Andalucía,Random Forest,Mandate_Delayed,2026-02,1783.0,False
Andalucía,Random Forest,Mandate_Delayed,2026-03,1772.7,False
Andalucía,Random Forest,Mandate_Delayed,2026-04,1779.5,False
Andalucía,Random Forest,Mandate_Delayed,2026-05,1784.4,False
Andalucía,Random Forest,Mandate_Delayed,2026-06,1828.5,False
Andalucía,Random Forest,Mandate_Delayed,2026-07,1831.8,False
Andalucía,Random Forest,Mandate_Delayed,2026-08,1826.0,False
Andalucía,Random Forest,Mandate_Delayed,2026-09,1804.6,False
Andalucía,Random Forest,Mandate_Delayed,2026-10,1804.6,False
Andalucía,Random Forest,Mandate_Delayed,2026-11,1791.3,False
Andalucía,Random Forest,Mandate_Delayed,2026-12,1779.1,False
Andalucía,Random Forest,Mandate_Delayed,2027-01,1777.2,False
Andalucía,Random Forest,Mandate_Delayed,2027-02,1772.7,False
Andalucía,Random Forest,Mandate_Delayed,2027-03,1772.7,False
Andalucía,Random Forest,Mandate_Delayed,2027-04,1779.5,False
Andalucía,Random Forest,Mandate_Delayed,2027-05,1784.4,False
Andalucía,Random Forest,Mandate_Delayed,2027-06,1828.5,False
Andalucía,Random Forest,Mandate_Delayed,2027-07,1831.8,False
Andalucía,Random Forest,Mandate_Delayed,2027-08,1826.0,False
Andalucía,Random Forest,Mandate_Delayed,2027-09,1804.6,False
Andalucía,Random Forest,Mandate_Delayed,2027-10,1804.6,False
Andalucía,Random Forest,Mandate_Delayed,2027-11,1791.3,False
Andalucía,Random Forest,Mandate_Delayed,2027-12,1779.1,False
Andalucía,XGBoost,Neutral,2026-01,1518.5,False
Andalucía,XGBoost,Neutral,2026-02,1325.3,False
Andalucía,XGBoost,Neutral,2026-03,1413.2,False
Andalucía,XGBoost,Neutral,2026-04,1425.0,False
Andalucía,XGBoost,Neutral,2026-05,1562.1,False
Andalucía,XGBoost,Neutral,2026-06,1641.3,False
Andalucía,XGBoost,Neutral,2026-07,1651.1,False
Andalucía,XGBoost,Neutral,2026-08,1649.2,False
Andalucía,XGBoost,Neutral,2026-09,1646.6,False
Andalucía,XGBoost,Neutral,2026-10,1655.0,False
Andalucía,XGBoost,Neutral,2026-11,1649.2,False
Andalucía,XGBoost,Neutral,2026-12,1639.9,False
Andalucía,XGBoost,Neutral,2027-01,1518.5,False
Andalucía,XGBoost,Neutral,2027-02,1325.3,False
Andalucía,XGBoost,Neutral,2027-03,1414.7,False
Andalucía,XGBoost,Neutral,2027-04,1425.0,False
Andalucía,XGBoost,Neutral,2027-05,1562.1,False
Andalucía,XGBoost,Neutral,2027-06,1641.3,False
Andalucía,XGBoost,Neutral,2027-07,1651.1,False
Andalucía,XGBoost,Neutral,2027-08,1649.2,False
Andalucía,XGBoost,Neutral,2027-09,1646.6,False
Andalucía,XGBoost,Neutral,2027-10,1655.0,False
Andalucía,XGBoost,Neutral,2027-11,1649.2,False
Andalucía,XGBoost,Neutral,2027-12,1639.9,False
Andalucía,XGBoost,Macro_Downturn,2026-01,1450.3,False
Andalucía,XGBoost,Macro_Downturn,2026-02,1265.6,False
Andalucía,XGBoost,Macro_Downturn,2026-03,1349.5,False
Andalucía,XGBoost,Macro_Downturn,2026-04,1362.3,False
Andalucía,XGBoost,Macro_Downturn,2026-05,1491.7,False
Andalucía,XGBoost,Macro_Downturn,2026-06,1567.4,False
Andalucía,XGBoost,Macro_Downturn,2026-07,1576.7,False
Andalucía,XGBoost,Macro_Downturn,2026-08,1574.9,False
Andalucía,XGBoost,Macro_Downturn,2026-09,1572.5,False
Andalucía,XGBoost,Macro_Downturn,2026-10,1580.4,False
Andalucía,XGBoost,Macro_Downturn,2026-11,1574.9,False
Andalucía,XGBoost,Macro_Downturn,2026-12,1566.1,False
Andalucía,XGBoost,Macro_Downturn,2027-01,1450.3,False
Andalucía,XGBoost,Macro_Downturn,2027-02,1265.6,False
Andalucía,XGBoost,Macro_Downturn,2027-03,1351.0,False
Andalucía,XGBoost,Macro_Downturn,2027-04,1362.3,False
Andalucía,XGBoost,Macro_Downturn,2027-05,1491.7,False
Andalucía,XGBoost,Macro_Downturn,2027-06,1567.4,False
Andalucía,XGBoost,Macro_Downturn,2027-07,1576.7,False
Andalucía,XGBoost,Macro_Downturn,2027-08,1574.9,False
Andalucía,XGBoost,Macro_Downturn,2027-09,1572.5,False
Andalucía,XGBoost,Macro_Downturn,2027-10,1580.4,False
Andalucía,XGBoost,Macro_Downturn,2027-11,1574.9,False
Andalucía,XGBoost,Macro_Downturn,2027-12,1566.1,False
Andalucía,XGBoost,Mandate_Delayed,2026-01,1518.5,False
Andalucía,XGBoost,Mandate_Delayed,2026-02,1325.3,False
Andalucía,XGBoost,Mandate_Delayed,2026-03,1413.2,False
Andalucía,XGBoost,Mandate_Delayed,2026-04,1425.0,False
Andalucía,XGBoost,Mandate_Delayed,2026-05,1562.1,False
Andalucía,XGBoost,Mandate_Delayed,2026-06,1641.3,False
Andalucía,XGBoost,Mandate_Delayed,2026-07,1651.1,False
Andalucía,XGBoost,Mandate_Delayed,2026-08,1649.2,False
Andalucía,XGBoost,Mandate_Delayed,2026-09,1646.6,False
Andalucía,XGBoost,Mandate_Delayed,2026-10,1655.0,False
Andalucía,XGBoost,Mandate_Delayed,2026-11,1649.2,False
Andalucía,XGBoost,Mandate_Delayed,2026-12,1639.9,False
Andalucía,XGBoost,Mandate_Delayed,2027-01,1518.5,False
Andalucía,XGBoost,Mandate_Delayed,2027-02,1325.3,False
Andalucía,XGBoost,Mandate_Delayed,2027-03,1414.7,False
Andalucía,XGBoost,Mandate_Delayed,2027-04,1425.0,False
Andalucía,XGBoost,Mandate_Delayed,2027-05,1562.1,False
Andalucía,XGBoost,Mandate_Delayed,2027-06,1641.3,False
Andalucía,XGBoost,Mandate_Delayed,2027-07,1651.1,False
Andalucía,XGBoost,Mandate_Delayed,2027-08,1649.2,False
Andalucía,XGBoost,Mandate_Delayed,2027-09,1646.6,False
Andalucía,XGBoost,Mandate_Delayed,2027-10,1655.0,False
Andalucía,XGBoost,Mandate_Delayed,2027-11,1649.2,False
Andalucía,XGBoost,Mandate_Delayed,2027-12,1639.9,False
Valencia,Ridge,Neutral,2026-01,161457.6,False
Valencia,Ridge,Neutral,2026-02,3269016.4,False
Valencia,Ridge,Neutral,2026-03,3269016.4,False
Valencia,Ridge,Neutral,2026-04,3269016.4,False
Valencia,Ridge,Neutral,2026-05,3269016.4,False
Valencia,Ridge,Neutral,2026-06,3269016.4,False
Valencia,Ridge,Neutral,2026-07,3269016.4,False
Valencia,Ridge,Neutral,2026-08,3269016.4,False
Valencia,Ridge,Neutral,2026-09,3269016.4,False
Valencia,Ridge,Neutral,2026-10,3269016.4,False
Valencia,Ridge,Neutral,2026-11,3269016.4,False
Valencia,Ridge,Neutral,2026-12,3269016.4,False
Valencia,Ridge,Neutral,2027-01,3269016.4,False
Valencia,Ridge,Neutral,2027-02,3269016.4,False
Valencia,Ridge,Neutral,2027-03,3269016.4,False
Valencia,Ridge,Neutral,2027-04,3269016.4,False
Valencia,Ridge,Neutral,2027-05,3269016.4,False
Valencia,Ridge,Neutral,2027-06,3269016.4,False
Valencia,Ridge,Neutral,2027-07,3269016.4,False
Valencia,Ridge,Neutral,2027-08,3269016.4,False
Valencia,Ridge,Neutral,2027-09,3269016.4,False
Valencia,Ridge,Neutral,2027-10,3269016.4,False
Valencia,Ridge,Neutral,2027-11,3269016.4,False
Valencia,Ridge,Neutral,2027-12,3269016.4,False
Valencia,Ridge,Macro_Downturn,2026-01,113716.7,False
Valencia,Ridge,Macro_Downturn,2026-02,3269016.4,False
Valencia,Ridge,Macro_Downturn,2026-03,3269016.4,False
Valencia,Ridge,Macro_Downturn,2026-04,3269016.4,False
Valencia,Ridge,Macro_Downturn,2026-05,3269016.4,False
Valencia,Ridge,Macro_Downturn,2026-06,3269016.4,False
Valencia,Ridge,Macro_Downturn,2026-07,3269016.4,False
Valencia,Ridge,Macro_Downturn,2026-08,3269016.4,False
Valencia,Ridge,Macro_Downturn,2026-09,3269016.4,False
Valencia,Ridge,Macro_Downturn,2026-10,3269016.4,False
Valencia,Ridge,Macro_Downturn,2026-11,3269016.4,False
Valencia,Ridge,Macro_Downturn,2026-12,3269016.4,False
Valencia,Ridge,Macro_Downturn,2027-01,3269016.4,False
Valencia,Ridge,Macro_Downturn,2027-02,3269016.4,False
Valencia,Ridge,Macro_Downturn,2027-03,3269016.4,False
Valencia,Ridge,Macro_Downturn,2027-04,3269016.4,False
Valencia,Ridge,Macro_Downturn,2027-05,3269016.4,False
Valencia,Ridge,Macro_Downturn,2027-06,3269016.4,False
Valencia,Ridge,Macro_Downturn,2027-07,3269016.4,False
Valencia,Ridge,Macro_Downturn,2027-08,3269016.4,False
Valencia,Ridge,Macro_Downturn,2027-09,3269016.4,False
Valencia,Ridge,Macro_Downturn,2027-10,3269016.4,False
Valencia,Ridge,Macro_Downturn,2027-11,3269016.4,False
Valencia,Ridge,Macro_Downturn,2027-12,3269016.4,False
Valencia,Ridge,Mandate_Delayed,2026-01,4912.9,False
Valencia,Ridge,Mandate_Delayed,2026-02,448820.0,False
Valencia,Ridge,Mandate_Delayed,2026-03,3269016.4,False
Valencia,Ridge,Mandate_Delayed,2026-04,3269016.4,False
Valencia,Ridge,Mandate_Delayed,2026-05,3269016.4,False
Valencia,Ridge,Mandate_Delayed,2026-06,3269016.4,False
Valencia,Ridge,Mandate_Delayed,2026-07,3269016.4,False
Valencia,Ridge,Mandate_Delayed,2026-08,3269016.4,False
Valencia,Ridge,Mandate_Delayed,2026-09,3269016.4,False
Valencia,Ridge,Mandate_Delayed,2026-10,3269016.4,False
Valencia,Ridge,Mandate_Delayed,2026-11,3269016.4,False
Valencia,Ridge,Mandate_Delayed,2026-12,3269016.4,False
Valencia,Ridge,Mandate_Delayed,2027-01,3269016.4,False
Valencia,Ridge,Mandate_Delayed,2027-02,3269016.4,False
Valencia,Ridge,Mandate_Delayed,2027-03,3269016.4,False
Valencia,Ridge,Mandate_Delayed,2027-04,3269016.4,False
Valencia,Ridge,Mandate_Delayed,2027-05,3269016.4,False
Valencia,Ridge,Mandate_Delayed,2027-06,3269016.4,False
Valencia,Ridge,Mandate_Delayed,2027-07,3269016.4,False
Valencia,Ridge,Mandate_Delayed,2027-08,3269016.4,False
Valencia,Ridge,Mandate_Delayed,2027-09,3269016.4,False
Valencia,Ridge,Mandate_Delayed,2027-10,3269016.4,False
Valencia,Ridge,Mandate_Delayed,2027-11,3269016.4,False
Valencia,Ridge,Mandate_Delayed,2027-12,3269016.4,False
Valencia,Random Forest,Neutral,2026-01,1033.9,False
Valencia,Random Forest,Neutral,2026-02,1027.2,False
Valencia,Random Forest,Neutral,2026-03,1027.2,False
Valencia,Random Forest,Neutral,2026-04,1027.2,False
Valencia,Random Forest,Neutral,2026-05,1029.3,False
Valencia,Random Forest,Neutral,2026-06,1047.6,False
Valencia,Random Forest,Neutral,2026-07,1047.6,False
Valencia,Random Forest,Neutral,2026-08,1043.9,False
Valencia,Random Forest,Neutral,2026-09,1036.2,False
Valencia,Random Forest,Neutral,2026-10,1036.9,False
Valencia,Random Forest,Neutral,2026-11,1049.0,False
Valencia,Random Forest,Neutral,2026-12,1036.8,False
Valencia,Random Forest,Neutral,2027-01,1033.9,False
Valencia,Random Forest,Neutral,2027-02,1027.2,False
Valencia,Random Forest,Neutral,2027-03,1027.2,False
Valencia,Random Forest,Neutral,2027-04,1027.2,False
Valencia,Random Forest,Neutral,2027-05,1029.3,False
Valencia,Random Forest,Neutral,2027-06,1047.6,False
Valencia,Random Forest,Neutral,2027-07,1047.6,False
Valencia,Random Forest,Neutral,2027-08,1043.9,False
Valencia,Random Forest,Neutral,2027-09,1036.2,False
Valencia,Random Forest,Neutral,2027-10,1036.9,False
Valencia,Random Forest,Neutral,2027-11,1049.0,False
Valencia,Random Forest,Neutral,2027-12,1036.8,False
Valencia,Random Forest,Macro_Downturn,2026-01,755.7,False
Valencia,Random Forest,Macro_Downturn,2026-02,737.3,False
Valencia,Random Forest,Macro_Downturn,2026-03,737.3,False
Valencia,Random Forest,Macro_Downturn,2026-04,735.1,False
Valencia,Random Forest,Macro_Downturn,2026-05,734.7,False
Valencia,Random Forest,Macro_Downturn,2026-06,742.5,False
Valencia,Random Forest,Macro_Downturn,2026-07,735.6,False
Valencia,Random Forest,Macro_Downturn,2026-08,728.2,False
Valencia,Random Forest,Macro_Downturn,2026-09,733.6,False
Valencia,Random Forest,Macro_Downturn,2026-10,734.1,False
Valencia,Random Forest,Macro_Downturn,2026-11,736.6,False
Valencia,Random Forest,Macro_Downturn,2026-12,735.1,False
Valencia,Random Forest,Macro_Downturn,2027-01,739.9,False
Valencia,Random Forest,Macro_Downturn,2027-02,736.3,False
Valencia,Random Forest,Macro_Downturn,2027-03,736.3,False
Valencia,Random Forest,Macro_Downturn,2027-04,735.1,False
Valencia,Random Forest,Macro_Downturn,2027-05,734.7,False
Valencia,Random Forest,Macro_Downturn,2027-06,742.5,False
Valencia,Random Forest,Macro_Downturn,2027-07,735.6,False
Valencia,Random Forest,Macro_Downturn,2027-08,728.2,False
Valencia,Random Forest,Macro_Downturn,2027-09,733.6,False
Valencia,Random Forest,Macro_Downturn,2027-10,734.1,False
Valencia,Random Forest,Macro_Downturn,2027-11,736.6,False
Valencia,Random Forest,Macro_Downturn,2027-12,735.1,False
Valencia,Random Forest,Mandate_Delayed,2026-01,1033.9,False
Valencia,Random Forest,Mandate_Delayed,2026-02,1027.2,False
Valencia,Random Forest,Mandate_Delayed,2026-03,1027.2,False
Valencia,Random Forest,Mandate_Delayed,2026-04,1027.2,False
Valencia,Random Forest,Mandate_Delayed,2026-05,1029.3,False
Valencia,Random Forest,Mandate_Delayed,2026-06,1047.6,False
Valencia,Random Forest,Mandate_Delayed,2026-07,1047.6,False
Valencia,Random Forest,Mandate_Delayed,2026-08,1043.9,False
Valencia,Random Forest,Mandate_Delayed,2026-09,1036.2,False
Valencia,Random Forest,Mandate_Delayed,2026-10,1036.9,False
Valencia,Random Forest,Mandate_Delayed,2026-11,1049.0,False
Valencia,Random Forest,Mandate_Delayed,2026-12,1036.8,False
Valencia,Random Forest,Mandate_Delayed,2027-01,1033.9,False
Valencia,Random Forest,Mandate_Delayed,2027-02,1027.2,False
Valencia,Random Forest,Mandate_Delayed,2027-03,1027.2,False
Valencia,Random Forest,Mandate_Delayed,2027-04,1027.2,False
Valencia,Random Forest,Mandate_Delayed,2027-05,1029.3,False
Valencia,Random Forest,Mandate_Delayed,2027-06,1047.6,False
Valencia,Random Forest,Mandate_Delayed,2027-07,1047.6,False
Valencia,Random Forest,Mandate_Delayed,2027-08,1043.9,False
Valencia,Random Forest,Mandate_Delayed,2027-09,1036.2,False
Valencia,Random Forest,Mandate_Delayed,2027-10,1036.9,False
Valencia,Random Forest,Mandate_Delayed,2027-11,1049.0,False
Valencia,Random Forest,Mandate_Delayed,2027-12,1036.8,False
Valencia,XGBoost,Neutral,2026-01,921.1,False
Valencia,XGBoost,Neutral,2026-02,928.6,False
Valencia,XGBoost,Neutral,2026-03,914.3,False
Valencia,XGBoost,Neutral,2026-04,890.1,False
Valencia,XGBoost,Neutral,2026-05,915.0,False
Valencia,XGBoost,Neutral,2026-06,950.0,False
Valencia,XGBoost,Neutral,2026-07,947.5,False
Valencia,XGBoost,Neutral,2026-08,915.3,False
Valencia,XGBoost,Neutral,2026-09,895.0,False
Valencia,XGBoost,Neutral,2026-10,895.0,False
Valencia,XGBoost,Neutral,2026-11,966.5,False
Valencia,XGBoost,Neutral,2026-12,914.8,False
Valencia,XGBoost,Neutral,2027-01,921.1,False
Valencia,XGBoost,Neutral,2027-02,928.6,False
Valencia,XGBoost,Neutral,2027-03,914.3,False
Valencia,XGBoost,Neutral,2027-04,890.1,False
Valencia,XGBoost,Neutral,2027-05,915.0,False
Valencia,XGBoost,Neutral,2027-06,950.0,False
Valencia,XGBoost,Neutral,2027-07,947.5,False
Valencia,XGBoost,Neutral,2027-08,915.3,False
Valencia,XGBoost,Neutral,2027-09,895.0,False
Valencia,XGBoost,Neutral,2027-10,895.0,False
Valencia,XGBoost,Neutral,2027-11,966.5,False
Valencia,XGBoost,Neutral,2027-12,914.8,False
Valencia,XGBoost,Macro_Downturn,2026-01,968.0,False
Valencia,XGBoost,Macro_Downturn,2026-02,978.6,False
Valencia,XGBoost,Macro_Downturn,2026-03,960.8,False
Valencia,XGBoost,Macro_Downturn,2026-04,930.0,False
Valencia,XGBoost,Macro_Downturn,2026-05,954.2,False
Valencia,XGBoost,Macro_Downturn,2026-06,983.2,False
Valencia,XGBoost,Macro_Downturn,2026-07,980.6,False
Valencia,XGBoost,Macro_Downturn,2026-08,954.5,False
Valencia,XGBoost,Macro_Downturn,2026-09,933.3,False
Valencia,XGBoost,Macro_Downturn,2026-10,933.3,False
Valencia,XGBoost,Macro_Downturn,2026-11,1011.0,False
Valencia,XGBoost,Macro_Downturn,2026-12,950.3,False
Valencia,XGBoost,Macro_Downturn,2027-01,968.0,False
Valencia,XGBoost,Macro_Downturn,2027-02,978.6,False
Valencia,XGBoost,Macro_Downturn,2027-03,960.8,False
Valencia,XGBoost,Macro_Downturn,2027-04,930.0,False
Valencia,XGBoost,Macro_Downturn,2027-05,954.2,False
Valencia,XGBoost,Macro_Downturn,2027-06,983.2,False
Valencia,XGBoost,Macro_Downturn,2027-07,980.6,False
Valencia,XGBoost,Macro_Downturn,2027-08,954.5,False
Valencia,XGBoost,Macro_Downturn,2027-09,933.3,False
Valencia,XGBoost,Macro_Downturn,2027-10,933.3,False
Valencia,XGBoost,Macro_Downturn,2027-11,1011.0,False
Valencia,XGBoost,Macro_Downturn,2027-12,950.3,False
Valencia,XGBoost,Mandate_Delayed,2026-01,921.1,False
Valencia,XGBoost,Mandate_Delayed,2026-02,928.6,False
Valencia,XGBoost,Mandate_Delayed,2026-03,914.3,False
Valencia,XGBoost,Mandate_Delayed,2026-04,890.1,False
Valencia,XGBoost,Mandate_Delayed,2026-05,915.0,False
Valencia,XGBoost,Mandate_Delayed,2026-06,950.0,False
Valencia,XGBoost,Mandate_Delayed,2026-07,947.5,False
Valencia,XGBoost,Mandate_Delayed,2026-08,915.3,False
Valencia,XGBoost,Mandate_Delayed,2026-09,895.0,False
Valencia,XGBoost,Mandate_Delayed,2026-10,895.0,False
Valencia,XGBoost,Mandate_Delayed,2026-11,966.5,False
Valencia,XGBoost,Mandate_Delayed,2026-12,914.8,False
Valencia,XGBoost,Mandate_Delayed,2027-01,921.1,False
Valencia,XGBoost,Mandate_Delayed,2027-02,928.6,False
Valencia,XGBoost,Mandate_Delayed,2027-03,914.3,False
Valencia,XGBoost,Mandate_Delayed,2027-04,890.1,False
Valencia,XGBoost,Mandate_Delayed,2027-05,915.0,False
Valencia,XGBoost,Mandate_Delayed,2027-06,950.0,False
Valencia,XGBoost,Mandate_Delayed,2027-07,947.5,False
Valencia,XGBoost,Mandate_Delayed,2027-08,915.3,False
Valencia,XGBoost,Mandate_Delayed,2027-09,895.0,False
Valencia,XGBoost,Mandate_Delayed,2027-10,895.0,False
Valencia,XGBoost,Mandate_Delayed,2027-11,966.5,False
Valencia,XGBoost,Mandate_Delayed,2027-12,914.8,False
