Target,Production_Order,Production_Seasonal_Order,Term,Meaning,Coefficient,Std_Err,P_Value,Significant_5pct
Cataluña,"(0, 1, 2)","(1, 0, 0, 12)",ma.L1,Moving-average: correction from last month's forecast error (shock),0.2515,0.2622,0.3374,False
Cataluña,"(0, 1, 2)","(1, 0, 0, 12)",ma.L2,Moving-average: correction from the forecast error 2 months ago,0.1335,0.2853,0.6398,False
Cataluña,"(0, 1, 2)","(1, 0, 0, 12)",ar.S.L12,Seasonal autoregressive: this month vs. the same month last year,0.0109,0.2636,0.967,False
Cataluña,"(0, 1, 2)","(1, 0, 0, 12)",sigma2,"Residual variance (fit quality, not a structural driver)",0.1027,0.0296,0.0005,True
Andalucía,"(1, 1, 2)","(1, 0, 0, 12)",ar.L1,Autoregressive: this month's (differenced) demand vs. last month's,0.2038,0.7452,0.7845,False
Andalucía,"(1, 1, 2)","(1, 0, 0, 12)",ma.L1,Moving-average: correction from last month's forecast error (shock),0.2495,0.7934,0.7532,False
Andalucía,"(1, 1, 2)","(1, 0, 0, 12)",ma.L2,Moving-average: correction from the forecast error 2 months ago,0.2768,0.4617,0.5488,False
Andalucía,"(1, 1, 2)","(1, 0, 0, 12)",ar.S.L12,Seasonal autoregressive: this month vs. the same month last year,-0.0505,0.0296,0.0887,False
Andalucía,"(1, 1, 2)","(1, 0, 0, 12)",sigma2,"Residual variance (fit quality, not a structural driver)",0.0717,0.0277,0.0096,True
