Fecha,CCAA,Consumo_Tm,Target,IPI_original,IPI_ajustado,IPC_var_anual,Tasa_paro,CNMC_Biodiesel_Tm,GasoleoA_Tm,DieselPool_Tm,Biodiesel_GasoleoA_Ratio,Biodiesel_DieselPool_Share,Mes,Trimestre,Año,Tendencia,sin_mes,cos_mes,Mandato_Energia_Pct,Lag_1,Lag_2,Lag_3,Lag_12,Roll_mean_3,Roll_mean_6,Roll_std_3,IPI_original_lag1,IPI_ajustado_lag1,IPC_var_anual_lag1,Tasa_paro_lag1,GasoleoA_Tm_lag1,GasoleoA_Tm_roll3_lag1,Biodiesel_GasoleoA_Ratio_lag1,Biodiesel_GasoleoA_Ratio_roll3_lag1
2023-01,Andalucía,0,Andalucía,97.874,101.664,5.9,13.38,0.0,246092.0,374908.0,0.0,0.0,1,1,2023,1,0.49999999999999994,0.8660254037844387,10.5,,,,,,,,,,,,,,,
2023-02,Andalucía,0,Andalucía,99.947,100.678,6.0,13.38,0.0,261675.0,371574.0,0.0,0.0,2,1,2023,2,0.8660254037844386,0.5000000000000001,10.5,0.0,,,,,,,97.874,101.664,5.9,13.38,246092.0,,0.0,
2023-03,Andalucía,0,Andalucía,113.733,102.479,3.3,13.38,0.0,302382.0,437949.0,0.0,0.0,3,1,2023,3,1.0,6.123233995736766e-17,10.5,0.0,0.0,,,0.0,,0.0,99.947,100.678,6.0,13.38,261675.0,253883.5,0.0,0.0
2023-04,Andalucía,46,Andalucía,93.271,101.097,4.1,11.67,46.0,281273.0,403606.0,0.0001635421814393,0.0001139725375737,4,2,2023,4,0.8660254037844387,-0.4999999999999998,10.5,0.0,0.0,0.0,,0.0,0.0,0.0,113.733,102.479,3.3,13.38,302382.0,270049.6666666667,0.0,0.0
2023-05,Andalucía,0,Andalucía,108.291,100.41,3.2,11.67,0.0,303914.0,460176.0,0.0,0.0,5,2,2023,5,0.49999999999999994,-0.8660254037844387,10.5,46.0,0.0,0.0,,15.333333333333334,11.5,26.558112382722783,93.271,101.097,4.1,11.67,281273.0,281776.6666666667,0.0001635421814393,5.451406047976667e-05
2023-06,Andalucía,0,Andalucía,106.84,100.78,1.9,11.67,0.0,302841.0,430416.0,0.0,0.0,6,2,2023,6,1.2246467991473532e-16,-1.0,10.5,0.0,46.0,0.0,,15.333333333333334,9.2,26.558112382722783,108.291,100.41,3.2,11.67,303914.0,295856.3333333333,0.0,5.451406047976667e-05
2023-07,Andalucía,0,Andalucía,103.068,100.586,2.3,11.89,0.0,307739.0,452484.0,0.0,0.0,7,3,2023,7,-0.4999999999999997,-0.8660254037844388,10.5,0.0,0.0,46.0,,15.333333333333334,7.666666666666667,26.558112382722783,106.84,100.78,1.9,11.67,302841.0,296009.3333333333,0.0,5.451406047976667e-05
2023-08,Andalucía,0,Andalucía,81.579,99.789,2.6,11.89,0.0,301542.0,400773.0,0.0,0.0,8,3,2023,8,-0.8660254037844385,-0.5000000000000004,10.5,0.0,0.0,0.0,,0.0,7.666666666666667,0.0,103.068,100.586,2.3,11.89,307739.0,304831.3333333333,0.0,0.0
2023-09,Andalucía,19,Andalucía,102.763,100.515,3.5,11.89,19.0,284714.0,391554.0,6.673363445422424e-05,4.852459686275712e-05,9,3,2023,9,-1.0,-1.8369701987210297e-16,10.5,0.0,0.0,0.0,,0.0,7.666666666666667,0.0,81.579,99.789,2.6,11.89,301542.0,304040.6666666667,0.0,0.0
2023-10,Andalucía,43,Andalucía,103.78,99.789,3.5,11.8,43.0,288953.0,438285.0,0.0001488131287787,9.81096774929555e-05,10,4,2023,10,-0.8660254037844386,0.5000000000000001,10.5,19.0,0.0,0.0,,6.333333333333333,10.833333333333334,10.969655114602885,102.763,100.515,3.5,11.89,284714.0,297998.3333333333,6.673363445422424e-05,2.2244544818074745e-05
2023-11,Andalucía,159,Andalucía,107.632,101.024,3.2,11.8,159.0,284276.0,430273.0,0.0005593155947037,0.0003695328314814,11,4,2023,11,-0.5000000000000004,0.8660254037844384,10.5,43.0,19.0,0.0,,20.666666666666668,10.333333333333334,21.54839514519198,103.78,99.789,3.5,11.8,288953.0,291736.3333333333,0.0001488131287787,7.184892107764141e-05
2023-12,Andalucía,85,Andalucía,89.019,99.95,3.1,11.8,85.0,282854.0,427250.0,0.0003005083894871,0.0001989467524868,12,4,2023,12,-2.4492935982947064e-16,1.0,10.5,159.0,43.0,19.0,,73.66666666666667,36.833333333333336,74.86877408728778,107.632,101.024,3.2,11.8,284276.0,285981.0,0.0005593155947037,0.0002582874526455414
2024-01,Andalucía,92,Andalucía,101.649,102.249,3.4,12.29,92.0,275829.0,434227.0,0.0003335399831054,0.0002118707496309,1,1,2024,13,0.49999999999999994,0.8660254037844387,11.0,85.0,159.0,43.0,0.0,95.66666666666667,51.0,58.731025304632084,89.019,99.95,3.1,11.8,282854.0,285361.0,0.0003005083894871,0.0003362123709898333
2024-02,Andalucía,80,Andalucía,104.175,103.69,2.8,12.29,80.0,267574.0,404177.0,0.0002989827113247,0.0001979330837727,2,1,2024,14,0.8660254037844386,0.5000000000000001,11.0,92.0,85.0,159.0,0.0,112.0,66.33333333333333,40.85339643163101,101.649,102.249,3.4,12.29,275829.0,280986.3333333333,0.0003335399831054,0.00039778798909873334
2024-03,Andalucía,104,Andalucía,99.972,101.232,3.2,12.29,104.0,287400.0,422440.0,0.0003618649965205,0.000246188807878,3,1,2024,15,1.0,6.123233995736766e-17,11.0,80.0,92.0,85.0,0.0,85.66666666666667,79.66666666666667,6.027713773341712,104.175,103.69,2.8,12.29,267574.0,275419.0,0.0002989827113247,0.00031101036130573334
2024-04,Andalucía,154,Andalucía,104.405,100.811,3.3,11.27,154.0,300835.0,406293.0,0.0005119085212824,0.0003790368034891,4,2,2024,16,0.8660254037844387,-0.4999999999999998,11.0,104.0,80.0,92.0,46.0,92.0,93.83333333333333,12.000000000000016,99.972,101.232,3.2,12.29,287400.0,276934.3333333333,0.0003618649965205,0.00033146256365019995
2024-05,Andalucía,355,Andalucía,108.032,100.353,3.6,11.27,355.0,311942.0,409757.0,0.0011380320700643,0.0008663671395485,5,2,2024,17,0.49999999999999994,-0.8660254037844387,11.0,154.0,104.0,80.0,0.0,112.66666666666667,112.33333333333333,37.753587026047406,104.405,100.811,3.3,11.27,300835.0,285269.6666666667,0.0005119085212824,0.00039091874304253335
2024-06,Andalucía,414,Andalucía,102.129,100.857,3.4,11.27,414.0,284813.0,381140.0,0.001453585334939,0.0010862150390932,6,2,2024,18,1.2246467991473532e-16,-1.0,11.0,355.0,154.0,104.0,0.0,204.33333333333334,145.0,132.85455706649034,108.032,100.353,3.6,11.27,311942.0,300059.0,0.0011380320700643,0.0006706018626224
2024-07,Andalucía,616,Andalucía,107.615,99.89,2.8,11.21,616.0,305496.0,407601.0,0.0020163930133291,0.0015112818663349,7,3,2024,19,-0.4999999999999997,-0.8660254037844388,11.0,414.0,355.0,154.0,0.0,307.6666666666667,199.83333333333334,136.30969640246929,102.129,100.857,3.4,11.27,284813.0,299196.6666666667,0.001453585334939,0.0010345086420952335
2024-08,Andalucía,582,Andalucía,78.449,99.159,2.3,11.21,582.0,307270.0,401856.0,0.001894099651772,0.0014482799808886,8,3,2024,20,-0.8660254037844385,-0.5000000000000004,11.0,616.0,414.0,355.0,0.0,461.6666666666667,287.1666666666667,136.8734208432498,107.615,99.89,2.8,11.21,305496.0,300750.3333333333,0.0020163930133291,0.0015360034727774667
2024-09,Andalucía,440,Andalucía,102.926,101.1,1.5,11.21,440.0,283332.0,380686.0,0.0015529484844634,0.001155808198883,9,3,2024,21,-1.0,-1.8369701987210297e-16,11.0,582.0,616.0,414.0,19.0,537.3333333333334,370.8333333333333,108.15421089043815,78.449,99.159,2.3,11.21,307270.0,299193.0,0.001894099651772,0.0017880260000133668
2024-10,Andalucía,510,Andalucía,110.402,102.212,1.8,10.61,510.0,288499.0,407178.0,0.0017677704255474,0.0012525234663955,10,4,2024,22,-0.8660254037844386,0.5000000000000001,11.0,440.0,582.0,616.0,43.0,546.0,426.8333333333333,93.35952013587062,102.926,101.1,1.5,11.21,283332.0,298699.3333333333,0.0015529484844634,0.0018211470498548333
2024-11,Andalucía,608,Andalucía,103.868,99.901,2.4,10.61,608.0,280760.0,385605.0,0.0021655506482404,0.0015767430401576,11,4,2024,23,-0.5000000000000004,0.8660254037844384,11.0,510.0,440.0,582.0,159.0,510.6666666666667,486.1666666666667,71.00234737903646,110.402,102.212,1.8,10.61,288499.0,293033.6666666667,0.0017677704255474,0.0017382728539276002
2024-12,Andalucía,684,Andalucía,92.81,102.184,2.8,10.61,684.0,290874.0,398625.0,0.0023515336537469,0.0017158984007525,12,4,2024,24,-2.4492935982947064e-16,1.0,11.0,608.0,510.0,440.0,85.0,519.3333333333334,528.3333333333334,84.3879928267841,103.868,99.901,2.4,10.61,280760.0,284197.0,0.0021655506482404,0.0018287565194170668
2023-01,Cataluña,85,Cataluña,97.874,101.664,5.9,13.38,85.0,272954.0,368441.0,0.0003114077829964,0.0002307017948599,1,1,2023,1,0.49999999999999994,0.8660254037844387,10.5,,,,,,,,,,,,,,,
2023-02,Cataluña,82,Cataluña,99.947,100.678,6.0,13.38,82.0,320105.0,426088.0,0.0002561659455491,0.0001924485082893,2,1,2023,2,0.8660254037844386,0.5000000000000001,10.5,85.0,,,,,,,97.874,101.664,5.9,13.38,272954.0,,0.0003114077829964,
2023-03,Cataluña,119,Cataluña,113.733,102.479,3.3,13.38,119.0,310829.0,395484.0,0.0003828471603357,0.0003008971285816,3,1,2023,3,1.0,6.123233995736766e-17,10.5,82.0,85.0,,,83.5,,2.1213203435596424,99.947,100.678,6.0,13.38,320105.0,296529.5,0.0002561659455491,0.00028378686427275
2023-04,Cataluña,78,Cataluña,93.271,101.097,4.1,11.67,78.0,281843.0,356403.0,0.0002767498217092,0.000218853376655,4,2,2023,4,0.8660254037844387,-0.4999999999999998,10.5,119.0,82.0,85.0,,95.33333333333333,95.33333333333333,20.550750189064473,113.733,102.479,3.3,13.38,310829.0,301296.0,0.0003828471603357,0.0003168069629604
2023-05,Cataluña,169,Cataluña,108.291,100.41,3.2,11.67,169.0,312732.0,395951.0,0.0005403988079249,0.0004268204904142,5,2,2023,5,0.49999999999999994,-0.8660254037844387,10.5,78.0,119.0,82.0,,93.0,91.0,22.605309110914632,93.271,101.097,4.1,11.67,281843.0,304259.0,0.0002767498217092,0.00030525430919799997
2023-06,Cataluña,133,Cataluña,106.84,100.78,1.9,11.67,133.0,329272.0,397042.0,0.0004039213780704,0.0003349771560691,6,2,2023,6,1.2246467991473532e-16,-1.0,10.5,169.0,78.0,119.0,,122.0,106.6,45.574115460423364,108.291,100.41,3.2,11.67,312732.0,301801.3333333333,0.0005403988079249,0.0003999985966566
2023-07,Cataluña,170,Cataluña,103.068,100.586,2.3,11.89,170.0,319217.0,390144.0,0.0005325530908441,0.0004357365485564,7,3,2023,7,-0.4999999999999997,-0.8660254037844388,10.5,133.0,169.0,78.0,,126.66666666666667,111.0,45.82939377008312,106.84,100.78,1.9,11.67,329272.0,307949.0,0.0004039213780704,0.00040702333590150004
2023-08,Cataluña,169,Cataluña,81.579,99.789,2.6,11.89,169.0,283692.0,328108.0,0.0005957164812543,0.000515074304802,8,3,2023,8,-0.8660254037844385,-0.5000000000000004,10.5,170.0,133.0,169.0,,157.33333333333334,125.16666666666667,21.07921567168317,103.068,100.586,2.3,11.89,319217.0,320407.0,0.0005325530908441,0.0004922910922798
2023-09,Cataluña,109,Cataluña,102.763,100.515,3.5,11.89,109.0,304063.0,352928.0,0.0003584783416594,0.0003088448635415,9,3,2023,9,-1.0,-1.8369701987210297e-16,10.5,169.0,170.0,133.0,,157.33333333333334,139.66666666666666,21.07921567168317,81.579,99.789,2.6,11.89,283692.0,310727.0,0.0005957164812543,0.0005107303167229334
2023-10,Cataluña,93,Cataluña,103.78,99.789,3.5,11.8,93.0,306355.0,380451.0,0.0003035693884545,0.0002444467224425,10,4,2023,10,-0.8660254037844386,0.5000000000000001,10.5,109.0,169.0,170.0,,149.33333333333334,138.0,34.93326972004386,102.763,100.515,3.5,11.89,304063.0,302324.0,0.0003584783416594,0.0004955826379192667
2023-11,Cataluña,84,Cataluña,107.632,101.024,3.2,11.8,84.0,329662.0,427271.0,0.0002548064381093,0.0001965965394328,11,4,2023,11,-0.5000000000000004,0.8660254037844384,10.5,93.0,109.0,169.0,,123.66666666666667,140.5,40.06661120351126,103.78,99.789,3.5,11.8,306355.0,298036.6666666667,0.0003035693884545,0.00041925473712273333
2023-12,Cataluña,100,Cataluña,89.019,99.95,3.1,11.8,100.0,289506.0,377211.0,0.00034541598447,0.0002651036157482,12,4,2023,12,-2.4492935982947064e-16,1.0,10.5,84.0,93.0,109.0,,95.33333333333333,126.33333333333333,12.662279942148402,107.632,101.024,3.2,11.8,329662.0,313360.0,0.0002548064381093,0.0003056180560744
2024-01,Cataluña,96,Cataluña,101.649,102.249,3.4,12.29,96.0,295021.0,391393.0,0.0003254005647055,0.0002452777642931,1,1,2024,13,0.49999999999999994,0.8660254037844387,11.0,100.0,84.0,93.0,85.0,92.33333333333333,120.83333333333333,8.020806277010667,89.019,99.95,3.1,11.8,289506.0,308507.6666666667,0.00034541598447,0.00030126393701126666
2024-02,Cataluña,90,Cataluña,104.175,103.69,2.8,12.29,90.0,294268.0,362317.0,0.0003058436527247,0.0002484012618784,2,1,2024,14,0.8660254037844386,0.5000000000000001,11.0,96.0,100.0,84.0,82.0,93.33333333333333,108.5,8.326663997864555,101.649,102.249,3.4,12.29,295021.0,304729.6666666667,0.0003254005647055,0.0003085409957616
2024-03,Cataluña,103,Cataluña,99.972,101.232,3.2,12.29,103.0,294184.0,366548.0,0.0003501210126995,0.0002810000327378,3,1,2024,15,1.0,6.123233995736766e-17,11.0,90.0,96.0,100.0,119.0,95.33333333333333,95.33333333333333,5.033222956847208,104.175,103.69,2.8,12.29,294268.0,292931.6666666667,0.0003058436527247,0.0003255534006334
2024-04,Cataluña,174,Cataluña,104.405,100.811,3.3,11.27,174.0,287168.0,377536.0,0.0006059170938266,0.0004608832005424,4,2,2024,16,0.8660254037844387,-0.4999999999999998,11.0,103.0,90.0,96.0,78.0,96.33333333333333,94.33333333333333,6.5064070986477445,99.972,101.232,3.2,12.29,294184.0,294491.0,0.0003501210126995,0.0003271217433765667
2024-05,Cataluña,184,Cataluña,108.032,100.353,3.6,11.27,184.0,319020.0,381028.0,0.0005767663469374,0.0004829041435275,5,2,2024,17,0.49999999999999994,-0.8660254037844387,11.0,174.0,103.0,90.0,169.0,122.33333333333333,107.83333333333333,45.21430452117266,104.405,100.811,3.3,11.27,287168.0,291873.3333333333,0.0006059170938266,0.00042062725308360005
2024-06,Cataluña,515,Cataluña,102.129,100.857,3.4,11.27,515.0,289338.0,342163.0,0.0017799252085795,0.0015051305956517,6,2,2024,18,1.2246467991473532e-16,-1.0,11.0,184.0,174.0,103.0,133.0,153.66666666666666,124.5,44.16257842714049,108.032,100.353,3.6,11.27,319020.0,300124.0,0.0005767663469374,0.0005109348178211666
2024-07,Cataluña,903,Cataluña,107.615,99.89,2.8,11.21,903.0,298590.0,356383.0,0.0030242138048829,0.002533790893505,7,3,2024,19,-0.4999999999999997,-0.8660254037844388,11.0,515.0,184.0,174.0,170.0,291.0,193.66666666666666,194.05411616350733,102.129,100.857,3.4,11.27,289338.0,298508.6666666667,0.0017799252085795,0.0009875362164478332
2024-08,Cataluña,1036,Cataluña,78.449,99.159,2.3,11.21,1036.0,289272.0,343715.0,0.0035814043529964,0.003014125074553,8,3,2024,20,-0.8660254037844385,-0.5000000000000004,11.0,903.0,515.0,184.0,169.0,534.0,328.1666666666667,359.87636765978397,107.615,99.89,2.8,11.21,298590.0,302316.0,0.0030242138048829,0.0017936351201332669
2024-09,Cataluña,775,Cataluña,102.926,101.1,1.5,11.21,775.0,273210.0,341642.0,0.0028366458035943,0.0022684564544171,9,3,2024,21,-1.0,-1.8369701987210297e-16,11.0,1036.0,903.0,515.0,109.0,818.0,485.8333333333333,270.70094200057747,78.449,99.159,2.3,11.21,289272.0,292400.0,0.0035814043529964,0.002795181122152933
2024-10,Cataluña,1449,Cataluña,110.402,102.212,1.8,10.61,1449.0,303182.0,382606.0,0.0047793074786761,0.0037871857733543,10,4,2024,22,-0.8660254037844386,0.5000000000000001,11.0,775.0,1036.0,903.0,93.0,904.6666666666666,597.8333333333334,130.50798187595012,102.926,101.1,1.5,11.21,273210.0,287024.0,0.0028366458035943,0.0031474213204912
2024-11,Cataluña,1843,Cataluña,103.868,99.901,2.4,10.61,1843.0,278124.0,348364.0,0.0066265406796968,0.005290443329391,11,4,2024,23,-0.5000000000000004,0.8660254037844384,11.0,1449.0,775.0,1036.0,84.0,1086.6666666666667,810.3333333333334,339.84457231701276,110.402,102.212,1.8,10.61,303182.0,288554.6666666667,0.0047793074786761,0.0037324525450889334
2024-12,Cataluña,2176,Cataluña,92.81,102.184,2.8,10.61,2176.0,286945.0,368875.0,0.0075833347854118,0.0058990172822771,12,4,2024,24,-2.4492935982947064e-16,1.0,11.0,1843.0,1449.0,775.0,100.0,1355.6666666666667,1086.8333333333333,540.0827097152188,103.868,99.901,2.4,10.61,278124.0,284838.6666666667,0.0066265406796968,0.0047474979873224
2023-01,"Madrid, Comunidad de",26,Madrid,97.874,101.664,5.9,13.38,26.0,135631.0,173564.0,0.000191696588538,0.0001498006499043,1,1,2023,1,0.49999999999999994,0.8660254037844387,10.5,,,,,,,,,,,,,,,
2023-02,"Madrid, Comunidad de",26,Madrid,99.947,100.678,6.0,13.38,26.0,143849.0,185809.0,0.0001807450868619,0.0001399286363954,2,1,2023,2,0.8660254037844386,0.5000000000000001,10.5,26.0,,,,,,,97.874,101.664,5.9,13.38,135631.0,,0.000191696588538,
2023-03,"Madrid, Comunidad de",25,Madrid,113.733,102.479,3.3,13.38,25.0,164028.0,196784.0,0.000152413002658,0.0001270428490121,3,1,2023,3,1.0,6.123233995736766e-17,10.5,26.0,26.0,,,26.0,,0.0,99.947,100.678,6.0,13.38,143849.0,139740.0,0.0001807450868619,0.00018622083769995
2023-04,"Madrid, Comunidad de",0,Madrid,93.271,101.097,4.1,11.67,0.0,145801.0,160449.0,0.0,0.0,4,2,2023,4,0.8660254037844387,-0.4999999999999998,10.5,25.0,26.0,26.0,,25.666666666666668,25.666666666666668,0.5773502691896263,113.733,102.479,3.3,13.38,164028.0,147836.0,0.000152413002658,0.00017495155935263334
2023-05,"Madrid, Comunidad de",0,Madrid,108.291,100.41,3.2,11.67,0.0,154674.0,167662.0,0.0,0.0,5,2,2023,5,0.49999999999999994,-0.8660254037844387,10.5,0.0,25.0,26.0,,17.0,19.25,14.730919862656235,93.271,101.097,4.1,11.67,145801.0,151226.0,0.0,0.00011105269650663334
2023-06,"Madrid, Comunidad de",42,Madrid,106.84,100.78,1.9,11.67,42.0,166937.0,180294.0,0.0002515919179091,0.0002329528436886,6,2,2023,6,1.2246467991473532e-16,-1.0,10.5,0.0,0.0,25.0,,8.333333333333334,15.4,14.433756729740644,108.291,100.41,3.2,11.67,154674.0,154834.33333333334,0.0,5.080433421933333e-05
2023-07,"Madrid, Comunidad de",12,Madrid,103.068,100.586,2.3,11.89,12.0,159358.0,171876.0,7.530214987637897e-05,6.981777560566921e-05,7,3,2023,7,-0.4999999999999997,-0.8660254037844388,10.5,42.0,0.0,0.0,,14.0,19.833333333333332,24.24871130596428,106.84,100.78,1.9,11.67,166937.0,155804.0,0.0002515919179091,8.386397263636666e-05
2023-08,"Madrid, Comunidad de",92,Madrid,81.579,99.789,2.6,11.89,92.0,132543.0,141902.0,0.000694114362886,0.0006483347662471,8,3,2023,8,-0.8660254037844385,-0.5000000000000004,10.5,12.0,42.0,0.0,,18.0,17.5,21.633307652783937,103.068,100.586,2.3,11.89,159358.0,160323.0,7.530214987637897e-05,0.00010896468926182631
2023-09,"Madrid, Comunidad de",26,Madrid,102.763,100.515,3.5,11.89,26.0,152310.0,167280.0,0.0001707044842754,0.0001554280248684,9,3,2023,9,-1.0,-1.8369701987210297e-16,10.5,92.0,12.0,42.0,,48.666666666666664,28.5,40.41451884327381,81.579,99.789,2.6,11.89,132543.0,152946.0,0.000694114362886,0.0003403361435571596
2023-10,"Madrid, Comunidad de",129,Madrid,103.78,99.789,3.5,11.8,129.0,156643.0,177996.0,0.0008235286607125,0.000724735387312,10,4,2023,10,-0.8660254037844386,0.5000000000000001,10.5,26.0,92.0,12.0,,43.333333333333336,28.666666666666668,42.72391992003231,102.763,100.515,3.5,11.89,152310.0,148070.33333333334,0.0001707044842754,0.00031337366567925964
2023-11,"Madrid, Comunidad de",74,Madrid,107.632,101.024,3.2,11.8,74.0,154413.0,185017.0,0.000479234261364,0.0003999632466205,11,4,2023,11,-0.5000000000000004,0.8660254037844384,10.5,129.0,26.0,92.0,,82.33333333333333,50.166666666666664,52.17598425840508,103.78,99.789,3.5,11.8,156643.0,147165.33333333334,0.0008235286607125,0.0005627825026246334
2023-12,"Madrid, Comunidad de",78,Madrid,89.019,99.95,3.1,11.8,78.0,155230.0,194693.0,0.0005024801906847,0.0004006307365955,12,4,2023,12,-2.4492935982947064e-16,1.0,10.5,74.0,129.0,26.0,,76.33333333333333,62.5,51.53962876596353,107.632,101.024,3.2,11.8,154413.0,154455.33333333334,0.000479234261364,0.0004911558021172999
2024-01,"Madrid, Comunidad de",78,Madrid,101.649,102.249,3.4,12.29,78.0,145384.0,187121.0,0.0005365102074506,0.0004168425777972,1,1,2024,13,0.49999999999999994,0.8660254037844387,11.0,78.0,74.0,129.0,26.0,93.66666666666667,68.5,30.664855018951826,89.019,99.95,3.1,11.8,155230.0,155428.66666666666,0.0005024801906847,0.0006017477042537333
2024-02,"Madrid, Comunidad de",81,Madrid,104.175,103.69,2.8,12.29,81.0,141903.0,176304.0,0.0005708124563962,0.0004594337054179,2,1,2024,14,0.8660254037844386,0.5000000000000001,11.0,78.0,78.0,74.0,26.0,76.66666666666667,79.5,2.309401076758871,101.649,102.249,3.4,12.29,145384.0,151675.66666666666,0.0005365102074506,0.0005060748864997667
2024-03,"Madrid, Comunidad de",133,Madrid,99.972,101.232,3.2,12.29,133.0,149187.0,181240.0,0.0008914985890191,0.0007338335908188,3,1,2024,15,1.0,6.123233995736766e-17,11.0,81.0,78.0,78.0,25.0,79.0,77.66666666666667,1.7320508075693655,104.175,103.69,2.8,12.29,141903.0,147505.66666666666,0.0005708124563962,0.0005366009515105
2024-04,"Madrid, Comunidad de",140,Madrid,104.405,100.811,3.3,11.27,140.0,155989.0,178479.0,0.0008974991826346,0.00078440600855,4,2,2024,16,0.8660254037844387,-0.4999999999999998,11.0,133.0,81.0,78.0,0.0,97.33333333333333,95.5,30.924639582917294,99.972,101.232,3.2,12.29,149187.0,145491.33333333334,0.0008914985890191,0.0006662737509553
2024-05,"Madrid, Comunidad de",331,Madrid,108.032,100.353,3.6,11.27,331.0,154057.0,168902.0,0.0021485554048176,0.0019597162851831,5,2,2024,17,0.49999999999999994,-0.8660254037844387,11.0,140.0,133.0,81.0,0.0,118.0,97.33333333333333,32.233522922572426,104.405,100.811,3.3,11.27,155989.0,149026.33333333334,0.0008974991826346,0.0007866034093499666
2024-06,"Madrid, Comunidad de",389,Madrid,102.129,100.857,3.4,11.27,389.0,147122.0,159998.0,0.0026440641100583,0.0024312803910048,6,2,2024,18,1.2246467991473532e-16,-1.0,11.0,331.0,140.0,133.0,42.0,201.33333333333334,140.16666666666666,112.34915813362082,108.032,100.353,3.6,11.27,154057.0,153077.66666666666,0.0021485554048176,0.0013125177254904334
2024-07,"Madrid, Comunidad de",503,Madrid,107.615,99.89,2.8,11.21,503.0,148017.0,161128.0,0.0033982583081673,0.0031217417208678,7,3,2024,19,-0.4999999999999997,-0.8660254037844388,11.0,389.0,331.0,140.0,12.0,286.6666666666667,192.0,130.28558375097893,102.129,100.857,3.4,11.27,147122.0,152389.33333333334,0.0026440641100583,0.0018967062325035
2024-08,"Madrid, Comunidad de",598,Madrid,78.449,99.159,2.3,11.21,598.0,134104.0,146188.0,0.004459225675595,0.0040906230333543,8,3,2024,20,-0.8660254037844385,-0.5000000000000004,11.0,503.0,389.0,331.0,92.0,407.6666666666667,262.8333333333333,87.50619025722327,107.615,99.89,2.8,11.21,148017.0,149732.0,0.0033982583081673,0.002730292607681067
2024-09,"Madrid, Comunidad de",980,Madrid,102.926,101.1,1.5,11.21,980.0,145069.0,164061.0,0.0067554060481563,0.0059733879471659,9,3,2024,21,-1.0,-1.8369701987210297e-16,11.0,598.0,503.0,389.0,26.0,496.6666666666667,349.0,104.6438403984361,78.449,99.159,2.3,11.21,134104.0,143081.0,0.004459225675595,0.003500516031273533
2024-10,"Madrid, Comunidad de",1335,Madrid,110.402,102.212,1.8,10.61,1335.0,152310.0,179276.0,0.0087650187118377,0.0074466186215667,10,4,2024,22,-0.8660254037844386,0.5000000000000001,11.0,980.0,598.0,503.0,129.0,693.6666666666666,490.1666666666667,252.4803622726595,102.926,101.1,1.5,11.21,145069.0,142396.66666666666,0.0067554060481563,0.0048709633439728665
2024-11,"Madrid, Comunidad de",1635,Madrid,103.868,99.901,2.4,10.61,1635.0,144854.0,171776.0,0.0112872271390503,0.0095182097615499,11,4,2024,23,-0.5000000000000004,0.8660254037844384,11.0,1335.0,980.0,598.0,74.0,971.0,689.3333333333334,368.58241954819283,110.402,102.212,1.8,10.61,152310.0,143827.66666666666,0.0087650187118377,0.0066598834785296665
2024-12,"Madrid, Comunidad de",2067,Madrid,92.81,102.184,2.8,10.61,2067.0,144663.0,187607.0,0.0142883805810746,0.0110177125586998,12,4,2024,24,-2.4492935982947064e-16,1.0,11.0,1635.0,1335.0,980.0,78.0,1316.6666666666667,906.6666666666666,327.8846341830208,103.868,99.901,2.4,10.61,144854.0,147411.0,0.0112872271390503,0.008935883966348099
2023-01,ESPAÑA,167,Nacional,97.874,101.664,5.9,13.38,167.0,1569235.0,2318637.0,0.0001064212817073,7.202507335128353e-05,1,1,2023,1,0.49999999999999994,0.8660254037844387,10.5,,,,,,,,,,,,,,,
2023-02,ESPAÑA,162,Nacional,99.947,100.678,6.0,13.38,162.0,1710109.0,2574059.0,9.473080370900334e-05,6.293562035679835e-05,2,1,2023,2,0.8660254037844386,0.5000000000000001,10.5,167.0,,,,,,,97.874,101.664,5.9,13.38,1569235.0,,0.0001064212817073,
2023-03,ESPAÑA,205,Nacional,113.733,102.479,3.3,13.38,205.0,1898666.0,2705321.0,0.0001079705435289,7.577658991299e-05,3,1,2023,3,1.0,6.123233995736766e-17,10.5,162.0,167.0,,,164.5,,3.5355339059327378,99.947,100.678,6.0,13.38,1710109.0,1639672.0,9.473080370900334e-05,0.00010057604270815167
2023-04,ESPAÑA,260,Nacional,93.271,101.097,4.1,11.67,260.0,1725288.0,2347447.0,0.0001506994774205,0.0001107586241563,4,2,2023,4,0.8660254037844387,-0.4999999999999998,10.5,205.0,162.0,167.0,,178.0,178.0,23.515952032609693,113.733,102.479,3.3,13.38,1898666.0,1726003.3333333333,0.0001079705435289,0.00010304087631506777
2023-05,ESPAÑA,431,Nacional,108.291,100.41,3.2,11.67,431.0,1885680.0,2582956.0,0.0002285647617835,0.0001668630824528,5,2,2023,5,0.49999999999999994,-0.8660254037844387,10.5,260.0,205.0,162.0,,209.0,198.5,49.122296363260546,93.271,101.097,4.1,11.67,1725288.0,1778021.0,0.0001506994774205,0.00011780027488613445
2023-06,ESPAÑA,379,Nacional,106.84,100.78,1.9,11.67,379.0,1922421.0,2593870.0,0.0001971472429816,0.0001461137219675,6,2,2023,6,1.2246467991473532e-16,-1.0,10.5,431.0,260.0,205.0,,298.6666666666667,245.0,117.85725829720175,108.291,100.41,3.2,11.67,1885680.0,1836544.6666666667,0.0002285647617835,0.0001624115942443
2023-07,ESPAÑA,257,Nacional,103.068,100.586,2.3,11.89,257.0,1932517.0,2575206.0,0.0001329871871761,9.97978414154052e-05,7,3,2023,7,-0.4999999999999997,-0.8660254037844388,10.5,379.0,431.0,260.0,,356.6666666666667,267.3333333333333,87.66032930199002,106.84,100.78,1.9,11.67,1922421.0,1844463.0,0.0001971472429816,0.00019213716072853334
2023-08,ESPAÑA,525,Nacional,81.579,99.789,2.6,11.89,525.0,1788313.0,2307157.0,0.0002935727694201,0.0002275527846609,8,3,2023,8,-0.8660254037844385,-0.5000000000000004,10.5,257.0,379.0,431.0,,355.6666666666667,282.3333333333333,89.31591870060639,103.068,100.586,2.3,11.89,1932517.0,1913539.3333333333,0.0001329871871761,0.00018623306398040003
2023-09,ESPAÑA,389,Nacional,102.763,100.515,3.5,11.89,389.0,1797665.0,2384967.0,0.0002163918193879,0.0001631049821653,9,3,2023,9,-1.0,-1.8369701987210297e-16,10.5,525.0,257.0,379.0,,387.0,342.8333333333333,134.17898494175606,81.579,99.789,2.6,11.89,1788313.0,1881083.6666666667,0.0002935727694201,0.0002079023998592667
2023-10,ESPAÑA,520,Nacional,103.78,99.789,3.5,11.8,520.0,1820535.0,2560415.0,0.0002856303229545,0.0002030920768703,10,4,2023,10,-0.8660254037844386,0.5000000000000001,10.5,389.0,525.0,257.0,,390.3333333333333,373.5,134.00497503202385,102.763,100.515,3.5,11.89,1797665.0,1839498.3333333333,0.0002163918193879,0.00021431725866136666
2023-11,ESPAÑA,1152,Nacional,107.632,101.024,3.2,11.8,1152.0,1832989.0,2675799.0,0.0006284816766494,0.0004305256112286,11,4,2023,11,-0.5000000000000004,0.8660254037844384,10.5,520.0,389.0,525.0,,478.0,416.8333333333333,77.1167945391923,103.78,99.789,3.5,11.8,1820535.0,1802171.0,0.0002856303229545,0.00026519830392083334
2023-12,ESPAÑA,1570,Nacional,89.019,99.95,3.1,11.8,1570.0,1766668.0,2645880.0,0.0008886785745822,0.0005933753609385,12,4,2023,12,-2.4492935982947064e-16,1.0,10.5,1152.0,520.0,389.0,,687.0,537.0,407.9938725030071,107.632,101.024,3.2,11.8,1832989.0,1817063.0,0.0006284816766494,0.0003768346063306
2024-01,ESPAÑA,546,Nacional,101.649,102.249,3.4,12.29,546.0,1751732.0,2651144.0,0.0003116915144554,0.0002059488281285,1,1,2024,13,0.49999999999999994,0.8660254037844387,11.0,1570.0,1152.0,520.0,167.0,1080.6666666666667,735.5,528.6221082525146,89.019,99.95,3.1,11.8,1766668.0,1806730.6666666667,0.0008886785745822,0.0006009301913953666
2024-02,ESPAÑA,1131,Nacional,104.175,103.69,2.8,12.29,1131.0,1732081.0,2491110.0,0.0006529717721053,0.0004540144754747,2,1,2024,14,0.8660254037844386,0.5000000000000001,11.0,546.0,1570.0,1152.0,162.0,1089.3333333333333,783.6666666666666,514.8682679417457,101.649,102.249,3.4,12.29,1751732.0,1783796.3333333333,0.0003116915144554,0.000609617255229
2024-03,ESPAÑA,1698,Nacional,99.972,101.232,3.2,12.29,1698.0,1815360.0,2613477.0,0.0009353516657852,0.0006497091805284,3,1,2024,15,1.0,6.123233995736766e-17,11.0,1131.0,546.0,1570.0,205.0,1082.3333333333333,884.6666666666666,513.7317717771923,104.175,103.69,2.8,12.29,1732081.0,1750160.3333333333,0.0006529717721053,0.0006177806203809666
2024-04,ESPAÑA,2277,Nacional,104.405,100.811,3.3,11.27,2277.0,1862071.0,2548084.0,0.0012228319972761,0.000893612612457,4,2,2024,16,0.8660254037844387,-0.4999999999999998,11.0,1698.0,1131.0,546.0,260.0,1125.0,1102.8333333333333,576.0234370231822,99.972,101.232,3.2,12.29,1815360.0,1766391.0,0.0009353516657852,0.0006333383174486332
2024-05,ESPAÑA,3382,Nacional,108.032,100.353,3.6,11.27,3382.0,1930921.0,2534883.0,0.0017514957887971,0.0013341838656853,5,2,2024,17,0.49999999999999994,-0.8660254037844387,11.0,2277.0,1698.0,1131.0,431.0,1702.0,1395.6666666666667,573.0104711085129,104.405,100.811,3.3,11.27,1862071.0,1803170.6666666667,0.0012228319972761,0.0009370518117221999
2024-06,ESPAÑA,5044,Nacional,102.129,100.857,3.4,11.27,5044.0,1766214.0,2332642.0,0.0028558260777006,0.0021623549605983,6,2,2024,18,1.2246467991473532e-16,-1.0,11.0,3382.0,2277.0,1698.0,379.0,2452.3333333333335,1767.3333333333333,855.5818682822428,108.032,100.353,3.6,11.27,1930921.0,1869450.6666666667,0.0017514957887971,0.0013032264839528
2024-07,ESPAÑA,6683,Nacional,107.615,99.89,2.8,11.21,6683.0,1880115.0,2477812.0,0.0035545698002515,0.0026971376359465,7,3,2024,19,-0.4999999999999997,-0.8660254037844388,11.0,5044.0,3382.0,2277.0,257.0,3567.6666666666665,2346.3333333333335,1392.8123826751876,102.129,100.857,3.4,11.27,1766214.0,1853068.6666666667,0.0028558260777006,0.0019433846212579334
2024-08,ESPAÑA,6946,Nacional,78.449,99.159,2.3,11.21,6946.0,1847407.0,2412021.0,0.0037598645019749,0.0028797427551418,8,3,2024,20,-0.8660254037844385,-0.5000000000000004,11.0,6683.0,5044.0,3382.0,525.0,5036.333333333333,3369.1666666666665,1650.513354485002,107.615,99.89,2.8,11.21,1880115.0,1859083.3333333333,0.0035545698002515,0.002720630555583067
2024-09,ESPAÑA,7044,Nacional,102.926,101.1,1.5,11.21,7044.0,1772806.0,2416237.0,0.003973362003513,0.0029152769368236,9,3,2024,21,-1.0,-1.8369701987210297e-16,11.0,6946.0,6683.0,5044.0,389.0,6224.333333333333,4338.333333333333,1030.6223039180427,78.449,99.159,2.3,11.21,1847407.0,1831245.3333333333,0.0037598645019749,0.003390086793309
2024-10,ESPAÑA,8124,Nacional,110.402,102.212,1.8,10.61,8124.0,1842277.0,2585218.0,0.0044097603129171,0.0031424816011647,10,4,2024,22,-0.8660254037844386,0.5000000000000001,11.0,7044.0,6946.0,6683.0,520.0,6891.0,5229.333333333333,186.67886864881467,102.926,101.1,1.5,11.21,1772806.0,1833442.6666666667,0.003973362003513,0.0037625987685798
2024-11,ESPAÑA,10408,Nacional,103.868,99.901,2.4,10.61,10408.0,1771612.0,2471080.0,0.0058748755370814,0.0042119235314113,11,4,2024,23,-0.5000000000000004,0.8660254037844384,11.0,8124.0,7044.0,6946.0,1152.0,7371.333333333333,6203.833333333333,653.6676015631606,110.402,102.212,1.8,10.61,1842277.0,1820830.0,0.0044097603129171,0.004047662272801666
2024-12,ESPAÑA,13441,Nacional,92.81,102.184,2.8,10.61,13441.0,1775775.0,2570894.0,0.0075690895524489,0.0052281424282759,12,4,2024,24,-2.4492935982947064e-16,1.0,11.0,10408.0,8124.0,7044.0,1570.0,8525.333333333334,7374.833333333333,1717.5346672871945,103.868,99.901,2.4,10.61,1771612.0,1795565.0,0.0058748755370814,0.0047526659511705005
2023-01,Comunitat Valenciana,52,Valencia,97.874,101.664,5.9,13.38,52.0,144586.0,185307.0,0.0003596475454055,0.0002806154111825,1,1,2023,1,0.49999999999999994,0.8660254037844387,10.5,,,,,,,,,,,,,,,
2023-02,Comunitat Valenciana,50,Valencia,99.947,100.678,6.0,13.38,50.0,155581.0,210002.0,0.0003213760034965,0.0002380929705431,2,1,2023,2,0.8660254037844386,0.5000000000000001,10.5,52.0,,,,,,,97.874,101.664,5.9,13.38,144586.0,,0.0003596475454055,
2023-03,Comunitat Valenciana,25,Valencia,113.733,102.479,3.3,13.38,25.0,176509.0,221806.0,0.000141635837266,0.0001127111079051,3,1,2023,3,1.0,6.123233995736766e-17,10.5,50.0,52.0,,,51.0,,1.4142135623730951,99.947,100.678,6.0,13.38,155581.0,150083.5,0.0003213760034965,0.000340511774451
2023-04,Comunitat Valenciana,76,Valencia,93.271,101.097,4.1,11.67,76.0,161264.0,198419.0,0.0004712769123921,0.0003830278350359,4,2,2023,4,0.8660254037844387,-0.4999999999999998,10.5,25.0,50.0,52.0,,42.333333333333336,42.333333333333336,15.044378795195678,113.733,102.479,3.3,13.38,176509.0,158892.0,0.000141635837266,0.00027421979538933336
2023-05,Comunitat Valenciana,76,Valencia,108.291,100.41,3.2,11.67,76.0,174990.0,212195.0,0.0004343105320304,0.0003581611253799,5,2,2023,5,0.49999999999999994,-0.8660254037844387,10.5,76.0,25.0,50.0,,50.333333333333336,50.75,25.50163393458022,93.271,101.097,4.1,11.67,161264.0,164451.33333333334,0.0004712769123921,0.00031142958438486667
2023-06,Comunitat Valenciana,25,Valencia,106.84,100.78,1.9,11.67,25.0,171725.0,237620.0,0.0001455815984859,0.0001052099991583,6,2,2023,6,1.2246467991473532e-16,-1.0,10.5,76.0,76.0,25.0,,59.0,55.8,29.444863728670914,108.291,100.41,3.2,11.67,174990.0,170921.0,0.0004343105320304,0.00034907442722950004
2023-07,Comunitat Valenciana,0,Valencia,103.068,100.586,2.3,11.89,0.0,182432.0,219782.0,0.0,0.0,7,3,2023,7,-0.4999999999999997,-0.8660254037844388,10.5,25.0,76.0,76.0,,59.0,50.666666666666664,29.444863728670914,106.84,100.78,1.9,11.67,171725.0,169326.33333333334,0.0001455815984859,0.00035038968096946663
2023-08,Comunitat Valenciana,0,Valencia,81.579,99.789,2.6,11.89,0.0,161441.0,198482.0,0.0,0.0,8,3,2023,8,-0.8660254037844385,-0.5000000000000004,10.5,0.0,25.0,76.0,,33.666666666666664,42.0,38.734136537856806,103.068,100.586,2.3,11.89,182432.0,176382.33333333334,0.0,0.0001932973768387667
2023-09,Comunitat Valenciana,0,Valencia,102.763,100.515,3.5,11.89,0.0,156903.0,202602.0,0.0,0.0,9,3,2023,9,-1.0,-1.8369701987210297e-16,10.5,0.0,0.0,25.0,,8.333333333333334,33.666666666666664,14.433756729740661,81.579,99.789,2.6,11.89,161441.0,171866.0,0.0,4.8527199495300004e-05
2023-10,Comunitat Valenciana,17,Valencia,103.78,99.789,3.5,11.8,17.0,160928.0,195591.0,0.0001056373036388,8.691606464510126e-05,10,4,2023,10,-0.8660254037844386,0.5000000000000001,10.5,0.0,0.0,0.0,,0.0,29.5,0.0,102.763,100.515,3.5,11.89,156903.0,166925.33333333334,0.0,0.0
2023-11,Comunitat Valenciana,0,Valencia,107.632,101.024,3.2,11.8,0.0,159425.0,197930.0,0.0,0.0,11,4,2023,11,-0.5000000000000004,0.8660254037844384,10.5,17.0,0.0,0.0,,5.666666666666667,19.666666666666668,9.814954576223666,103.78,99.789,3.5,11.8,160928.0,159757.33333333334,0.0001056373036388,3.521243454626667e-05
2023-12,Comunitat Valenciana,0,Valencia,89.019,99.95,3.1,11.8,0.0,161955.0,200976.0,0.0,0.0,12,4,2023,12,-2.4492935982947064e-16,1.0,10.5,0.0,17.0,0.0,,5.666666666666667,7.0,9.814954576223668,107.632,101.024,3.2,11.8,159425.0,159085.33333333334,0.0,3.521243454626667e-05
2024-01,Comunitat Valenciana,15,Valencia,101.649,102.249,3.4,12.29,15.0,158185.0,202218.0,9.482567879381737e-05,7.417737293416016e-05,1,1,2024,13,0.49999999999999994,0.8660254037844387,11.0,0.0,0.0,17.0,52.0,5.666666666666667,2.8333333333333335,9.814954576223668,89.019,99.95,3.1,11.8,161955.0,160769.33333333334,0.0,3.521243454626667e-05
2024-02,Comunitat Valenciana,43,Valencia,104.175,103.69,2.8,12.29,43.0,155000.0,192242.0,0.0002774193548387,0.0002236764078609,2,1,2024,14,0.8660254037844386,0.5000000000000001,11.0,15.0,0.0,0.0,50.0,5.0,5.333333333333333,8.660254037844421,101.649,102.249,3.4,12.29,158185.0,159855.0,9.482567879381737e-05,3.160855959793912e-05
2024-03,Comunitat Valenciana,78,Valencia,99.972,101.232,3.2,12.29,78.0,170499.0,206836.0,0.0004574806890362,0.0003771103676342,3,1,2024,15,1.0,6.123233995736766e-17,11.0,43.0,15.0,0.0,25.0,19.333333333333332,12.5,21.825062046494477,104.175,103.69,2.8,12.29,155000.0,158380.0,0.0002774193548387,0.0001240816778775058
2024-04,Comunitat Valenciana,139,Valencia,104.405,100.811,3.3,11.27,139.0,169257.0,207871.0,0.0008212363447302,0.0006686839434072,4,2,2024,16,0.8660254037844387,-0.4999999999999998,11.0,78.0,43.0,15.0,76.0,45.333333333333336,25.5,31.56474826976026,99.972,101.232,3.2,12.29,170499.0,161228.0,0.0004574806890362,0.00027657524088957244
2024-05,Comunitat Valenciana,116,Valencia,108.032,100.353,3.6,11.27,116.0,178600.0,216109.0,0.000649496080627,0.000536766168924,5,2,2024,17,0.49999999999999994,-0.8660254037844387,11.0,139.0,78.0,43.0,76.0,86.66666666666667,45.833333333333336,48.58326186386966,104.405,100.811,3.3,11.27,169257.0,164918.66666666666,0.0008212363447302,0.0005187121295350334
2024-06,Comunitat Valenciana,246,Valencia,102.129,100.857,3.4,11.27,246.0,173084.0,208109.0,0.0014212752189688,0.0011820728560513,6,2,2024,18,1.2246467991473532e-16,-1.0,11.0,116.0,139.0,78.0,25.0,111.0,65.16666666666667,30.805843601498704,108.032,100.353,3.6,11.27,178600.0,172785.33333333334,0.000649496080627,0.0006427377047978
2024-07,Comunitat Valenciana,336,Valencia,107.615,99.89,2.8,11.21,336.0,186191.0,224234.0,0.001804598503687,0.0014984346709241,7,3,2024,19,-0.4999999999999997,-0.8660254037844388,11.0,246.0,116.0,139.0,0.0,167.0,106.16666666666667,69.37578828380978,102.129,100.857,3.4,11.27,173084.0,173647.0,0.0014212752189688,0.0009640025481086667
2024-08,Comunitat Valenciana,403,Valencia,78.449,99.159,2.3,11.21,403.0,176663.0,212610.0,0.0022811794207049,0.0018954893937256,8,3,2024,20,-0.8660254037844385,-0.5000000000000004,11.0,336.0,246.0,116.0,0.0,232.66666666666666,159.66666666666666,110.60440015358039,107.615,99.89,2.8,11.21,186191.0,179291.66666666666,0.001804598503687,0.0012917899344276
2024-09,Comunitat Valenciana,442,Valencia,102.926,101.1,1.5,11.21,442.0,166212.0,200482.0,0.002659254446129,0.0022046867050408,9,3,2024,21,-1.0,-1.8369701987210297e-16,11.0,403.0,336.0,246.0,0.0,328.3333333333333,219.66666666666666,78.78028518184821,78.449,99.159,2.3,11.21,176663.0,178646.0,0.0022811794207049,0.0018356843811202332
2024-10,Comunitat Valenciana,344,Valencia,110.402,102.212,1.8,10.61,344.0,160065.0,197578.0,0.0021491269171898,0.0017410845337031,10,4,2024,22,-0.8660254037844386,0.5000000000000001,11.0,442.0,403.0,336.0,17.0,393.6666666666667,280.3333333333333,53.61280941466633,102.926,101.1,1.5,11.21,166212.0,176355.33333333334,0.002659254446129,0.0022483441235069666
2024-11,Comunitat Valenciana,435,Valencia,103.868,99.901,2.4,10.61,435.0,157594.0,191296.0,0.0027602573702044,0.002273962863834,11,4,2024,23,-0.5000000000000004,0.8660254037844384,11.0,344.0,442.0,403.0,0.0,396.3333333333333,314.5,49.33896364267629,110.402,102.212,1.8,10.61,160065.0,167646.66666666666,0.0021491269171898,0.0023631869280079
2024-12,Comunitat Valenciana,549,Valencia,92.81,102.184,2.8,10.61,549.0,165596.0,203730.0,0.0033152974709534,0.0026947430422618,12,4,2024,24,-2.4492935982947064e-16,1.0,11.0,435.0,344.0,442.0,0.0,407.0,367.6666666666667,54.67174773134658,103.868,99.901,2.4,10.61,157594.0,161290.33333333334,0.0027602573702044,0.0025228795778410667
