Fecha,CCAA,Consumo_Tm,Target,IPI_original,IPI_ajustado,IPC_var_anual,Tasa_paro,CNMC_Biodiesel_Tm,GasoleoA_Tm,DieselPool_Tm,Biodiesel_GasoleoA_Ratio,Biodiesel_DieselPool_Share,Mes,Trimestre,Año,Tendencia,sin_mes,cos_mes,Lag_1,Lag_2,Lag_3,Lag_12,Roll_mean_3,Roll_mean_6,Roll_std_3,IPI_original_lag1,IPI_ajustado_lag1,IPC_var_anual_lag1,Tasa_paro_lag1,GasoleoA_Tm_lag1,GasoleoA_Tm_roll3_lag1,Biodiesel_GasoleoA_Ratio_lag1,Biodiesel_GasoleoA_Ratio_roll3_lag1
2023-01,Andalucía,0,Andalucía,97.874,101.664,5.9,13.38,0.0,246092.0,374908.0,0.0,0.0,1,1,2023,1,0.49999999999999994,0.8660254037844387,,,,,,,,,,,,,,,
2023-02,Andalucía,0,Andalucía,99.947,100.678,6.0,13.38,0.0,261675.0,371574.0,0.0,0.0,2,1,2023,2,0.8660254037844386,0.5000000000000001,0.0,,,,,,,97.874,101.664,5.9,13.38,246092.0,,0.0,
2023-03,Andalucía,0,Andalucía,113.733,102.479,3.3,13.38,0.0,302382.0,437949.0,0.0,0.0,3,1,2023,3,1.0,6.123233995736766e-17,0.0,0.0,,,0.0,,0.0,99.947,100.678,6.0,13.38,261675.0,253883.5,0.0,0.0
2023-04,Andalucía,46,Andalucía,93.271,101.097,4.1,11.67,46.0,281273.0,403606.0,0.0001635421814393,0.0001139725375737,4,2,2023,4,0.8660254037844387,-0.4999999999999998,0.0,0.0,0.0,,0.0,0.0,0.0,113.733,102.479,3.3,13.38,302382.0,270049.6666666667,0.0,0.0
2023-05,Andalucía,0,Andalucía,108.291,100.41,3.2,11.67,0.0,303914.0,460176.0,0.0,0.0,5,2,2023,5,0.49999999999999994,-0.8660254037844387,46.0,0.0,0.0,,15.333333333333334,11.5,26.558112382722783,93.271,101.097,4.1,11.67,281273.0,281776.6666666667,0.0001635421814393,5.451406047976667e-05
2023-06,Andalucía,0,Andalucía,106.84,100.78,1.9,11.67,0.0,302841.0,430416.0,0.0,0.0,6,2,2023,6,1.2246467991473532e-16,-1.0,0.0,46.0,0.0,,15.333333333333334,9.2,26.558112382722783,108.291,100.41,3.2,11.67,303914.0,295856.3333333333,0.0,5.451406047976667e-05
2023-07,Andalucía,0,Andalucía,103.068,100.586,2.3,11.89,0.0,307739.0,452484.0,0.0,0.0,7,3,2023,7,-0.4999999999999997,-0.8660254037844388,0.0,0.0,46.0,,15.333333333333334,7.666666666666667,26.558112382722783,106.84,100.78,1.9,11.67,302841.0,296009.3333333333,0.0,5.451406047976667e-05
2023-08,Andalucía,0,Andalucía,81.579,99.789,2.6,11.89,0.0,301542.0,400773.0,0.0,0.0,8,3,2023,8,-0.8660254037844385,-0.5000000000000004,0.0,0.0,0.0,,0.0,7.666666666666667,0.0,103.068,100.586,2.3,11.89,307739.0,304831.3333333333,0.0,0.0
2023-09,Andalucía,19,Andalucía,102.763,100.515,3.5,11.89,19.0,284714.0,391554.0,6.673363445422424e-05,4.852459686275712e-05,9,3,2023,9,-1.0,-1.8369701987210297e-16,0.0,0.0,0.0,,0.0,7.666666666666667,0.0,81.579,99.789,2.6,11.89,301542.0,304040.6666666667,0.0,0.0
2023-10,Andalucía,43,Andalucía,103.78,99.789,3.5,11.8,43.0,288953.0,438285.0,0.0001488131287787,9.81096774929555e-05,10,4,2023,10,-0.8660254037844386,0.5000000000000001,19.0,0.0,0.0,,6.333333333333333,10.833333333333334,10.969655114602885,102.763,100.515,3.5,11.89,284714.0,297998.3333333333,6.673363445422424e-05,2.2244544818074745e-05
2023-11,Andalucía,159,Andalucía,107.632,101.024,3.2,11.8,159.0,284276.0,430273.0,0.0005593155947037,0.0003695328314814,11,4,2023,11,-0.5000000000000004,0.8660254037844384,43.0,19.0,0.0,,20.666666666666668,10.333333333333334,21.54839514519198,103.78,99.789,3.5,11.8,288953.0,291736.3333333333,0.0001488131287787,7.184892107764141e-05
2023-12,Andalucía,85,Andalucía,89.019,99.95,3.1,11.8,85.0,282854.0,427250.0,0.0003005083894871,0.0001989467524868,12,4,2023,12,-2.4492935982947064e-16,1.0,159.0,43.0,19.0,,73.66666666666667,36.833333333333336,74.86877408728778,107.632,101.024,3.2,11.8,284276.0,285981.0,0.0005593155947037,0.0002582874526455414
2024-01,Andalucía,92,Andalucía,101.649,102.249,3.4,12.29,92.0,275829.0,434227.0,0.0003335399831054,0.0002118707496309,1,1,2024,13,0.49999999999999994,0.8660254037844387,85.0,159.0,43.0,0.0,95.66666666666667,51.0,58.731025304632084,89.019,99.95,3.1,11.8,282854.0,285361.0,0.0003005083894871,0.0003362123709898333
2024-02,Andalucía,80,Andalucía,104.175,103.69,2.8,12.29,80.0,267574.0,404177.0,0.0002989827113247,0.0001979330837727,2,1,2024,14,0.8660254037844386,0.5000000000000001,92.0,85.0,159.0,0.0,112.0,66.33333333333333,40.85339643163101,101.649,102.249,3.4,12.29,275829.0,280986.3333333333,0.0003335399831054,0.00039778798909873334
2024-03,Andalucía,104,Andalucía,99.972,101.232,3.2,12.29,104.0,287400.0,422440.0,0.0003618649965205,0.000246188807878,3,1,2024,15,1.0,6.123233995736766e-17,80.0,92.0,85.0,0.0,85.66666666666667,79.66666666666667,6.027713773341712,104.175,103.69,2.8,12.29,267574.0,275419.0,0.0002989827113247,0.00031101036130573334
2024-04,Andalucía,154,Andalucía,104.405,100.811,3.3,11.27,154.0,300835.0,406293.0,0.0005119085212824,0.0003790368034891,4,2,2024,16,0.8660254037844387,-0.4999999999999998,104.0,80.0,92.0,46.0,92.0,93.83333333333333,12.000000000000016,99.972,101.232,3.2,12.29,287400.0,276934.3333333333,0.0003618649965205,0.00033146256365019995
2024-05,Andalucía,355,Andalucía,108.032,100.353,3.6,11.27,355.0,311942.0,409757.0,0.0011380320700643,0.0008663671395485,5,2,2024,17,0.49999999999999994,-0.8660254037844387,154.0,104.0,80.0,0.0,112.66666666666667,112.33333333333333,37.753587026047406,104.405,100.811,3.3,11.27,300835.0,285269.6666666667,0.0005119085212824,0.00039091874304253335
2024-06,Andalucía,414,Andalucía,102.129,100.857,3.4,11.27,414.0,284813.0,381140.0,0.001453585334939,0.0010862150390932,6,2,2024,18,1.2246467991473532e-16,-1.0,355.0,154.0,104.0,0.0,204.33333333333334,145.0,132.85455706649034,108.032,100.353,3.6,11.27,311942.0,300059.0,0.0011380320700643,0.0006706018626224
2024-07,Andalucía,616,Andalucía,107.615,99.89,2.8,11.21,616.0,305496.0,407601.0,0.0020163930133291,0.0015112818663349,7,3,2024,19,-0.4999999999999997,-0.8660254037844388,414.0,355.0,154.0,0.0,307.6666666666667,199.83333333333334,136.30969640246929,102.129,100.857,3.4,11.27,284813.0,299196.6666666667,0.001453585334939,0.0010345086420952335
2024-08,Andalucía,582,Andalucía,78.449,99.159,2.3,11.21,582.0,307270.0,401856.0,0.001894099651772,0.0014482799808886,8,3,2024,20,-0.8660254037844385,-0.5000000000000004,616.0,414.0,355.0,0.0,461.6666666666667,287.1666666666667,136.8734208432498,107.615,99.89,2.8,11.21,305496.0,300750.3333333333,0.0020163930133291,0.0015360034727774667
2024-09,Andalucía,440,Andalucía,102.926,101.1,1.5,11.21,440.0,283332.0,380686.0,0.0015529484844634,0.001155808198883,9,3,2024,21,-1.0,-1.8369701987210297e-16,582.0,616.0,414.0,19.0,537.3333333333334,370.8333333333333,108.15421089043815,78.449,99.159,2.3,11.21,307270.0,299193.0,0.001894099651772,0.0017880260000133668
2024-10,Andalucía,510,Andalucía,110.402,102.212,1.8,10.61,510.0,288499.0,407178.0,0.0017677704255474,0.0012525234663955,10,4,2024,22,-0.8660254037844386,0.5000000000000001,440.0,582.0,616.0,43.0,546.0,426.8333333333333,93.35952013587062,102.926,101.1,1.5,11.21,283332.0,298699.3333333333,0.0015529484844634,0.0018211470498548333
2024-11,Andalucía,608,Andalucía,103.868,99.901,2.4,10.61,608.0,280760.0,385605.0,0.0021655506482404,0.0015767430401576,11,4,2024,23,-0.5000000000000004,0.8660254037844384,510.0,440.0,582.0,159.0,510.6666666666667,486.1666666666667,71.00234737903646,110.402,102.212,1.8,10.61,288499.0,293033.6666666667,0.0017677704255474,0.0017382728539276002
2024-12,Andalucía,684,Andalucía,92.81,102.184,2.8,10.61,684.0,290874.0,398625.0,0.0023515336537469,0.0017158984007525,12,4,2024,24,-2.4492935982947064e-16,1.0,608.0,510.0,440.0,85.0,519.3333333333334,528.3333333333334,84.3879928267841,103.868,99.901,2.4,10.61,280760.0,284197.0,0.0021655506482404,0.0018287565194170668
2025-01,Andalucía,590,Andalucía,100.252,101.358,2.9,11.36,590.0,277526.0,382355.0,0.0021259269401785,0.0015430686142459,1,1,2025,25,0.49999999999999994,0.8660254037844387,684.0,608.0,510.0,92.0,600.6666666666666,573.3333333333334,87.23149278404769,92.81,102.184,2.8,10.61,290874.0,286711.0,0.0023515336537469,0.0020949515758449003
2025-02,Andalucía,498,Andalucía,101.758,102.243,3.0,11.36,498.0,270673.0,368589.0,0.0018398584269579,0.001351098377868,2,1,2025,26,0.8660254037844386,0.5000000000000001,590.0,684.0,608.0,80.0,627.3333333333334,569.0,49.893219312180776,100.252,101.358,2.9,11.36,277526.0,283053.3333333333,0.0021259269401785,0.0022143370807219333
2025-03,Andalucía,804,Andalucía,108.195,101.829,2.3,11.36,804.0,289011.0,389437.0,0.0027819010349087,0.0020645187796742,3,1,2025,27,1.0,6.123233995736766e-17,498.0,590.0,684.0,104.0,590.6666666666666,555.0,93.00179209742878,101.758,102.243,3.0,11.36,270673.0,279691.0,0.0018398584269579,0.0021057730069610997
2025-04,Andalucía,919,Andalucía,98.442,101.399,2.2,10.29,919.0,299715.0,412372.0,0.0030662462672872,0.0022285703200023,4,2,2025,28,0.8660254037844387,-0.4999999999999998,804.0,498.0,590.0,154.0,630.6666666666666,615.6666666666666,157.00106156753645,108.195,101.829,2.3,11.36,289011.0,279070.0,0.0027819010349087,0.0022492288006817
2025-05,Andalucía,1591,Andalucía,106.927,102.056,2.0,10.29,1591.0,314491.0,450923.0,0.0050589683011596,0.0035283185821082,5,2,2025,29,0.49999999999999994,-0.8660254037844387,919.0,804.0,498.0,355.0,740.3333333333334,683.8333333333334,217.60131739797296,98.442,101.399,2.2,10.29,299715.0,286466.3333333333,0.0030662462672872,0.0025626685763846
2025-06,Andalucía,2162,Andalucía,106.826,102.858,2.3,10.29,2162.0,303539.0,428939.0,0.0071226432188285,0.0050403437318593,6,2,2025,30,1.2246467991473532e-16,-1.0,1591.0,919.0,804.0,414.0,1104.6666666666667,847.6666666666666,425.0839132845812,106.927,102.056,2.0,10.29,314491.0,301072.3333333333,0.0050589683011596,0.0036357052011185
2025-07,Andalucía,2664,Andalucía,110.304,102.457,2.7,10.45,2664.0,321039.0,450739.0,0.0082980572453814,0.0059102939838798,7,3,2025,31,-0.4999999999999997,-0.8660254037844388,2162.0,1591.0,919.0,616.0,1557.3333333333333,1094.0,622.1835206217964,106.826,102.858,2.3,10.29,303539.0,305915.0,0.0071226432188285,0.0050826192624251
2025-08,Andalucía,1823,Andalucía,78.612,102.328,2.7,10.45,1823.0,291734.0,414269.0,0.0062488431242158,0.0044005223659023,8,3,2025,32,-0.8660254037844385,-0.5000000000000004,2664.0,2162.0,1591.0,582.0,2139.0,1439.6666666666667,536.869630357315,110.304,102.457,2.7,10.45,321039.0,313023.0,0.0082980572453814,0.0068265562551231675
2025-09,Andalucía,1612,Andalucía,107.429,102.691,3.0,10.45,1612.0,291452.0,404530.0,0.0055309279057958,0.0039848713321632,9,3,2025,33,-1.0,-1.8369701987210297e-16,1823.0,2664.0,2162.0,440.0,2216.3333333333335,1660.5,423.12448916758933,78.612,102.328,2.7,10.45,291734.0,305437.3333333333,0.0062488431242158,0.0072231811961419
2025-10,Andalucía,1637,Andalucía,112.085,103.28,3.1,9.93,1637.0,309630.0,412610.0,0.0052869553983787,0.0039674268679867,10,4,2025,34,-0.8660254037844386,0.5000000000000001,1612.0,1823.0,2664.0,510.0,2033.0,1795.1666666666667,556.552782761887,107.429,102.691,3.0,10.45,291452.0,301408.3333333333,0.0055309279057958,0.006692609425131001
2025-11,Andalucía,1565,Andalucía,106.113,104.433,3.0,9.93,1565.0,276182.0,386510.0,0.005666553214909,0.0040490543582313,11,4,2025,35,-0.5000000000000004,0.8660254037844384,1637.0,1612.0,1823.0,608.0,1690.6666666666667,1914.8333333333333,115.28370801346325,112.085,103.28,3.1,9.93,309630.0,297605.3333333333,0.0052869553983787,0.005688908809463434
2025-12,Andalucía,1911,Andalucía,95.598,101.989,2.9,9.93,1911.0,298437.0,411046.0,0.0064033615134852,0.004649114697625,12,4,2025,36,-2.4492935982947064e-16,1.0,1565.0,1637.0,1612.0,684.0,1604.6666666666667,1910.5,36.555893277739244,106.113,104.433,3.0,9.93,276182.0,292421.3333333333,0.005666553214909,0.005494812173027833
2023-01,Cataluña,85,Cataluña,97.874,101.664,5.9,13.38,85.0,272954.0,368441.0,0.0003114077829964,0.0002307017948599,1,1,2023,1,0.49999999999999994,0.8660254037844387,,,,,,,,,,,,,,,
2023-02,Cataluña,82,Cataluña,99.947,100.678,6.0,13.38,82.0,320105.0,426088.0,0.0002561659455491,0.0001924485082893,2,1,2023,2,0.8660254037844386,0.5000000000000001,85.0,,,,,,,97.874,101.664,5.9,13.38,272954.0,,0.0003114077829964,
2023-03,Cataluña,119,Cataluña,113.733,102.479,3.3,13.38,119.0,310829.0,395484.0,0.0003828471603357,0.0003008971285816,3,1,2023,3,1.0,6.123233995736766e-17,82.0,85.0,,,83.5,,2.1213203435596424,99.947,100.678,6.0,13.38,320105.0,296529.5,0.0002561659455491,0.00028378686427275
2023-04,Cataluña,78,Cataluña,93.271,101.097,4.1,11.67,78.0,281843.0,356403.0,0.0002767498217092,0.000218853376655,4,2,2023,4,0.8660254037844387,-0.4999999999999998,119.0,82.0,85.0,,95.33333333333333,95.33333333333333,20.550750189064473,113.733,102.479,3.3,13.38,310829.0,301296.0,0.0003828471603357,0.0003168069629604
2023-05,Cataluña,169,Cataluña,108.291,100.41,3.2,11.67,169.0,312732.0,395951.0,0.0005403988079249,0.0004268204904142,5,2,2023,5,0.49999999999999994,-0.8660254037844387,78.0,119.0,82.0,,93.0,91.0,22.605309110914632,93.271,101.097,4.1,11.67,281843.0,304259.0,0.0002767498217092,0.00030525430919799997
2023-06,Cataluña,133,Cataluña,106.84,100.78,1.9,11.67,133.0,329272.0,397042.0,0.0004039213780704,0.0003349771560691,6,2,2023,6,1.2246467991473532e-16,-1.0,169.0,78.0,119.0,,122.0,106.6,45.574115460423364,108.291,100.41,3.2,11.67,312732.0,301801.3333333333,0.0005403988079249,0.0003999985966566
2023-07,Cataluña,170,Cataluña,103.068,100.586,2.3,11.89,170.0,319217.0,390144.0,0.0005325530908441,0.0004357365485564,7,3,2023,7,-0.4999999999999997,-0.8660254037844388,133.0,169.0,78.0,,126.66666666666667,111.0,45.82939377008312,106.84,100.78,1.9,11.67,329272.0,307949.0,0.0004039213780704,0.00040702333590150004
2023-08,Cataluña,169,Cataluña,81.579,99.789,2.6,11.89,169.0,283692.0,328108.0,0.0005957164812543,0.000515074304802,8,3,2023,8,-0.8660254037844385,-0.5000000000000004,170.0,133.0,169.0,,157.33333333333334,125.16666666666667,21.07921567168317,103.068,100.586,2.3,11.89,319217.0,320407.0,0.0005325530908441,0.0004922910922798
2023-09,Cataluña,109,Cataluña,102.763,100.515,3.5,11.89,109.0,304063.0,352928.0,0.0003584783416594,0.0003088448635415,9,3,2023,9,-1.0,-1.8369701987210297e-16,169.0,170.0,133.0,,157.33333333333334,139.66666666666666,21.07921567168317,81.579,99.789,2.6,11.89,283692.0,310727.0,0.0005957164812543,0.0005107303167229334
2023-10,Cataluña,93,Cataluña,103.78,99.789,3.5,11.8,93.0,306355.0,380451.0,0.0003035693884545,0.0002444467224425,10,4,2023,10,-0.8660254037844386,0.5000000000000001,109.0,169.0,170.0,,149.33333333333334,138.0,34.93326972004386,102.763,100.515,3.5,11.89,304063.0,302324.0,0.0003584783416594,0.0004955826379192667
2023-11,Cataluña,84,Cataluña,107.632,101.024,3.2,11.8,84.0,329662.0,427271.0,0.0002548064381093,0.0001965965394328,11,4,2023,11,-0.5000000000000004,0.8660254037844384,93.0,109.0,169.0,,123.66666666666667,140.5,40.06661120351126,103.78,99.789,3.5,11.8,306355.0,298036.6666666667,0.0003035693884545,0.00041925473712273333
2023-12,Cataluña,100,Cataluña,89.019,99.95,3.1,11.8,100.0,289506.0,377211.0,0.00034541598447,0.0002651036157482,12,4,2023,12,-2.4492935982947064e-16,1.0,84.0,93.0,109.0,,95.33333333333333,126.33333333333333,12.662279942148402,107.632,101.024,3.2,11.8,329662.0,313360.0,0.0002548064381093,0.0003056180560744
2024-01,Cataluña,96,Cataluña,101.649,102.249,3.4,12.29,96.0,295021.0,391393.0,0.0003254005647055,0.0002452777642931,1,1,2024,13,0.49999999999999994,0.8660254037844387,100.0,84.0,93.0,85.0,92.33333333333333,120.83333333333333,8.020806277010667,89.019,99.95,3.1,11.8,289506.0,308507.6666666667,0.00034541598447,0.00030126393701126666
2024-02,Cataluña,90,Cataluña,104.175,103.69,2.8,12.29,90.0,294268.0,362317.0,0.0003058436527247,0.0002484012618784,2,1,2024,14,0.8660254037844386,0.5000000000000001,96.0,100.0,84.0,82.0,93.33333333333333,108.5,8.326663997864555,101.649,102.249,3.4,12.29,295021.0,304729.6666666667,0.0003254005647055,0.0003085409957616
2024-03,Cataluña,103,Cataluña,99.972,101.232,3.2,12.29,103.0,294184.0,366548.0,0.0003501210126995,0.0002810000327378,3,1,2024,15,1.0,6.123233995736766e-17,90.0,96.0,100.0,119.0,95.33333333333333,95.33333333333333,5.033222956847208,104.175,103.69,2.8,12.29,294268.0,292931.6666666667,0.0003058436527247,0.0003255534006334
2024-04,Cataluña,174,Cataluña,104.405,100.811,3.3,11.27,174.0,287168.0,377536.0,0.0006059170938266,0.0004608832005424,4,2,2024,16,0.8660254037844387,-0.4999999999999998,103.0,90.0,96.0,78.0,96.33333333333333,94.33333333333333,6.5064070986477445,99.972,101.232,3.2,12.29,294184.0,294491.0,0.0003501210126995,0.0003271217433765667
2024-05,Cataluña,184,Cataluña,108.032,100.353,3.6,11.27,184.0,319020.0,381028.0,0.0005767663469374,0.0004829041435275,5,2,2024,17,0.49999999999999994,-0.8660254037844387,174.0,103.0,90.0,169.0,122.33333333333333,107.83333333333333,45.21430452117266,104.405,100.811,3.3,11.27,287168.0,291873.3333333333,0.0006059170938266,0.00042062725308360005
2024-06,Cataluña,515,Cataluña,102.129,100.857,3.4,11.27,515.0,289338.0,342163.0,0.0017799252085795,0.0015051305956517,6,2,2024,18,1.2246467991473532e-16,-1.0,184.0,174.0,103.0,133.0,153.66666666666666,124.5,44.16257842714049,108.032,100.353,3.6,11.27,319020.0,300124.0,0.0005767663469374,0.0005109348178211666
2024-07,Cataluña,903,Cataluña,107.615,99.89,2.8,11.21,903.0,298590.0,356383.0,0.0030242138048829,0.002533790893505,7,3,2024,19,-0.4999999999999997,-0.8660254037844388,515.0,184.0,174.0,170.0,291.0,193.66666666666666,194.05411616350733,102.129,100.857,3.4,11.27,289338.0,298508.6666666667,0.0017799252085795,0.0009875362164478332
2024-08,Cataluña,1036,Cataluña,78.449,99.159,2.3,11.21,1036.0,289272.0,343715.0,0.0035814043529964,0.003014125074553,8,3,2024,20,-0.8660254037844385,-0.5000000000000004,903.0,515.0,184.0,169.0,534.0,328.1666666666667,359.87636765978397,107.615,99.89,2.8,11.21,298590.0,302316.0,0.0030242138048829,0.0017936351201332669
2024-09,Cataluña,775,Cataluña,102.926,101.1,1.5,11.21,775.0,273210.0,341642.0,0.0028366458035943,0.0022684564544171,9,3,2024,21,-1.0,-1.8369701987210297e-16,1036.0,903.0,515.0,109.0,818.0,485.8333333333333,270.70094200057747,78.449,99.159,2.3,11.21,289272.0,292400.0,0.0035814043529964,0.002795181122152933
2024-10,Cataluña,1449,Cataluña,110.402,102.212,1.8,10.61,1449.0,303182.0,382606.0,0.0047793074786761,0.0037871857733543,10,4,2024,22,-0.8660254037844386,0.5000000000000001,775.0,1036.0,903.0,93.0,904.6666666666666,597.8333333333334,130.50798187595012,102.926,101.1,1.5,11.21,273210.0,287024.0,0.0028366458035943,0.0031474213204912
2024-11,Cataluña,1843,Cataluña,103.868,99.901,2.4,10.61,1843.0,278124.0,348364.0,0.0066265406796968,0.005290443329391,11,4,2024,23,-0.5000000000000004,0.8660254037844384,1449.0,775.0,1036.0,84.0,1086.6666666666667,810.3333333333334,339.84457231701276,110.402,102.212,1.8,10.61,303182.0,288554.6666666667,0.0047793074786761,0.0037324525450889334
2024-12,Cataluña,2176,Cataluña,92.81,102.184,2.8,10.61,2176.0,286945.0,368875.0,0.0075833347854118,0.0058990172822771,12,4,2024,24,-2.4492935982947064e-16,1.0,1843.0,1449.0,775.0,100.0,1355.6666666666667,1086.8333333333333,540.0827097152188,103.868,99.901,2.4,10.61,278124.0,284838.6666666667,0.0066265406796968,0.0047474979873224
2025-01,Cataluña,1894,Cataluña,100.252,101.358,2.9,11.36,1894.0,275636.0,358190.0,0.0068713810968088,0.0052876964739384,1,1,2025,25,0.49999999999999994,0.8660254037844387,2176.0,1843.0,1449.0,96.0,1822.6666666666667,1363.6666666666667,363.9262745850225,92.81,102.184,2.8,10.61,286945.0,289417.0,0.0075833347854118,0.006329727647928233
2025-02,Cataluña,1882,Cataluña,101.758,102.243,3.0,11.36,1882.0,274454.0,344426.0,0.0068572511240499,0.0054641635648876,2,1,2025,26,0.8660254037844386,0.5000000000000001,1894.0,2176.0,1843.0,90.0,1971.0,1528.8333333333333,179.35718552653483,100.252,101.358,2.9,11.36,275636.0,280235.0,0.0068713810968088,0.007027085520639134
2025-03,Cataluña,2130,Cataluña,108.195,101.829,2.3,11.36,2130.0,294047.0,371402.0,0.0072437399463351,0.0057350256595279,3,1,2025,27,1.0,6.123233995736766e-17,1882.0,1894.0,2176.0,103.0,1984.0,1669.8333333333333,166.38509548634408,101.758,102.243,3.0,11.36,274454.0,279011.6666666667,0.0068572511240499,0.007103989002090166
2025-04,Cataluña,2682,Cataluña,98.442,101.399,2.2,10.29,2682.0,300313.0,380699.0,0.0089306823214446,0.0070449357628992,4,2,2025,28,0.8660254037844387,-0.4999999999999998,2130.0,1882.0,1894.0,174.0,1968.6666666666667,1895.6666666666667,139.84753602882378,108.195,101.829,2.3,11.36,294047.0,281379.0,0.0072437399463351,0.006990790722397933
2025-05,Cataluña,3209,Cataluña,106.927,102.056,2.0,10.29,3209.0,311864.0,397222.0,0.0102897416822717,0.0080786059181012,5,2,2025,29,0.49999999999999994,-0.8660254037844387,2682.0,2130.0,1882.0,184.0,2231.3333333333335,2101.1666666666665,409.51353253993096,98.442,101.399,2.2,10.29,300313.0,289604.6666666667,0.0089306823214446,0.0076772244639432
2025-06,Cataluña,3522,Cataluña,106.826,102.858,2.3,10.29,3522.0,299807.0,387670.0,0.0117475575953863,0.0090850465602187,6,2,2025,30,1.2246467991473532e-16,-1.0,3209.0,2682.0,2130.0,515.0,2673.6666666666665,2328.8333333333335,539.5482678438817,106.927,102.056,2.0,10.29,311864.0,302074.6666666667,0.0102897416822717,0.008821387983350465
2025-07,Cataluña,3811,Cataluña,110.304,102.457,2.7,10.45,3811.0,329177.0,405141.0,0.0115773580778729,0.0094066016522642,7,3,2025,31,-0.4999999999999997,-0.8660254037844388,3522.0,3209.0,2682.0,903.0,3137.6666666666665,2553.1666666666665,424.5189434328381,106.826,102.858,2.3,10.29,299807.0,303994.6666666667,0.0117475575953863,0.0103226605330342
2025-08,Cataluña,2919,Cataluña,78.612,102.328,2.7,10.45,2919.0,273798.0,343182.0,0.0106611443472925,0.0085056908579121,8,3,2025,32,-0.8660254037844385,-0.5000000000000004,3811.0,3522.0,3209.0,1036.0,3514.0,2872.6666666666665,301.0797236613584,110.304,102.457,2.7,10.45,329177.0,313616.0,0.0115773580778729,0.011204885785176968
2025-09,Cataluña,2503,Cataluña,107.429,102.691,3.0,10.45,2503.0,287783.0,367185.0,0.0086975255661383,0.0068167272628239,9,3,2025,33,-1.0,-1.8369701987210297e-16,2919.0,3811.0,3522.0,775.0,3417.3333333333335,3045.5,455.1179334341082,78.612,102.328,2.7,10.45,273798.0,300927.3333333333,0.0106611443472925,0.011328686673517233
2025-10,Cataluña,3470,Cataluña,112.085,103.28,3.1,9.93,3470.0,310778.0,406085.0,0.011165526517321,0.0085450090498294,10,4,2025,34,-0.8660254037844386,0.5000000000000001,2503.0,2919.0,3811.0,1449.0,3077.6666666666665,3107.6666666666665,668.2793826935956,107.429,102.691,3.0,10.45,287783.0,296919.3333333333,0.0086975255661383,0.010312009330434567
2025-11,Cataluña,3081,Cataluña,106.113,104.433,3.0,9.93,3081.0,290583.0,383605.0,0.0106028226014598,0.0080316992739927,11,4,2025,35,-0.5000000000000004,0.8660254037844384,3470.0,2503.0,2919.0,1843.0,2964.0,3239.0,485.06803646498895,112.085,103.28,3.1,9.93,310778.0,290786.3333333333,0.011165526517321,0.010174732143583934
2025-12,Cataluña,3362,Cataluña,95.598,101.989,2.9,9.93,3362.0,309897.0,411257.0,0.0108487658802763,0.0081749368399808,12,4,2025,36,-2.4492935982947064e-16,1.0,3081.0,3470.0,2503.0,2176.0,3018.0,3217.6666666666665,486.5685974248645,106.113,104.433,3.0,9.93,290583.0,296381.3333333333,0.0106028226014598,0.0101552915616397
2023-01,"Madrid, Comunidad de",26,Madrid,97.874,101.664,5.9,13.38,26.0,135631.0,173564.0,0.000191696588538,0.0001498006499043,1,1,2023,1,0.49999999999999994,0.8660254037844387,,,,,,,,,,,,,,,
2023-02,"Madrid, Comunidad de",26,Madrid,99.947,100.678,6.0,13.38,26.0,143849.0,185809.0,0.0001807450868619,0.0001399286363954,2,1,2023,2,0.8660254037844386,0.5000000000000001,26.0,,,,,,,97.874,101.664,5.9,13.38,135631.0,,0.000191696588538,
2023-03,"Madrid, Comunidad de",25,Madrid,113.733,102.479,3.3,13.38,25.0,164028.0,196784.0,0.000152413002658,0.0001270428490121,3,1,2023,3,1.0,6.123233995736766e-17,26.0,26.0,,,26.0,,0.0,99.947,100.678,6.0,13.38,143849.0,139740.0,0.0001807450868619,0.00018622083769995
2023-04,"Madrid, Comunidad de",0,Madrid,93.271,101.097,4.1,11.67,0.0,145801.0,160449.0,0.0,0.0,4,2,2023,4,0.8660254037844387,-0.4999999999999998,25.0,26.0,26.0,,25.666666666666668,25.666666666666668,0.5773502691896263,113.733,102.479,3.3,13.38,164028.0,147836.0,0.000152413002658,0.00017495155935263334
2023-05,"Madrid, Comunidad de",0,Madrid,108.291,100.41,3.2,11.67,0.0,154674.0,167662.0,0.0,0.0,5,2,2023,5,0.49999999999999994,-0.8660254037844387,0.0,25.0,26.0,,17.0,19.25,14.730919862656235,93.271,101.097,4.1,11.67,145801.0,151226.0,0.0,0.00011105269650663334
2023-06,"Madrid, Comunidad de",42,Madrid,106.84,100.78,1.9,11.67,42.0,166937.0,180294.0,0.0002515919179091,0.0002329528436886,6,2,2023,6,1.2246467991473532e-16,-1.0,0.0,0.0,25.0,,8.333333333333334,15.4,14.433756729740644,108.291,100.41,3.2,11.67,154674.0,154834.33333333334,0.0,5.080433421933333e-05
2023-07,"Madrid, Comunidad de",12,Madrid,103.068,100.586,2.3,11.89,12.0,159358.0,171876.0,7.530214987637897e-05,6.981777560566921e-05,7,3,2023,7,-0.4999999999999997,-0.8660254037844388,42.0,0.0,0.0,,14.0,19.833333333333332,24.24871130596428,106.84,100.78,1.9,11.67,166937.0,155804.0,0.0002515919179091,8.386397263636666e-05
2023-08,"Madrid, Comunidad de",92,Madrid,81.579,99.789,2.6,11.89,92.0,132543.0,141902.0,0.000694114362886,0.0006483347662471,8,3,2023,8,-0.8660254037844385,-0.5000000000000004,12.0,42.0,0.0,,18.0,17.5,21.633307652783937,103.068,100.586,2.3,11.89,159358.0,160323.0,7.530214987637897e-05,0.00010896468926182631
2023-09,"Madrid, Comunidad de",26,Madrid,102.763,100.515,3.5,11.89,26.0,152310.0,167280.0,0.0001707044842754,0.0001554280248684,9,3,2023,9,-1.0,-1.8369701987210297e-16,92.0,12.0,42.0,,48.666666666666664,28.5,40.41451884327381,81.579,99.789,2.6,11.89,132543.0,152946.0,0.000694114362886,0.0003403361435571596
2023-10,"Madrid, Comunidad de",129,Madrid,103.78,99.789,3.5,11.8,129.0,156643.0,177996.0,0.0008235286607125,0.000724735387312,10,4,2023,10,-0.8660254037844386,0.5000000000000001,26.0,92.0,12.0,,43.333333333333336,28.666666666666668,42.72391992003231,102.763,100.515,3.5,11.89,152310.0,148070.33333333334,0.0001707044842754,0.00031337366567925964
2023-11,"Madrid, Comunidad de",74,Madrid,107.632,101.024,3.2,11.8,74.0,154413.0,185017.0,0.000479234261364,0.0003999632466205,11,4,2023,11,-0.5000000000000004,0.8660254037844384,129.0,26.0,92.0,,82.33333333333333,50.166666666666664,52.17598425840508,103.78,99.789,3.5,11.8,156643.0,147165.33333333334,0.0008235286607125,0.0005627825026246334
2023-12,"Madrid, Comunidad de",78,Madrid,89.019,99.95,3.1,11.8,78.0,155230.0,194693.0,0.0005024801906847,0.0004006307365955,12,4,2023,12,-2.4492935982947064e-16,1.0,74.0,129.0,26.0,,76.33333333333333,62.5,51.53962876596353,107.632,101.024,3.2,11.8,154413.0,154455.33333333334,0.000479234261364,0.0004911558021172999
2024-01,"Madrid, Comunidad de",78,Madrid,101.649,102.249,3.4,12.29,78.0,145384.0,187121.0,0.0005365102074506,0.0004168425777972,1,1,2024,13,0.49999999999999994,0.8660254037844387,78.0,74.0,129.0,26.0,93.66666666666667,68.5,30.664855018951826,89.019,99.95,3.1,11.8,155230.0,155428.66666666666,0.0005024801906847,0.0006017477042537333
2024-02,"Madrid, Comunidad de",81,Madrid,104.175,103.69,2.8,12.29,81.0,141903.0,176304.0,0.0005708124563962,0.0004594337054179,2,1,2024,14,0.8660254037844386,0.5000000000000001,78.0,78.0,74.0,26.0,76.66666666666667,79.5,2.309401076758871,101.649,102.249,3.4,12.29,145384.0,151675.66666666666,0.0005365102074506,0.0005060748864997667
2024-03,"Madrid, Comunidad de",133,Madrid,99.972,101.232,3.2,12.29,133.0,149187.0,181240.0,0.0008914985890191,0.0007338335908188,3,1,2024,15,1.0,6.123233995736766e-17,81.0,78.0,78.0,25.0,79.0,77.66666666666667,1.7320508075693655,104.175,103.69,2.8,12.29,141903.0,147505.66666666666,0.0005708124563962,0.0005366009515105
2024-04,"Madrid, Comunidad de",140,Madrid,104.405,100.811,3.3,11.27,140.0,155989.0,178479.0,0.0008974991826346,0.00078440600855,4,2,2024,16,0.8660254037844387,-0.4999999999999998,133.0,81.0,78.0,0.0,97.33333333333333,95.5,30.924639582917294,99.972,101.232,3.2,12.29,149187.0,145491.33333333334,0.0008914985890191,0.0006662737509553
2024-05,"Madrid, Comunidad de",331,Madrid,108.032,100.353,3.6,11.27,331.0,154057.0,168902.0,0.0021485554048176,0.0019597162851831,5,2,2024,17,0.49999999999999994,-0.8660254037844387,140.0,133.0,81.0,0.0,118.0,97.33333333333333,32.233522922572426,104.405,100.811,3.3,11.27,155989.0,149026.33333333334,0.0008974991826346,0.0007866034093499666
2024-06,"Madrid, Comunidad de",389,Madrid,102.129,100.857,3.4,11.27,389.0,147122.0,159998.0,0.0026440641100583,0.0024312803910048,6,2,2024,18,1.2246467991473532e-16,-1.0,331.0,140.0,133.0,42.0,201.33333333333334,140.16666666666666,112.34915813362082,108.032,100.353,3.6,11.27,154057.0,153077.66666666666,0.0021485554048176,0.0013125177254904334
2024-07,"Madrid, Comunidad de",503,Madrid,107.615,99.89,2.8,11.21,503.0,148017.0,161128.0,0.0033982583081673,0.0031217417208678,7,3,2024,19,-0.4999999999999997,-0.8660254037844388,389.0,331.0,140.0,12.0,286.6666666666667,192.0,130.28558375097893,102.129,100.857,3.4,11.27,147122.0,152389.33333333334,0.0026440641100583,0.0018967062325035
2024-08,"Madrid, Comunidad de",598,Madrid,78.449,99.159,2.3,11.21,598.0,134104.0,146188.0,0.004459225675595,0.0040906230333543,8,3,2024,20,-0.8660254037844385,-0.5000000000000004,503.0,389.0,331.0,92.0,407.6666666666667,262.8333333333333,87.50619025722327,107.615,99.89,2.8,11.21,148017.0,149732.0,0.0033982583081673,0.002730292607681067
2024-09,"Madrid, Comunidad de",980,Madrid,102.926,101.1,1.5,11.21,980.0,145069.0,164061.0,0.0067554060481563,0.0059733879471659,9,3,2024,21,-1.0,-1.8369701987210297e-16,598.0,503.0,389.0,26.0,496.6666666666667,349.0,104.6438403984361,78.449,99.159,2.3,11.21,134104.0,143081.0,0.004459225675595,0.003500516031273533
2024-10,"Madrid, Comunidad de",1335,Madrid,110.402,102.212,1.8,10.61,1335.0,152310.0,179276.0,0.0087650187118377,0.0074466186215667,10,4,2024,22,-0.8660254037844386,0.5000000000000001,980.0,598.0,503.0,129.0,693.6666666666666,490.1666666666667,252.4803622726595,102.926,101.1,1.5,11.21,145069.0,142396.66666666666,0.0067554060481563,0.0048709633439728665
2024-11,"Madrid, Comunidad de",1635,Madrid,103.868,99.901,2.4,10.61,1635.0,144854.0,171776.0,0.0112872271390503,0.0095182097615499,11,4,2024,23,-0.5000000000000004,0.8660254037844384,1335.0,980.0,598.0,74.0,971.0,689.3333333333334,368.58241954819283,110.402,102.212,1.8,10.61,152310.0,143827.66666666666,0.0087650187118377,0.0066598834785296665
2024-12,"Madrid, Comunidad de",2067,Madrid,92.81,102.184,2.8,10.61,2067.0,144663.0,187607.0,0.0142883805810746,0.0110177125586998,12,4,2024,24,-2.4492935982947064e-16,1.0,1635.0,1335.0,980.0,78.0,1316.6666666666667,906.6666666666666,327.8846341830208,103.868,99.901,2.4,10.61,144854.0,147411.0,0.0112872271390503,0.008935883966348099
2025-01,"Madrid, Comunidad de",1663,Madrid,100.252,101.358,2.9,11.36,1663.0,135841.0,182285.0,0.0122422538114413,0.0091230765010834,1,1,2025,25,0.49999999999999994,0.8660254037844387,2067.0,1635.0,1335.0,78.0,1679.0,1186.3333333333333,367.9782602274216,92.81,102.184,2.8,10.61,144663.0,147275.66666666666,0.0142883805810746,0.011446875477320866
2025-02,"Madrid, Comunidad de",1640,Madrid,101.758,102.243,3.0,11.36,1640.0,131958.0,170884.0,0.012428196850513,0.009597153624681,2,1,2025,26,0.8660254037844386,0.5000000000000001,1663.0,2067.0,1635.0,81.0,1788.3333333333333,1379.6666666666667,241.73815034729898,100.252,101.358,2.9,11.36,135841.0,141786.0,0.0122422538114413,0.0126059538438554
2025-03,"Madrid, Comunidad de",2037,Madrid,108.195,101.829,2.3,11.36,2037.0,147066.0,188174.0,0.0138509240749051,0.0108250874190908,3,1,2025,27,1.0,6.123233995736766e-17,1640.0,1663.0,2067.0,133.0,1790.0,1553.3333333333333,240.1645269393463,101.758,102.243,3.0,11.36,131958.0,137487.33333333334,0.012428196850513,0.012986277081009634
2025-04,"Madrid, Comunidad de",2431,Madrid,98.442,101.399,2.2,10.29,2431.0,148497.0,176335.0,0.0163707010916045,0.0137862591090821,4,2,2025,28,0.8660254037844387,-0.4999999999999998,2037.0,1640.0,1663.0,140.0,1780.0,1729.5,222.86543024883872,108.195,101.829,2.3,11.36,147066.0,138288.33333333334,0.0138509240749051,0.0128404582456198
2025-05,"Madrid, Comunidad de",2961,Madrid,106.927,102.056,2.0,10.29,2961.0,150387.0,169433.0,0.0196892018592032,0.0174759344401621,5,2,2025,29,0.49999999999999994,-0.8660254037844387,2431.0,2037.0,1640.0,331.0,2036.0,1912.1666666666667,395.5009481657408,98.442,101.399,2.2,10.29,148497.0,142507.0,0.0163707010916045,0.014216607339007531
2025-06,"Madrid, Comunidad de",3747,Madrid,106.826,102.858,2.3,10.29,3747.0,154420.0,172010.0,0.0242649915814013,0.0217836172315563,6,2,2025,30,1.2246467991473532e-16,-1.0,2961.0,2431.0,2037.0,389.0,2476.3333333333335,2133.1666666666665,463.6651090316515,106.927,102.056,2.0,10.29,150387.0,148650.0,0.0196892018592032,0.016636942341904267
2025-07,"Madrid, Comunidad de",3854,Madrid,110.304,102.457,2.7,10.45,3854.0,153688.0,169170.0,0.0250767789287387,0.022781817107052,7,3,2025,31,-0.4999999999999997,-0.8660254037844388,3747.0,2961.0,2431.0,503.0,3046.3333333333335,2413.1666666666665,662.1369445464685,106.826,102.858,2.3,10.29,154420.0,151101.33333333334,0.0242649915814013,0.020108298177403002
2025-08,"Madrid, Comunidad de",2698,Madrid,78.612,102.328,2.7,10.45,2698.0,127859.0,140662.0,0.0211013694773148,0.0191807311143023,8,3,2025,32,-0.8660254037844385,-0.5000000000000004,3854.0,3747.0,2961.0,598.0,3520.6666666666665,2778.3333333333335,487.6292990923875,110.304,102.457,2.7,10.45,153688.0,152831.66666666666,0.0250767789287387,0.023010324123114403
2025-09,"Madrid, Comunidad de",2821,Madrid,107.429,102.691,3.0,10.45,2821.0,147429.0,165908.0,0.0191346342985437,0.0170033994744075,9,3,2025,33,-1.0,-1.8369701987210297e-16,2698.0,3854.0,3747.0,980.0,3433.0,2954.6666666666665,638.7730426372107,78.612,102.328,2.7,10.45,127859.0,145322.33333333334,0.0211013694773148,0.023481046662484933
2025-10,"Madrid, Comunidad de",2617,Madrid,112.085,103.28,3.1,9.93,2617.0,157863.0,183515.0,0.0165776654440875,0.0142604146799989,10,4,2025,34,-0.8660254037844386,0.5000000000000001,2821.0,2698.0,3854.0,1335.0,3124.3333333333335,3085.3333333333335,634.8955294639687,107.429,102.691,3.0,10.45,147429.0,142992.0,0.0191346342985437,0.021770927568199067
2025-11,"Madrid, Comunidad de",3118,Madrid,106.113,104.433,3.0,9.93,3118.0,143168.0,177130.0,0.0217786097451944,0.0176028905323773,11,4,2025,35,-0.5000000000000004,0.8660254037844384,2617.0,2821.0,2698.0,1635.0,2712.0,3116.3333333333335,102.71806072935733,112.085,103.28,3.1,9.93,157863.0,144383.66666666666,0.0165776654440875,0.018937889739982002
2025-12,"Madrid, Comunidad de",2975,Madrid,95.598,101.989,2.9,9.93,2975.0,150534.0,200896.0,0.0197629771347336,0.0148086572156737,12,4,2025,36,-2.4492935982947064e-16,1.0,3118.0,2617.0,2821.0,2067.0,2852.0,3142.5,251.9345153010995,106.113,104.433,3.0,9.93,143168.0,149486.66666666666,0.0217786097451944,0.01916363649594187
2023-01,ESPAÑA,167,Nacional,97.874,101.664,5.9,13.38,167.0,1569235.0,2318637.0,0.0001064212817073,7.202507335128353e-05,1,1,2023,1,0.49999999999999994,0.8660254037844387,,,,,,,,,,,,,,,
2023-02,ESPAÑA,162,Nacional,99.947,100.678,6.0,13.38,162.0,1710109.0,2574059.0,9.473080370900334e-05,6.293562035679835e-05,2,1,2023,2,0.8660254037844386,0.5000000000000001,167.0,,,,,,,97.874,101.664,5.9,13.38,1569235.0,,0.0001064212817073,
2023-03,ESPAÑA,205,Nacional,113.733,102.479,3.3,13.38,205.0,1898666.0,2705321.0,0.0001079705435289,7.577658991299e-05,3,1,2023,3,1.0,6.123233995736766e-17,162.0,167.0,,,164.5,,3.5355339059327378,99.947,100.678,6.0,13.38,1710109.0,1639672.0,9.473080370900334e-05,0.00010057604270815167
2023-04,ESPAÑA,260,Nacional,93.271,101.097,4.1,11.67,260.0,1725288.0,2347447.0,0.0001506994774205,0.0001107586241563,4,2,2023,4,0.8660254037844387,-0.4999999999999998,205.0,162.0,167.0,,178.0,178.0,23.515952032609693,113.733,102.479,3.3,13.38,1898666.0,1726003.3333333333,0.0001079705435289,0.00010304087631506777
2023-05,ESPAÑA,431,Nacional,108.291,100.41,3.2,11.67,431.0,1885680.0,2582956.0,0.0002285647617835,0.0001668630824528,5,2,2023,5,0.49999999999999994,-0.8660254037844387,260.0,205.0,162.0,,209.0,198.5,49.122296363260546,93.271,101.097,4.1,11.67,1725288.0,1778021.0,0.0001506994774205,0.00011780027488613445
2023-06,ESPAÑA,379,Nacional,106.84,100.78,1.9,11.67,379.0,1922421.0,2593870.0,0.0001971472429816,0.0001461137219675,6,2,2023,6,1.2246467991473532e-16,-1.0,431.0,260.0,205.0,,298.6666666666667,245.0,117.85725829720175,108.291,100.41,3.2,11.67,1885680.0,1836544.6666666667,0.0002285647617835,0.0001624115942443
2023-07,ESPAÑA,257,Nacional,103.068,100.586,2.3,11.89,257.0,1932517.0,2575206.0,0.0001329871871761,9.97978414154052e-05,7,3,2023,7,-0.4999999999999997,-0.8660254037844388,379.0,431.0,260.0,,356.6666666666667,267.3333333333333,87.66032930199002,106.84,100.78,1.9,11.67,1922421.0,1844463.0,0.0001971472429816,0.00019213716072853334
2023-08,ESPAÑA,525,Nacional,81.579,99.789,2.6,11.89,525.0,1788313.0,2307157.0,0.0002935727694201,0.0002275527846609,8,3,2023,8,-0.8660254037844385,-0.5000000000000004,257.0,379.0,431.0,,355.6666666666667,282.3333333333333,89.31591870060639,103.068,100.586,2.3,11.89,1932517.0,1913539.3333333333,0.0001329871871761,0.00018623306398040003
2023-09,ESPAÑA,389,Nacional,102.763,100.515,3.5,11.89,389.0,1797665.0,2384967.0,0.0002163918193879,0.0001631049821653,9,3,2023,9,-1.0,-1.8369701987210297e-16,525.0,257.0,379.0,,387.0,342.8333333333333,134.17898494175606,81.579,99.789,2.6,11.89,1788313.0,1881083.6666666667,0.0002935727694201,0.0002079023998592667
2023-10,ESPAÑA,520,Nacional,103.78,99.789,3.5,11.8,520.0,1820535.0,2560415.0,0.0002856303229545,0.0002030920768703,10,4,2023,10,-0.8660254037844386,0.5000000000000001,389.0,525.0,257.0,,390.3333333333333,373.5,134.00497503202385,102.763,100.515,3.5,11.89,1797665.0,1839498.3333333333,0.0002163918193879,0.00021431725866136666
2023-11,ESPAÑA,1152,Nacional,107.632,101.024,3.2,11.8,1152.0,1832989.0,2675799.0,0.0006284816766494,0.0004305256112286,11,4,2023,11,-0.5000000000000004,0.8660254037844384,520.0,389.0,525.0,,478.0,416.8333333333333,77.1167945391923,103.78,99.789,3.5,11.8,1820535.0,1802171.0,0.0002856303229545,0.00026519830392083334
2023-12,ESPAÑA,1570,Nacional,89.019,99.95,3.1,11.8,1570.0,1766668.0,2645880.0,0.0008886785745822,0.0005933753609385,12,4,2023,12,-2.4492935982947064e-16,1.0,1152.0,520.0,389.0,,687.0,537.0,407.9938725030071,107.632,101.024,3.2,11.8,1832989.0,1817063.0,0.0006284816766494,0.0003768346063306
2024-01,ESPAÑA,546,Nacional,101.649,102.249,3.4,12.29,546.0,1751732.0,2651144.0,0.0003116915144554,0.0002059488281285,1,1,2024,13,0.49999999999999994,0.8660254037844387,1570.0,1152.0,520.0,167.0,1080.6666666666667,735.5,528.6221082525146,89.019,99.95,3.1,11.8,1766668.0,1806730.6666666667,0.0008886785745822,0.0006009301913953666
2024-02,ESPAÑA,1131,Nacional,104.175,103.69,2.8,12.29,1131.0,1732081.0,2491110.0,0.0006529717721053,0.0004540144754747,2,1,2024,14,0.8660254037844386,0.5000000000000001,546.0,1570.0,1152.0,162.0,1089.3333333333333,783.6666666666666,514.8682679417457,101.649,102.249,3.4,12.29,1751732.0,1783796.3333333333,0.0003116915144554,0.000609617255229
2024-03,ESPAÑA,1698,Nacional,99.972,101.232,3.2,12.29,1698.0,1815360.0,2613477.0,0.0009353516657852,0.0006497091805284,3,1,2024,15,1.0,6.123233995736766e-17,1131.0,546.0,1570.0,205.0,1082.3333333333333,884.6666666666666,513.7317717771923,104.175,103.69,2.8,12.29,1732081.0,1750160.3333333333,0.0006529717721053,0.0006177806203809666
2024-04,ESPAÑA,2277,Nacional,104.405,100.811,3.3,11.27,2277.0,1862071.0,2548084.0,0.0012228319972761,0.000893612612457,4,2,2024,16,0.8660254037844387,-0.4999999999999998,1698.0,1131.0,546.0,260.0,1125.0,1102.8333333333333,576.0234370231822,99.972,101.232,3.2,12.29,1815360.0,1766391.0,0.0009353516657852,0.0006333383174486332
2024-05,ESPAÑA,3382,Nacional,108.032,100.353,3.6,11.27,3382.0,1930921.0,2534883.0,0.0017514957887971,0.0013341838656853,5,2,2024,17,0.49999999999999994,-0.8660254037844387,2277.0,1698.0,1131.0,431.0,1702.0,1395.6666666666667,573.0104711085129,104.405,100.811,3.3,11.27,1862071.0,1803170.6666666667,0.0012228319972761,0.0009370518117221999
2024-06,ESPAÑA,5044,Nacional,102.129,100.857,3.4,11.27,5044.0,1766214.0,2332642.0,0.0028558260777006,0.0021623549605983,6,2,2024,18,1.2246467991473532e-16,-1.0,3382.0,2277.0,1698.0,379.0,2452.3333333333335,1767.3333333333333,855.5818682822428,108.032,100.353,3.6,11.27,1930921.0,1869450.6666666667,0.0017514957887971,0.0013032264839528
2024-07,ESPAÑA,6683,Nacional,107.615,99.89,2.8,11.21,6683.0,1880115.0,2477812.0,0.0035545698002515,0.0026971376359465,7,3,2024,19,-0.4999999999999997,-0.8660254037844388,5044.0,3382.0,2277.0,257.0,3567.6666666666665,2346.3333333333335,1392.8123826751876,102.129,100.857,3.4,11.27,1766214.0,1853068.6666666667,0.0028558260777006,0.0019433846212579334
2024-08,ESPAÑA,6946,Nacional,78.449,99.159,2.3,11.21,6946.0,1847407.0,2412021.0,0.0037598645019749,0.0028797427551418,8,3,2024,20,-0.8660254037844385,-0.5000000000000004,6683.0,5044.0,3382.0,525.0,5036.333333333333,3369.1666666666665,1650.513354485002,107.615,99.89,2.8,11.21,1880115.0,1859083.3333333333,0.0035545698002515,0.002720630555583067
2024-09,ESPAÑA,7044,Nacional,102.926,101.1,1.5,11.21,7044.0,1772806.0,2416237.0,0.003973362003513,0.0029152769368236,9,3,2024,21,-1.0,-1.8369701987210297e-16,6946.0,6683.0,5044.0,389.0,6224.333333333333,4338.333333333333,1030.6223039180427,78.449,99.159,2.3,11.21,1847407.0,1831245.3333333333,0.0037598645019749,0.003390086793309
2024-10,ESPAÑA,8124,Nacional,110.402,102.212,1.8,10.61,8124.0,1842277.0,2585218.0,0.0044097603129171,0.0031424816011647,10,4,2024,22,-0.8660254037844386,0.5000000000000001,7044.0,6946.0,6683.0,520.0,6891.0,5229.333333333333,186.67886864881467,102.926,101.1,1.5,11.21,1772806.0,1833442.6666666667,0.003973362003513,0.0037625987685798
2024-11,ESPAÑA,10408,Nacional,103.868,99.901,2.4,10.61,10408.0,1771612.0,2471080.0,0.0058748755370814,0.0042119235314113,11,4,2024,23,-0.5000000000000004,0.8660254037844384,8124.0,7044.0,6946.0,1152.0,7371.333333333333,6203.833333333333,653.6676015631606,110.402,102.212,1.8,10.61,1842277.0,1820830.0,0.0044097603129171,0.004047662272801666
2024-12,ESPAÑA,13441,Nacional,92.81,102.184,2.8,10.61,13441.0,1775775.0,2570894.0,0.0075690895524489,0.0052281424282759,12,4,2024,24,-2.4492935982947064e-16,1.0,10408.0,8124.0,7044.0,1570.0,8525.333333333334,7374.833333333333,1717.5346672871945,103.868,99.901,2.4,10.61,1771612.0,1795565.0,0.0058748755370814,0.0047526659511705005
2025-01,ESPAÑA,11376,Nacional,100.252,101.358,2.9,11.36,11376.0,1717928.0,2501136.0,0.006621930604775,0.0045483332373769,1,1,2025,25,0.49999999999999994,0.8660254037844387,13441.0,10408.0,8124.0,546.0,10657.666666666666,8774.333333333334,2667.2780757418855,92.81,102.184,2.8,10.61,1775775.0,1796554.6666666667,0.0075690895524489,0.005951241800815799
2025-02,ESPAÑA,10716,Nacional,101.758,102.243,3.0,11.36,10716.0,1706204.0,2388522.0,0.0062806088838145,0.0044864564781065,2,1,2025,26,0.8660254037844386,0.5000000000000001,11376.0,13441.0,10408.0,1131.0,11741.666666666666,9556.5,1549.2115198814317,100.252,101.358,2.9,11.36,1717928.0,1755105.0,0.006621930604775,0.006688631898101767
2025-03,ESPAÑA,12389,Nacional,108.195,101.829,2.3,11.36,12389.0,1813023.0,2536887.0,0.0068333385732006,0.0048835442808449,3,1,2025,27,1.0,6.123233995736766e-17,10716.0,11376.0,13441.0,1698.0,11844.333333333334,10184.833333333334,1421.5865549917587,101.758,102.243,3.0,11.36,1706204.0,1733302.3333333333,0.0062806088838145,0.0068238763470128
2025-04,ESPAÑA,14145,Nacional,98.442,101.399,2.2,10.29,14145.0,1836554.0,2569282.0,0.0077019243648702,0.0055054291432392,4,2,2025,28,0.8660254037844387,-0.4999999999999998,12389.0,10716.0,11376.0,2277.0,11493.666666666666,11075.666666666666,842.6840056233048,108.195,101.829,2.3,11.36,1813023.0,1745718.3333333333,0.0068333385732006,0.0065786260205966994
2025-05,ESPAÑA,18921,Nacional,106.927,102.056,2.0,10.29,18921.0,1889524.0,2600195.0,0.0100136330631418,0.0072767619351625,5,2,2025,29,0.49999999999999994,-0.8660254037844387,14145.0,12389.0,10716.0,3382.0,12416.666666666666,12079.166666666666,1714.6674118712756,98.442,101.399,2.2,10.29,1836554.0,1785260.3333333333,0.0077019243648702,0.006938623940628434
2025-06,ESPAÑA,23356,Nacional,106.826,102.858,2.3,10.29,23356.0,1858343.0,2563236.0,0.0125681857439665,0.0091119194643021,6,2,2025,30,1.2246467991473532e-16,-1.0,18921.0,14145.0,12389.0,5044.0,15151.666666666666,13498.0,3380.353433197976,106.927,102.056,2.0,10.29,1889524.0,1846367.0,0.0100136330631418,0.008182965333737533
2025-07,ESPAÑA,27001,Nacional,110.304,102.457,2.7,10.45,27001.0,1988635.0,2681681.0,0.0135776550246777,0.0100686845303375,7,3,2025,31,-0.4999999999999997,-0.8660254037844388,23356.0,18921.0,14145.0,6683.0,18807.333333333332,15150.5,4606.551891961421,106.826,102.858,2.3,10.29,1858343.0,1861473.6666666667,0.0125681857439665,0.010094581057326168
2025-08,ESPAÑA,19929,Nacional,78.612,102.328,2.7,10.45,19929.0,1748783.0,2359013.0,0.0113959250518789,0.0084480246611612,8,3,2025,32,-0.8660254037844385,-0.5000000000000004,27001.0,23356.0,18921.0,6946.0,23092.666666666668,17754.666666666668,4046.431555498418,110.304,102.457,2.7,10.45,1988635.0,1912167.3333333333,0.0135776550246777,0.012053157943928666
2025-09,ESPAÑA,18836,Nacional,107.429,102.691,3.0,10.45,18836.0,1802901.0,2464031.0,0.0104476063854865,0.0076443843441904,9,3,2025,33,-1.0,-1.8369701987210297e-16,19929.0,27001.0,23356.0,7044.0,23428.666666666668,19290.166666666668,3536.559957548203,78.612,102.328,2.7,10.45,1748783.0,1865253.6666666667,0.0113959250518789,0.012513921940174366
2025-10,ESPAÑA,20133,Nacional,112.085,103.28,3.1,9.93,20133.0,1920834.0,2649460.0,0.0104813846485432,0.007598906947076,10,4,2025,34,-0.8660254037844386,0.5000000000000001,18836.0,19929.0,27001.0,8124.0,21922.0,20364.666666666668,4432.363139455071,107.429,102.691,3.0,10.45,1802901.0,1846773.0,0.0104476063854865,0.011807062154014366
2025-11,ESPAÑA,20228,Nacional,106.113,104.433,3.0,9.93,20228.0,1730844.0,2484156.0,0.0116867840198192,0.0081428058463317,11,4,2025,35,-0.5000000000000004,0.8660254037844384,20133.0,18836.0,19929.0,10408.0,19632.666666666668,21362.666666666668,697.4326729752112,112.085,103.28,3.1,9.93,1920834.0,1824172.6666666667,0.0104813846485432,0.0107749720286362
2025-12,ESPAÑA,22632,Nacional,95.598,101.989,2.9,9.93,22632.0,1819307.0,2678108.0,0.0124399015669153,0.0084507420910583,12,4,2025,36,-2.4492935982947064e-16,1.0,20228.0,20133.0,18836.0,13441.0,19732.333333333332,21580.5,777.6993849382604,106.113,104.433,3.0,9.93,1730844.0,1818193.0,0.0116867840198192,0.010871925017949634
2023-01,Comunitat Valenciana,52,Valencia,97.874,101.664,5.9,13.38,52.0,144586.0,185307.0,0.0003596475454055,0.0002806154111825,1,1,2023,1,0.49999999999999994,0.8660254037844387,,,,,,,,,,,,,,,
2023-02,Comunitat Valenciana,50,Valencia,99.947,100.678,6.0,13.38,50.0,155581.0,210002.0,0.0003213760034965,0.0002380929705431,2,1,2023,2,0.8660254037844386,0.5000000000000001,52.0,,,,,,,97.874,101.664,5.9,13.38,144586.0,,0.0003596475454055,
2023-03,Comunitat Valenciana,25,Valencia,113.733,102.479,3.3,13.38,25.0,176509.0,221806.0,0.000141635837266,0.0001127111079051,3,1,2023,3,1.0,6.123233995736766e-17,50.0,52.0,,,51.0,,1.4142135623730951,99.947,100.678,6.0,13.38,155581.0,150083.5,0.0003213760034965,0.000340511774451
2023-04,Comunitat Valenciana,76,Valencia,93.271,101.097,4.1,11.67,76.0,161264.0,198419.0,0.0004712769123921,0.0003830278350359,4,2,2023,4,0.8660254037844387,-0.4999999999999998,25.0,50.0,52.0,,42.333333333333336,42.333333333333336,15.044378795195678,113.733,102.479,3.3,13.38,176509.0,158892.0,0.000141635837266,0.00027421979538933336
2023-05,Comunitat Valenciana,76,Valencia,108.291,100.41,3.2,11.67,76.0,174990.0,212195.0,0.0004343105320304,0.0003581611253799,5,2,2023,5,0.49999999999999994,-0.8660254037844387,76.0,25.0,50.0,,50.333333333333336,50.75,25.50163393458022,93.271,101.097,4.1,11.67,161264.0,164451.33333333334,0.0004712769123921,0.00031142958438486667
2023-06,Comunitat Valenciana,25,Valencia,106.84,100.78,1.9,11.67,25.0,171725.0,237620.0,0.0001455815984859,0.0001052099991583,6,2,2023,6,1.2246467991473532e-16,-1.0,76.0,76.0,25.0,,59.0,55.8,29.444863728670914,108.291,100.41,3.2,11.67,174990.0,170921.0,0.0004343105320304,0.00034907442722950004
2023-07,Comunitat Valenciana,0,Valencia,103.068,100.586,2.3,11.89,0.0,182432.0,219782.0,0.0,0.0,7,3,2023,7,-0.4999999999999997,-0.8660254037844388,25.0,76.0,76.0,,59.0,50.666666666666664,29.444863728670914,106.84,100.78,1.9,11.67,171725.0,169326.33333333334,0.0001455815984859,0.00035038968096946663
2023-08,Comunitat Valenciana,0,Valencia,81.579,99.789,2.6,11.89,0.0,161441.0,198482.0,0.0,0.0,8,3,2023,8,-0.8660254037844385,-0.5000000000000004,0.0,25.0,76.0,,33.666666666666664,42.0,38.734136537856806,103.068,100.586,2.3,11.89,182432.0,176382.33333333334,0.0,0.0001932973768387667
2023-09,Comunitat Valenciana,0,Valencia,102.763,100.515,3.5,11.89,0.0,156903.0,202602.0,0.0,0.0,9,3,2023,9,-1.0,-1.8369701987210297e-16,0.0,0.0,25.0,,8.333333333333334,33.666666666666664,14.433756729740661,81.579,99.789,2.6,11.89,161441.0,171866.0,0.0,4.8527199495300004e-05
2023-10,Comunitat Valenciana,17,Valencia,103.78,99.789,3.5,11.8,17.0,160928.0,195591.0,0.0001056373036388,8.691606464510126e-05,10,4,2023,10,-0.8660254037844386,0.5000000000000001,0.0,0.0,0.0,,0.0,29.5,0.0,102.763,100.515,3.5,11.89,156903.0,166925.33333333334,0.0,0.0
2023-11,Comunitat Valenciana,0,Valencia,107.632,101.024,3.2,11.8,0.0,159425.0,197930.0,0.0,0.0,11,4,2023,11,-0.5000000000000004,0.8660254037844384,17.0,0.0,0.0,,5.666666666666667,19.666666666666668,9.814954576223666,103.78,99.789,3.5,11.8,160928.0,159757.33333333334,0.0001056373036388,3.521243454626667e-05
2023-12,Comunitat Valenciana,0,Valencia,89.019,99.95,3.1,11.8,0.0,161955.0,200976.0,0.0,0.0,12,4,2023,12,-2.4492935982947064e-16,1.0,0.0,17.0,0.0,,5.666666666666667,7.0,9.814954576223668,107.632,101.024,3.2,11.8,159425.0,159085.33333333334,0.0,3.521243454626667e-05
2024-01,Comunitat Valenciana,15,Valencia,101.649,102.249,3.4,12.29,15.0,158185.0,202218.0,9.482567879381737e-05,7.417737293416016e-05,1,1,2024,13,0.49999999999999994,0.8660254037844387,0.0,0.0,17.0,52.0,5.666666666666667,2.8333333333333335,9.814954576223668,89.019,99.95,3.1,11.8,161955.0,160769.33333333334,0.0,3.521243454626667e-05
2024-02,Comunitat Valenciana,43,Valencia,104.175,103.69,2.8,12.29,43.0,155000.0,192242.0,0.0002774193548387,0.0002236764078609,2,1,2024,14,0.8660254037844386,0.5000000000000001,15.0,0.0,0.0,50.0,5.0,5.333333333333333,8.660254037844421,101.649,102.249,3.4,12.29,158185.0,159855.0,9.482567879381737e-05,3.160855959793912e-05
2024-03,Comunitat Valenciana,78,Valencia,99.972,101.232,3.2,12.29,78.0,170499.0,206836.0,0.0004574806890362,0.0003771103676342,3,1,2024,15,1.0,6.123233995736766e-17,43.0,15.0,0.0,25.0,19.333333333333332,12.5,21.825062046494477,104.175,103.69,2.8,12.29,155000.0,158380.0,0.0002774193548387,0.0001240816778775058
2024-04,Comunitat Valenciana,139,Valencia,104.405,100.811,3.3,11.27,139.0,169257.0,207871.0,0.0008212363447302,0.0006686839434072,4,2,2024,16,0.8660254037844387,-0.4999999999999998,78.0,43.0,15.0,76.0,45.333333333333336,25.5,31.56474826976026,99.972,101.232,3.2,12.29,170499.0,161228.0,0.0004574806890362,0.00027657524088957244
2024-05,Comunitat Valenciana,116,Valencia,108.032,100.353,3.6,11.27,116.0,178600.0,216109.0,0.000649496080627,0.000536766168924,5,2,2024,17,0.49999999999999994,-0.8660254037844387,139.0,78.0,43.0,76.0,86.66666666666667,45.833333333333336,48.58326186386966,104.405,100.811,3.3,11.27,169257.0,164918.66666666666,0.0008212363447302,0.0005187121295350334
2024-06,Comunitat Valenciana,246,Valencia,102.129,100.857,3.4,11.27,246.0,173084.0,208109.0,0.0014212752189688,0.0011820728560513,6,2,2024,18,1.2246467991473532e-16,-1.0,116.0,139.0,78.0,25.0,111.0,65.16666666666667,30.805843601498704,108.032,100.353,3.6,11.27,178600.0,172785.33333333334,0.000649496080627,0.0006427377047978
2024-07,Comunitat Valenciana,336,Valencia,107.615,99.89,2.8,11.21,336.0,186191.0,224234.0,0.001804598503687,0.0014984346709241,7,3,2024,19,-0.4999999999999997,-0.8660254037844388,246.0,116.0,139.0,0.0,167.0,106.16666666666667,69.37578828380978,102.129,100.857,3.4,11.27,173084.0,173647.0,0.0014212752189688,0.0009640025481086667
2024-08,Comunitat Valenciana,403,Valencia,78.449,99.159,2.3,11.21,403.0,176663.0,212610.0,0.0022811794207049,0.0018954893937256,8,3,2024,20,-0.8660254037844385,-0.5000000000000004,336.0,246.0,116.0,0.0,232.66666666666666,159.66666666666666,110.60440015358039,107.615,99.89,2.8,11.21,186191.0,179291.66666666666,0.001804598503687,0.0012917899344276
2024-09,Comunitat Valenciana,442,Valencia,102.926,101.1,1.5,11.21,442.0,166212.0,200482.0,0.002659254446129,0.0022046867050408,9,3,2024,21,-1.0,-1.8369701987210297e-16,403.0,336.0,246.0,0.0,328.3333333333333,219.66666666666666,78.78028518184821,78.449,99.159,2.3,11.21,176663.0,178646.0,0.0022811794207049,0.0018356843811202332
2024-10,Comunitat Valenciana,344,Valencia,110.402,102.212,1.8,10.61,344.0,160065.0,197578.0,0.0021491269171898,0.0017410845337031,10,4,2024,22,-0.8660254037844386,0.5000000000000001,442.0,403.0,336.0,17.0,393.6666666666667,280.3333333333333,53.61280941466633,102.926,101.1,1.5,11.21,166212.0,176355.33333333334,0.002659254446129,0.0022483441235069666
2024-11,Comunitat Valenciana,435,Valencia,103.868,99.901,2.4,10.61,435.0,157594.0,191296.0,0.0027602573702044,0.002273962863834,11,4,2024,23,-0.5000000000000004,0.8660254037844384,344.0,442.0,403.0,0.0,396.3333333333333,314.5,49.33896364267629,110.402,102.212,1.8,10.61,160065.0,167646.66666666666,0.0021491269171898,0.0023631869280079
2024-12,Comunitat Valenciana,549,Valencia,92.81,102.184,2.8,10.61,549.0,165596.0,203730.0,0.0033152974709534,0.0026947430422618,12,4,2024,24,-2.4492935982947064e-16,1.0,435.0,344.0,442.0,0.0,407.0,367.6666666666667,54.67174773134658,103.868,99.901,2.4,10.61,157594.0,161290.33333333334,0.0027602573702044,0.0025228795778410667
2025-01,Comunitat Valenciana,462,Valencia,100.252,101.358,2.9,11.36,462.0,156582.0,195623.0,0.0029505307123424,0.0023616854868803,1,1,2025,25,0.49999999999999994,0.8660254037844387,549.0,435.0,344.0,15.0,442.6666666666667,418.1666666666667,102.71481554933219,92.81,102.184,2.8,10.61,165596.0,161085.0,0.0033152974709534,0.002741560586115867
2025-02,Comunitat Valenciana,506,Valencia,101.758,102.243,3.0,11.36,506.0,157842.0,198727.0,0.0032057373829525,0.002546206605041,2,1,2025,26,0.8660254037844386,0.5000000000000001,462.0,549.0,435.0,43.0,482.0,439.1666666666667,59.573484034425896,100.252,101.358,2.9,11.36,156582.0,159924.0,0.0029505307123424,0.0030086951845000667
2025-03,Comunitat Valenciana,538,Valencia,108.195,101.829,2.3,11.36,538.0,163045.0,203667.0,0.0032997025361096,0.0026415668714126,3,1,2025,27,1.0,6.123233995736766e-17,506.0,462.0,549.0,78.0,505.6666666666667,456.3333333333333,43.500957843860526,101.758,102.243,3.0,11.36,157842.0,160006.66666666666,0.0032057373829525,0.0031571885220827663
2025-04,Comunitat Valenciana,673,Valencia,98.442,101.399,2.2,10.29,673.0,170997.0,218913.0,0.0039357415627174,0.003074280650304,4,2,2025,28,0.8660254037844387,-0.4999999999999998,538.0,506.0,462.0,139.0,502.0,472.3333333333333,38.157568056677796,108.195,101.829,2.3,11.36,163045.0,159156.33333333334,0.0032997025361096,0.003151990210468167
2025-05,Comunitat Valenciana,868,Valencia,106.927,102.056,2.0,10.29,868.0,176110.0,228381.0,0.0049287377207427,0.0038006664302196,5,2,2025,29,0.49999999999999994,-0.8660254037844387,673.0,538.0,506.0,116.0,572.3333333333334,527.1666666666666,88.63595959503867,98.442,101.399,2.2,10.29,170997.0,163961.33333333334,0.0039357415627174,0.0034803938272598336
2025-06,Comunitat Valenciana,1045,Valencia,106.826,102.858,2.3,10.29,1045.0,175784.0,231742.0,0.0059447958858599,0.0045093250252435,6,2,2025,30,1.2246467991473532e-16,-1.0,868.0,673.0,538.0,246.0,693.0,599.3333333333334,165.90660023037057,106.927,102.056,2.0,10.29,176110.0,170050.66666666666,0.0049287377207427,0.0040547272731899
2025-07,Comunitat Valenciana,1448,Valencia,110.304,102.457,2.7,10.45,1448.0,192698.0,242029.0,0.0075143488775181,0.0059827541327692,7,3,2025,31,-0.4999999999999997,-0.8660254037844388,1045.0,868.0,673.0,336.0,862.0,682.0,186.07256648952847,106.826,102.858,2.3,10.29,175784.0,174297.0,0.0059447958858599,0.00493642505644
2025-08,Comunitat Valenciana,954,Valencia,78.612,102.328,2.7,10.45,954.0,164780.0,211413.0,0.0057895375652385,0.0045124945012842,8,3,2025,32,-0.8660254037844385,-0.5000000000000004,1448.0,1045.0,868.0,403.0,1120.3333333333333,846.3333333333334,297.24793242903024,110.304,102.457,2.7,10.45,192698.0,181530.66666666666,0.0075143488775181,0.006129294161373567
2025-09,Comunitat Valenciana,900,Valencia,107.429,102.691,3.0,10.45,900.0,167938.0,216959.0,0.0053591206278507,0.0041482492083757,9,3,2025,33,-1.0,-1.8369701987210297e-16,954.0,1448.0,1045.0,442.0,1149.0,921.0,262.9087294100369,78.612,102.328,2.7,10.45,164780.0,177754.0,0.0057895375652385,0.006416227442872166
2025-10,Comunitat Valenciana,955,Valencia,112.085,103.28,3.1,9.93,955.0,174371.0,228413.0,0.0054768281422943,0.0041810229715471,10,4,2025,34,-0.8660254037844386,0.5000000000000001,900.0,954.0,1448.0,344.0,1100.6666666666667,981.3333333333334,302.00882989299066,107.429,102.691,3.0,10.45,167938.0,175138.66666666666,0.0053591206278507,0.0062210023568691
2025-11,Comunitat Valenciana,1162,Valencia,106.113,104.433,3.0,9.93,1162.0,161932.0,212916.0,0.0071758515920262,0.0054575513347987,11,4,2025,35,-0.5000000000000004,0.8660254037844384,955.0,900.0,954.0,435.0,936.3333333333334,1028.3333333333333,31.46956201368879,112.085,103.28,3.1,9.93,174371.0,169029.66666666666,0.0054768281422943,0.005541828778461167
2025-12,Comunitat Valenciana,1273,Valencia,95.598,101.989,2.9,9.93,1273.0,168403.0,221197.0,0.0075592477568689,0.0057550509274538,12,4,2025,36,-2.4492935982947064e-16,1.0,1162.0,955.0,900.0,549.0,1005.6666666666666,1077.3333333333333,138.15329649825014,106.113,104.433,3.0,9.93,161932.0,168080.33333333334,0.0071758515920262,0.006003933454057067
